# Derived from the Unicode Character Database (Unihan 15.1: kTGH, kTotalStrokes zh-Hans value).
# Copyright Unicode, Inc. Unicode License v3 — https://www.unicode.org/license.txt
# codepoint	char	tgh_index	total_strokes
U+4E00	一	1	1
U+4E59	乙	2	1
U+4E8C	二	3	2
U+5341	十	4	2
U+4E01	丁	5	2
U+5382	厂	6	2
U+4E03	七	7	2
U+535C	卜	8	2
U+516B	八	9	2
U+4EBA	人	10	2
U+5165	入	11	2
U+513F	儿	12	2
U+5315	匕	13	2
U+51E0	几	14	2
U+4E5D	九	15	2
U+5201	刁	16	2
U+4E86	了	17	2
U+5200	刀	18	2
U+529B	力	19	2
U+4E43	乃	20	2
U+53C8	又	21	2
U+4E09	三	22	3
U+5E72	干	23	3
U+4E8E	于	24	3
U+4E8F	亏	25	3
U+5DE5	工	26	3
U+571F	土	27	3
U+58EB	士	28	3
U+624D	才	29	3
U+4E0B	下	30	3
U+5BF8	寸	31	3
U+5927	大	32	3
U+4E08	丈	33	3
U+4E0E	与	34	3
U+4E07	万	35	3
U+4E0A	上	36	3
U+5C0F	小	37	3
U+53E3	口	38	3
U+5C71	山	39	3
U+5DFE	巾	40	3
U+5343	千	41	3
U+4E5E	乞	42	3
U+5DDD	川	43	3
U+4EBF	亿	44	3
U+4E2A	个	45	3
U+5915	夕	46	3
U+4E45	久	47	3
U+4E48	么	48	3
U+52FA	勺	49	3
U+51E1	凡	50	3
U+4E38	丸	51	3
U+53CA	及	52	3
U+5E7F	广	53	3
U+4EA1	亡	54	3
U+95E8	门	55	3
U+4E2B	丫	56	3
U+4E49	义	57	3
U+4E4B	之	58	3
U+5C38	尸	59	3
U+5DF1	己	60	3
U+5DF2	已	61	3
U+5DF3	巳	62	3
U+5F13	弓	63	3
U+5B50	子	64	3
U+536B	卫	65	3
U+4E5F	也	66	3
U+5973	女	67	3
U+5203	刃	68	3
U+98DE	飞	69	3
U+4E60	习	70	3
U+53C9	叉	71	3
U+9A6C	马	72	3
U+4E61	乡	73	3
U+4E30	丰	74	4
U+738B	王	75	4
U+5F00	开	76	4
U+4E95	井	77	4
U+5929	天	78	4
U+592B	夫	79	4
U+5143	元	80	4
U+65E0	无	81	4
U+4E91	云	82	4
U+4E13	专	83	4
U+4E10	丐	84	4
U+624E	扎	85	4
U+827A	艺	86	4
U+6728	木	87	4
U+4E94	五	88	4
U+652F	支	89	4
U+5385	厅	90	4
U+4E0D	不	91	4
U+72AC	犬	92	4
U+592A	太	93	4
U+533A	区	94	4
U+5386	历	95	4
U+6B79	歹	96	4
U+53CB	友	97	4
U+5C24	尤	98	4
U+5339	匹	99	4
U+8F66	车	100	4
U+5DE8	巨	101	4
U+7259	牙	102	4
U+5C6F	屯	103	4
U+6208	戈	104	4
U+6BD4	比	105	4
U+4E92	互	106	4
U+5207	切	107	4
U+74E6	瓦	108	4
U+6B62	止	109	4
U+5C11	少	110	4
U+66F0	曰	111	4
U+65E5	日	112	4
U+4E2D	中	113	4
U+8D1D	贝	114	4
U+5188	冈	115	4
U+5185	内	116	4
U+6C34	水	117	4
U+89C1	见	118	4
U+5348	午	119	4
U+725B	牛	120	4
U+624B	手	121	4
U+6C14	气	122	4
U+6BDB	毛	123	4
U+58EC	壬	124	4
U+5347	升	125	4
U+592D	夭	126	4
U+957F	长	127	4
U+4EC1	仁	128	4
U+4EC0	什	129	4
U+7247	片	130	4
U+4EC6	仆	131	4
U+5316	化	132	4
U+4EC7	仇	133	4
U+5E01	币	134	4
U+4ECD	仍	135	4
U+4EC5	仅	136	4
U+65A4	斤	137	4
U+722A	爪	138	4
U+53CD	反	139	4
U+4ECB	介	140	4
U+7236	父	141	4
U+4ECE	从	142	4
U+4ED1	仑	143	4
U+4ECA	今	144	4
U+51F6	凶	145	4
U+5206	分	146	4
U+4E4F	乏	147	4
U+516C	公	148	4
U+4ED3	仓	149	4
U+6708	月	150	4
U+6C0F	氏	151	4
U+52FF	勿	152	4
U+6B20	欠	153	4
U+98CE	风	154	4
U+4E39	丹	155	4
U+5300	匀	156	4
U+4E4C	乌	157	4
U+52FE	勾	158	4
U+51E4	凤	159	4
U+516D	六	160	4
U+6587	文	161	4
U+4EA2	亢	162	4
U+65B9	方	163	4
U+706B	火	164	4
U+4E3A	为	165	4
U+6597	斗	166	4
U+5FC6	忆	167	4
U+8BA1	计	168	4
U+8BA2	订	169	4
U+6237	户	170	4
U+8BA4	认	171	4
U+5197	冗	172	4
U+8BA5	讥	173	4
U+5FC3	心	174	4
U+5C3A	尺	175	4
U+5F15	引	176	4
U+4E11	丑	177	4
U+5DF4	巴	178	4
U+5B54	孔	179	4
U+961F	队	180	4
U+529E	办	181	4
U+4EE5	以	182	4
U+5141	允	183	4
U+4E88	予	184	4
U+9093	邓	185	4
U+529D	劝	186	4
U+53CC	双	187	4
U+4E66	书	188	4
U+5E7B	幻	189	4
U+7389	玉	190	5
U+520A	刊	191	5
U+672A	未	192	5
U+672B	末	193	5
U+793A	示	194	5
U+51FB	击	195	5
U+6253	打	196	5
U+5DE7	巧	197	5
U+6B63	正	198	5
U+6251	扑	199	5
U+5349	卉	200	5
U+6252	扒	201	5
U+529F	功	202	5
U+6254	扔	203	5
U+53BB	去	204	5
U+7518	甘	205	5
U+4E16	世	206	5
U+827E	艾	207	5
U+53E4	古	208	5
U+8282	节	209	5
U+672C	本	210	5
U+672F	术	211	5
U+53EF	可	212	5
U+4E19	丙	213	5
U+5DE6	左	214	5
U+5389	厉	215	5
U+77F3	石	216	5
U+53F3	右	217	5
U+5E03	布	218	5
U+592F	夯	219	5
U+620A	戊	220	5
U+9F99	龙	221	5
U+5E73	平	222	5
U+706D	灭	223	5
U+8F67	轧	224	5
U+4E1C	东	225	5
U+5361	卡	226	5
U+5317	北	227	5
U+5360	占	228	5
U+51F8	凸	229	5
U+5362	卢	230	5
U+4E1A	业	231	5
U+65E7	旧	232	5
U+5E05	帅	233	5
U+5F52	归	234	5
U+65E6	旦	235	5
U+76EE	目	236	5
U+4E14	且	237	5
U+53F6	叶	238	5
U+7532	甲	239	5
U+7533	申	240	5
U+53EE	叮	241	5
U+7535	电	242	5
U+53F7	号	243	5
U+7530	田	244	5
U+7531	由	245	5
U+53EA	只	246	5
U+53ED	叭	247	5
U+53F2	史	248	5
U+592E	央	249	5
U+5144	兄	250	5
U+53FD	叽	251	5
U+53FC	叼	252	5
U+53EB	叫	253	5
U+53E9	叩	254	5
U+53E8	叨	255	5
U+53E6	另	256	5
U+53F9	叹	257	5
U+5189	冉	258	5
U+76BF	皿	259	5
U+51F9	凹	260	5
U+56DA	囚	261	5
U+56DB	四	262	5
U+751F	生	263	5
U+77E2	矢	264	5
U+5931	失	265	5
U+4E4D	乍	266	5
U+79BE	禾	267	5
U+4E18	丘	268	5
U+4ED8	付	269	5
U+4ED7	仗	270	5
U+4EE3	代	271	5
U+4ED9	仙	272	5
U+4EEC	们	273	5
U+4EEA	仪	274	5
U+767D	白	275	5
U+4ED4	仔	276	5
U+4ED6	他	277	5
U+65A5	斥	278	5
U+74DC	瓜	279	5
U+4E4E	乎	280	5
U+4E1B	丛	281	5
U+4EE4	令	282	5
U+7528	用	283	5
U+7529	甩	284	5
U+5370	印	285	5
U+5C14	尔	286	5
U+4E50	乐	287	5
U+53E5	句	288	5
U+5306	匆	289	5
U+518C	册	290	5
U+536F	卯	291	5
U+72AF	犯	292	5
U+5916	外	293	5
U+5904	处	294	5
U+51AC	冬	295	5
U+9E1F	鸟	296	5
U+52A1	务	297	5
U+5305	包	298	5
U+9965	饥	299	5
U+4E3B	主	300	5
U+5E02	市	301	5
U+7ACB	立	302	5
U+51AF	冯	303	5
U+7384	玄	304	5
U+95EA	闪	305	5
U+5170	兰	306	5
U+534A	半	307	5
U+6C41	汁	308	5
U+6C47	汇	309	5
U+5934	头	310	5
U+6C49	汉	311	5
U+5B81	宁	312	5
U+7A74	穴	313	5
U+5B83	它	314	5
U+8BA8	讨	315	5
U+5199	写	316	5
U+8BA9	让	317	5
U+793C	礼	318	5
U+8BAD	训	319	5
U+8BAE	议	320	5
U+5FC5	必	321	5
U+8BAF	讯	322	5
U+8BB0	记	323	5
U+6C38	永	324	5
U+53F8	司	325	5
U+5C3C	尼	326	5
U+6C11	民	327	5
U+5F17	弗	328	5
U+5F18	弘	329	5
U+51FA	出	330	5
U+8FBD	辽	331	5
U+5976	奶	332	5
U+5974	奴	333	5
U+53EC	召	334	5
U+52A0	加	335	5
U+76AE	皮	336	5
U+8FB9	边	337	5
U+5B55	孕	338	5
U+53D1	发	339	5
U+5723	圣	340	5
U+5BF9	对	341	5
U+53F0	台	342	5
U+77DB	矛	343	5
U+7EA0	纠	344	5
U+6BCD	母	345	5
U+5E7C	幼	346	5
U+4E1D	丝	347	5
U+90A6	邦	348	6
U+5F0F	式	349	6
U+8FC2	迂	350	6
U+5211	刑	351	6
U+620E	戎	352	6
U+52A8	动	353	6
U+625B	扛	354	6
U+5BFA	寺	355	6
U+5409	吉	356	6
U+6263	扣	357	6
U+8003	考	358	6
U+6258	托	359	6
U+8001	老	360	6
U+5DE9	巩	361	6
U+573E	圾	362	6
U+6267	执	363	6
U+6269	扩	364	6
U+626B	扫	365	6
U+5730	地	366	6
U+573A	场	367	6
U+626C	扬	368	6
U+8033	耳	369	6
U+828B	芋	370	6
U+5171	共	371	6
U+8292	芒	372	6
U+4E9A	亚	373	6
U+829D	芝	374	6
U+673D	朽	375	6
U+6734	朴	376	6
U+673A	机	377	6
U+6743	权	378	6
U+8FC7	过	379	6
U+81E3	臣	380	6
U+540F	吏	381	6
U+518D	再	382	6
U+534F	协	383	6
U+897F	西	384	6
U+538B	压	385	6
U+538C	厌	386	6
U+620C	戌	387	6
U+5728	在	388	6
U+767E	百	389	6
U+6709	有	390	6
U+5B58	存	391	6
U+800C	而	392	6
U+9875	页	393	6
U+5320	匠	394	6
U+5938	夸	395	6
U+593A	夺	396	6
U+7070	灰	397	6
U+8FBE	达	398	6
U+5217	列	399	6
U+6B7B	死	400	6
U+6210	成	401	6
U+5939	夹	402	6
U+5937	夷	403	6
U+8F68	轨	404	6
U+90AA	邪	405	6
U+5C27	尧	406	6
U+5212	划	407	6
U+8FC8	迈	408	6
U+6BD5	毕	409	6
U+81F3	至	410	6
U+6B64	此	411	6
U+8D1E	贞	412	6
U+5E08	师	413	6
U+5C18	尘	414	6
U+5C16	尖	415	6
U+52A3	劣	416	6
U+5149	光	417	6
U+5F53	当	418	6
U+65E9	早	419	6
U+5401	吁	420	6
U+5410	吐	421	6
U+5413	吓	422	6
U+866B	虫	423	6
U+66F2	曲	424	6
U+56E2	团	425	6
U+5415	吕	426	6
U+540C	同	427	6
U+540A	吊	428	6
U+5403	吃	429	6
U+56E0	因	430	6
U+5438	吸	431	6
U+5417	吗	432	6
U+5406	吆	433	6
U+5C7F	屿	434	6
U+5C79	屹	435	6
U+5C81	岁	436	6
U+5E06	帆	437	6
U+56DE	回	438	6
U+5C82	岂	439	6
U+5219	则	440	6
U+521A	刚	441	6
U+7F51	网	442	6
U+8089	肉	443	6
U+5E74	年	444	6
U+6731	朱	445	6
U+5148	先	446	6
U+4E22	丢	447	6
U+5EF7	廷	448	6
U+820C	舌	449	6
U+7AF9	竹	450	6
U+8FC1	迁	451	6
U+4E54	乔	452	6
U+8FC4	迄	453	6
U+4F1F	伟	454	6
U+4F20	传	455	6
U+4E52	乒	456	6
U+4E53	乓	457	6
U+4F11	休	458	6
U+4F0D	伍	459	6
U+4F0F	伏	460	6
U+4F18	优	461	6
U+81FC	臼	462	6
U+4F10	伐	463	6
U+5EF6	延	464	6
U+4EF2	仲	465	6
U+4EF6	件	466	6
U+4EFB	任	467	6
U+4F24	伤	468	6
U+4EF7	价	469	6
U+4F26	伦	470	6
U+4EFD	份	471	6
U+534E	华	472	6
U+4EF0	仰	473	6
U+4EFF	仿	474	6
U+4F19	伙	475	6
U+4F2A	伪	476	6
U+81EA	自	477	6
U+4F0A	伊	478	6
U+8840	血	479	6
U+5411	向	480	6
U+4F3C	似	481	6
U+540E	后	482	6
U+884C	行	483	6
U+821F	舟	484	6
U+5168	全	485	6
U+4F1A	会	486	6
U+6740	杀	487	6
U+5408	合	488	6
U+5146	兆	489	6
U+4F01	企	490	6
U+4F17	众	491	6
U+7237	爷	492	6
U+4F1E	伞	493	6
U+521B	创	494	6
U+808C	肌	495	6
U+808B	肋	496	6
U+6735	朵	497	6
U+6742	杂	498	6
U+5371	危	499	6
U+65EC	旬	500	6
U+65E8	旨	501	6
U+65ED	旭	502	6
U+8D1F	负	503	6
U+5308	匈	504	6
U+540D	名	505	6
U+5404	各	506	6
U+591A	多	507	6
U+4E89	争	508	6
U+8272	色	509	6
U+58EE	壮	510	6
U+51B2	冲	511	6
U+5986	妆	512	6
U+51B0	冰	513	6
U+5E84	庄	514	6
U+5E86	庆	515	6
U+4EA6	亦	516	6
U+5218	刘	517	6
U+9F50	齐	518	6
U+4EA4	交	519	6
U+8863	衣	520	6
U+6B21	次	521	6
U+4EA7	产	522	6
U+51B3	决	523	6
U+4EA5	亥	524	6
U+5145	充	525	6
U+5984	妄	526	6
U+95ED	闭	527	6
U+95EE	问	528	6
U+95EF	闯	529	6
U+7F8A	羊	530	6
U+5E76	并	531	6
U+5173	关	532	6
U+7C73	米	533	6
U+706F	灯	534	6
U+5DDE	州	535	6
U+6C57	汗	536	6
U+6C61	污	537	6
U+6C5F	江	538	6
U+6C5B	汛	539	6
U+6C60	池	540	6
U+6C5D	汝	541	6
U+6C64	汤	542	6
U+5FD9	忙	543	6
U+5174	兴	544	6
U+5B87	宇	545	6
U+5B88	守	546	6
U+5B85	宅	547	6
U+5B57	字	548	6
U+5B89	安	549	6
U+8BB2	讲	550	6
U+8BB3	讳	551	6
U+519B	军	552	6
U+8BB6	讶	553	6
U+8BB8	许	554	6
U+8BB9	讹	555	6
U+8BBA	论	556	6
U+8BBC	讼	557	6
U+519C	农	558	6
U+8BBD	讽	559	6
U+8BBE	设	560	6
U+8BBF	访	561	6
U+8BC0	诀	562	6
U+5BFB	寻	563	6
U+90A3	那	564	6
U+8FC5	迅	565	6
U+5C3D	尽	566	6
U+5BFC	导	567	6
U+5F02	异	568	6
U+5F1B	弛	569	6
U+5B59	孙	570	6
U+9635	阵	571	6
U+9633	阳	572	6
U+6536	收	573	6
U+9636	阶	574	6
U+9634	阴	575	6
U+9632	防	576	6
U+5978	奸	577	6
U+5982	如	578	6
U+5987	妇	579	6
U+5983	妃	580	6
U+597D	好	581	6
U+5979	她	582	6
U+5988	妈	583	6
U+620F	戏	584	6
U+7FBD	羽	585	6
U+89C2	观	586	6
U+6B22	欢	587	6
U+4E70	买	588	6
U+7EA2	红	589	6
U+9A6E	驮	590	6
U+7EA4	纤	591	6
U+9A6F	驯	592	6
U+7EA6	约	593	6
U+7EA7	级	594	6
U+7EAA	纪	595	6
U+9A70	驰	596	6
U+7EAB	纫	597	6
U+5DE1	巡	598	6
U+5BFF	寿	599	7
U+5F04	弄	600	7
U+9EA6	麦	601	7
U+7396	玖	602	7
U+739B	玛	603	7
U+5F62	形	604	7
U+8FDB	进	605	7
U+6212	戒	606	7
U+541E	吞	607	7
U+8FDC	远	608	7
U+8FDD	违	609	7
U+97E7	韧	610	7
U+8FD0	运	611	7
U+6276	扶	612	7
U+629A	抚	613	7
U+575B	坛	614	7
U+6280	技	615	7
U+574F	坏	616	7
U+62A0	抠	617	7
U+6270	扰	618	7
U+627C	扼	619	7
U+62D2	拒	620	7
U+627E	找	621	7
U+6279	批	622	7
U+5740	址	623	7
U+626F	扯	624	7
U+8D70	走	625	7
U+6284	抄	626	7
U+8D21	贡	627	7
U+6C5E	汞	628	7
U+575D	坝	629	7
U+653B	攻	630	7
U+8D64	赤	631	7
U+6298	折	632	7
U+6293	抓	633	7
U+6273	扳	634	7
U+62A1	抡	635	7
U+626E	扮	636	7
U+62A2	抢	637	7
U+5B5D	孝	638	7
U+574E	坎	639	7
U+5747	均	640	7
U+6291	抑	641	7
U+629B	抛	642	7
U+6295	投	643	7
U+575F	坟	644	7
U+5751	坑	645	7
U+6297	抗	646	7
U+574A	坊	647	7
U+6296	抖	648	7
U+62A4	护	649	7
U+58F3	壳	650	7
U+5FD7	志	651	7
U+5757	块	652	7
U+626D	扭	653	7
U+58F0	声	654	7
U+628A	把	655	7
U+62A5	报	656	7
U+62DF	拟	657	7
U+5374	却	658	7
U+6292	抒	659	7
U+52AB	劫	660	7
U+8299	芙	661	7
U+829C	芜	662	7
U+82C7	苇	663	7
U+82BD	芽	664	7
U+82B1	花	665	7
U+82B9	芹	666	7
U+82A5	芥	667	7
U+82AC	芬	668	7
U+82CD	苍	669	7
U+82B3	芳	670	7
U+4E25	严	671	7
U+82A6	芦	672	7
U+82AF	芯	673	7
U+52B3	劳	674	7
U+514B	克	675	7
U+82AD	芭	676	7
U+82CF	苏	677	7
U+6746	杆	678	7
U+6760	杠	679	7
U+675C	杜	680	7
U+6750	材	681	7
U+6751	村	682	7
U+6756	杖	683	7
U+674F	杏	684	7
U+6749	杉	685	7
U+5DEB	巫	686	7
U+6781	极	687	7
U+674E	李	688	7
U+6768	杨	689	7
U+6C42	求	690	7
U+752B	甫	691	7
U+5323	匣	692	7
U+66F4	更	693	7
U+675F	束	694	7
U+543E	吾	695	7
U+8C46	豆	696	7
U+4E24	两	697	7
U+9149	酉	698	7
U+4E3D	丽	699	7
U+533B	医	700	7
U+8FB0	辰	701	7
U+52B1	励	702	7
U+5426	否	703	7
U+8FD8	还	704	7
U+5C2C	尬	705	7
U+6B7C	歼	706	7
U+6765	来	707	7
U+8FDE	连	708	7
U+8F69	轩	709	7
U+6B65	步	710	7
U+5364	卤	711	7
U+575A	坚	712	7
U+8096	肖	713	7
U+65F1	旱	714	7
U+76EF	盯	715	7
U+5448	呈	716	7
U+65F6	时	717	7
U+5434	吴	718	7
U+52A9	助	719	7
U+53BF	县	720	7
U+91CC	里	721	7
U+5446	呆	722	7
U+5431	吱	723	7
U+5420	吠	724	7
U+5455	呕	725	7
U+56ED	园	726	7
U+65F7	旷	727	7
U+56F4	围	728	7
U+5440	呀	729	7
U+5428	吨	730	7
U+8DB3	足	731	7
U+90AE	邮	732	7
U+7537	男	733	7
U+56F0	困	734	7
U+5435	吵	735	7
U+4E32	串	736	7
U+5458	员	737	7
U+5450	呐	738	7
U+542C	听	739	7
U+541F	吟	740	7
U+5429	吩	741	7
U+545B	呛	742	7
U+543B	吻	743	7
U+5439	吹	744	7
U+545C	呜	745	7
U+542D	吭	746	7
U+5427	吧	747	7
U+9091	邑	748	7
U+543C	吼	749	7
U+56E4	囤	750	7
U+522B	别	751	7
U+542E	吮	752	7
U+5C96	岖	753	7
U+5C97	岗	754	7
U+5E10	帐	755	7
U+8D22	财	756	7
U+9488	针	757	7
U+9489	钉	758	7
U+7261	牡	759	7
U+544A	告	760	7
U+6211	我	761	7
U+4E71	乱	762	7
U+5229	利	763	7
U+79C3	秃	764	7
U+79C0	秀	765	7
U+79C1	私	766	7
U+6BCF	每	767	7
U+5175	兵	768	7
U+4F30	估	769	7
U+4F53	体	770	7
U+4F55	何	771	7
U+4F50	佐	772	7
U+4F51	佑	773	7
U+4F46	但	774	7
U+4F38	伸	775	7
U+4F43	佃	776	7
U+4F5C	作	777	7
U+4F2F	伯	778	7
U+4F36	伶	779	7
U+4F63	佣	780	7
U+4F4E	低	781	7
U+4F60	你	782	7
U+4F4F	住	783	7
U+4F4D	位	784	7
U+4F34	伴	785	7
U+8EAB	身	786	7
U+7682	皂	787	7
U+4F3A	伺	788	7
U+4F5B	佛	789	7
U+56F1	囱	790	7
U+8FD1	近	791	7
U+5F7B	彻	792	7
U+5F79	役	793	7
U+8FD4	返	794	7
U+4F59	余	795	7
U+5E0C	希	796	7
U+5750	坐	797	7
U+8C37	谷	798	7
U+59A5	妥	799	7
U+542B	含	800	7
U+90BB	邻	801	7
U+5C94	岔	802	7
U+809D	肝	803	7
U+809B	肛	804	7
U+809A	肚	805	7
U+8098	肘	806	7
U+80A0	肠	807	7
U+9F9F	龟	808	7
U+7538	甸	809	7
U+514D	免	810	7
U+72C2	狂	811	7
U+72B9	犹	812	7
U+72C8	狈	813	7
U+89D2	角	814	7
U+5220	删	815	7
U+6761	条	816	7
U+5F64	彤	817	7
U+5375	卵	818	7
U+7078	灸	819	7
U+5C9B	岛	820	7
U+5228	刨	821	7
U+8FCE	迎	822	7
U+996D	饭	823	7
U+996E	饮	824	7
U+7CFB	系	825	7
U+8A00	言	826	7
U+51BB	冻	827	7
U+72B6	状	828	7
U+4EA9	亩	829	7
U+51B5	况	830	7
U+5E8A	床	831	7
U+5E93	库	832	7
U+5E87	庇	833	7
U+7597	疗	834	7
U+541D	吝	835	7
U+5E94	应	836	7
U+8FD9	这	837	7
U+51B7	冷	838	7
U+5E90	庐	839	7
U+5E8F	序	840	7
U+8F9B	辛	841	7
U+5F03	弃	842	7
U+51B6	冶	843	7
U+5FD8	忘	844	7
U+95F0	闰	845	7
U+95F2	闲	846	7
U+95F4	间	847	7
U+95F7	闷	848	7
U+5224	判	849	7
U+5151	兑	850	7
U+7076	灶	851	7
U+707F	灿	852	7
U+707C	灼	853	7
U+5F1F	弟	854	7
U+6C6A	汪	855	7
U+6C90	沐	856	7
U+6C9B	沛	857	7
U+6C70	汰	858	7
U+6CA5	沥	859	7
U+6C99	沙	860	7
U+6C7D	汽	861	7
U+6C83	沃	862	7
U+6CA6	沦	863	7
U+6C79	汹	864	7
U+6CDB	泛	865	7
U+6CA7	沧	866	7
U+6CA1	没	867	7
U+6C9F	沟	868	7
U+6CAA	沪	869	7
U+6C88	沈	870	7
U+6C89	沉	871	7
U+6C81	沁	872	7
U+6000	怀	873	7
U+5FE7	忧	874	7
U+5FF1	忱	875	7
U+5FEB	快	876	7
U+5B8C	完	877	7
U+5B8B	宋	878	7
U+5B8F	宏	879	7
U+7262	牢	880	7
U+7A76	究	881	7
U+7A77	穷	882	7
U+707E	灾	883	7
U+826F	良	884	7
U+8BC1	证	885	7
U+542F	启	886	7
U+8BC4	评	887	7
U+8865	补	888	7
U+521D	初	889	7
U+793E	社	890	7
U+7940	祀	891	7
U+8BC6	识	892	7
U+8BC8	诈	893	7
U+8BC9	诉	894	7
U+7F55	罕	895	7
U+8BCA	诊	896	7
U+8BCD	词	897	7
U+8BD1	译	898	7
U+541B	君	899	7
U+7075	灵	900	7
U+5373	即	901	7
U+5C42	层	902	7
U+5C41	屁	903	7
U+5C3F	尿	904	7
U+5C3E	尾	905	7
U+8FDF	迟	906	7
U+5C40	局	907	7
U+6539	改	908	7
U+5F20	张	909	7
U+5FCC	忌	910	7
U+9645	际	911	7
U+9646	陆	912	7
U+963F	阿	913	7
U+9648	陈	914	7
U+963B	阻	915	7
U+9644	附	916	7
U+5760	坠	917	7
U+5993	妓	918	7
U+5999	妙	919	7
U+5996	妖	920	7
U+59CA	姊	921	7
U+59A8	妨	922	7
U+5992	妒	923	7
U+52AA	努	924	7
U+5FCD	忍	925	7
U+52B2	劲	926	7
U+77E3	矣	927	7
U+9E21	鸡	928	7
U+7EAC	纬	929	7
U+9A71	驱	930	7
U+7EAF	纯	931	7
U+7EB1	纱	932	7
U+7EB2	纲	933	7
U+7EB3	纳	934	7
U+9A73	驳	935	7
U+7EB5	纵	936	7
U+7EB7	纷	937	7
U+7EB8	纸	938	7
U+7EB9	纹	939	7
U+7EBA	纺	940	7
U+9A74	驴	941	7
U+7EBD	纽	942	7
U+5949	奉	943	8
U+73A9	玩	944	8
U+73AF	环	945	8
U+6B66	武	946	8
U+9752	青	947	8
U+8D23	责	948	8
U+73B0	现	949	8
U+73AB	玫	950	8
U+8868	表	951	8
U+89C4	规	952	8
U+62B9	抹	953	8
U+5366	卦	954	8
U+5777	坷	955	8
U+576F	坯	956	8
U+62D3	拓	957	8
U+62E2	拢	958	8
U+62D4	拔	959	8
U+576A	坪	960	8
U+62E3	拣	961	8
U+5766	坦	962	8
U+62C5	担	963	8
U+5764	坤	964	8
U+62BC	押	965	8
U+62BD	抽	966	8
U+62D0	拐	967	8
U+62D6	拖	968	8
U+8005	者	969	8
U+62CD	拍	970	8
U+9876	顶	971	8
U+62C6	拆	972	8
U+62CE	拎	973	8
U+62E5	拥	974	8
U+62B5	抵	975	8
U+62D8	拘	976	8
U+52BF	势	977	8
U+62B1	抱	978	8
U+62C4	拄	979	8
U+5783	垃	980	8
U+62C9	拉	981	8
U+62E6	拦	982	8
U+5E78	幸	983	8
U+62CC	拌	984	8
U+62E7	拧	985	8
U+62C2	拂	986	8
U+62D9	拙	987	8
U+62DB	招	988	8
U+5761	坡	989	8
U+62AB	披	990	8
U+62E8	拨	991	8
U+62E9	择	992	8
U+62AC	抬	993	8
U+62C7	拇	994	8
U+62D7	拗	995	8
U+5176	其	996	8
U+53D6	取	997	8
U+8309	茉	998	8
U+82E6	苦	999	8
U+6614	昔	1000	8
U+82DB	苛	1001	8
U+82E5	若	1002	8
U+8302	茂	1003	8
U+82F9	苹	1004	8
U+82D7	苗	1005	8
U+82F1	英	1006	8
U+82DF	苟	1007	8
U+82D1	苑	1008	8
U+82DE	苞	1009	8
U+8303	范	1010	8
U+76F4	直	1011	8
U+8301	茁	1012	8
U+8304	茄	1013	8
U+830E	茎	1014	8
U+82D4	苔	1015	8
U+8305	茅	1016	8
U+6789	枉	1017	8
U+6797	林	1018	8
U+679D	枝	1019	8
U+676F	杯	1020	8
U+67A2	枢	1021	8
U+67DC	柜	1022	8
U+679A	枚	1023	8
U+6790	析	1024	8
U+677F	板	1025	8
U+677E	松	1026	8
U+67AA	枪	1027	8
U+67AB	枫	1028	8
U+6784	构	1029	8
U+676D	杭	1030	8
U+6770	杰	1031	8
U+8FF0	述	1032	8
U+6795	枕	1033	8
U+4E27	丧	1034	8
U+6216	或	1035	8
U+753B	画	1036	8
U+5367	卧	1037	8
U+4E8B	事	1038	8
U+523A	刺	1039	8
U+67A3	枣	1040	8
U+96E8	雨	1041	8
U+5356	卖	1042	8
U+90C1	郁	1043	8
U+77FE	矾	1044	8
U+77FF	矿	1045	8
U+7801	码	1046	8
U+5395	厕	1047	8
U+5948	奈	1048	8
U+5954	奔	1049	8
U+5947	奇	1050	8
U+594B	奋	1051	8
U+6001	态	1052	8
U+6B27	欧	1053	8
U+6BB4	殴	1054	8
U+5784	垄	1055	8
U+59BB	妻	1056	8
U+8F70	轰	1057	8
U+9877	顷	1058	8
U+8F6C	转	1059	8
U+65A9	斩	1060	8
U+8F6E	轮	1061	8
U+8F6F	软	1062	8
U+5230	到	1063	8
U+975E	非	1064	8
U+53D4	叔	1065	8
U+6B67	歧	1066	8
U+80AF	肯	1067	8
U+9F7F	齿	1068	8
U+4E9B	些	1069	8
U+5353	卓	1070	8
U+864E	虎	1071	8
U+864F	虏	1072	8
U+80BE	肾	1073	8
U+8D24	贤	1074	8
U+5C1A	尚	1075	8
U+65FA	旺	1076	8
U+5177	具	1077	8
U+5473	味	1078	8
U+679C	果	1079	8
U+6606	昆	1080	8
U+56FD	国	1081	8
U+54CE	哎	1082	8
U+5495	咕	1083	8
U+660C	昌	1084	8
U+5475	呵	1085	8
U+7545	畅	1086	8
U+660E	明	1087	8
U+6613	易	1088	8
U+5499	咙	1089	8
U+6602	昂	1090	8
U+8FEA	迪	1091	8
U+5178	典	1092	8
U+56FA	固	1093	8
U+5FE0	忠	1094	8
U+547B	呻	1095	8
U+5492	咒	1096	8
U+548B	咋	1097	8
U+5490	咐	1098	8
U+547C	呼	1099	8
U+9E23	鸣	1100	8
U+548F	咏	1101	8
U+5462	呢	1102	8
U+5484	咄	1103	8
U+5496	咖	1104	8
U+5CB8	岸	1105	8
U+5CA9	岩	1106	8
U+5E16	帖	1107	8
U+7F57	罗	1108	8
U+5E1C	帜	1109	8
U+5E15	帕	1110	8
U+5CAD	岭	1111	8
U+51EF	凯	1112	8
U+8D25	败	1113	8
U+8D26	账	1114	8
U+8D29	贩	1115	8
U+8D2C	贬	1116	8
U+8D2D	购	1117	8
U+8D2E	贮	1118	8
U+56FE	图	1119	8
U+9493	钓	1120	8
U+5236	制	1121	8
U+77E5	知	1122	8
U+8FED	迭	1123	8
U+6C1B	氛	1124	8
U+5782	垂	1125	8
U+7267	牧	1126	8
U+7269	物	1127	8
U+4E56	乖	1128	8
U+522E	刮	1129	8
U+79C6	秆	1130	8
U+548C	和	1131	8
U+5B63	季	1132	8
U+59D4	委	1133	8
U+79C9	秉	1134	8
U+4F73	佳	1135	8
U+4F8D	侍	1136	8
U+5CB3	岳	1137	8
U+4F9B	供	1138	8
U+4F7F	使	1139	8
U+4F8B	例	1140	8
U+4FA0	侠	1141	8
U+4FA5	侥	1142	8
U+7248	版	1143	8
U+4F84	侄	1144	8
U+4FA6	侦	1145	8
U+4FA3	侣	1146	8
U+4FA7	侧	1147	8
U+51ED	凭	1148	8
U+4FA8	侨	1149	8
U+4F69	佩	1150	8
U+8D27	货	1151	8
U+4F88	侈	1152	8
U+4F9D	依	1153	8
U+5351	卑	1154	8
U+7684	的	1155	8
U+8FEB	迫	1156	8
U+8D28	质	1157	8
U+6B23	欣	1158	8
U+5F81	征	1159	8
U+5F80	往	1160	8
U+722C	爬	1161	8
U+5F7C	彼	1162	8
U+5F84	径	1163	8
U+6240	所	1164	8
U+820D	舍	1165	8
U+91D1	金	1166	8
U+5239	刹	1167	8
U+547D	命	1168	8
U+80B4	肴	1169	8
U+65A7	斧	1170	8
U+7238	爸	1171	8
U+91C7	采	1172	8
U+89C5	觅	1173	8
U+53D7	受	1174	8
U+4E73	乳	1175	8
U+8D2A	贪	1176	8
U+5FF5	念	1177	8
U+8D2B	贫	1178	8
U+5FFF	忿	1179	8
U+80A4	肤	1180	8
U+80BA	肺	1181	8
U+80A2	肢	1182	8
U+80BF	肿	1183	8
U+80C0	胀	1184	8
U+670B	朋	1185	8
U+80A1	股	1186	8
U+80AE	肮	1187	8
U+80AA	肪	1188	8
U+80A5	肥	1189	8
U+670D	服	1190	8
U+80C1	胁	1191	8
U+5468	周	1192	8
U+660F	昏	1193	8
U+9C7C	鱼	1194	8
U+5154	兔	1195	8
U+72D0	狐	1196	8
U+5FFD	忽	1197	8
U+72D7	狗	1198	8
U+72DE	狞	1199	8
U+5907	备	1200	8
U+9970	饰	1201	8
U+9971	饱	1202	8
U+9972	饲	1203	8
U+53D8	变	1204	8
U+4EAC	京	1205	8
U+4EAB	享	1206	8
U+5E9E	庞	1207	8
U+5E97	店	1208	8
U+591C	夜	1209	8
U+5E99	庙	1210	8
U+5E9C	府	1211	8
U+5E95	底	1212	8
U+759F	疟	1213	8
U+7599	疙	1214	8
U+759A	疚	1215	8
U+5242	剂	1216	8
U+5352	卒	1217	8
U+90CA	郊	1218	8
U+5E9A	庚	1219	8
U+5E9F	废	1220	8
U+51C0	净	1221	8
U+76F2	盲	1222	8
U+653E	放	1223	8
U+523B	刻	1224	8
U+80B2	育	1225	8
U+6C13	氓	1226	8
U+95F8	闸	1227	8
U+95F9	闹	1228	8
U+90D1	郑	1229	8
U+5238	券	1230	8
U+5377	卷	1231	8
U+5355	单	1232	8
U+70AC	炬	1233	8
U+7092	炒	1234	8
U+708A	炊	1235	8
U+7095	炕	1236	8
U+708E	炎	1237	8
U+7089	炉	1238	8
U+6CAB	沫	1239	8
U+6D45	浅	1240	8
U+6CD5	法	1241	8
U+6CC4	泄	1242	8
U+6CBD	沽	1243	8
U+6CB3	河	1244	8
U+6CBE	沾	1245	8
U+6CEA	泪	1246	8
U+6CAE	沮	1247	8
U+6CB9	油	1248	8
U+6CCA	泊	1249	8
U+6CBF	沿	1250	8
U+6CE1	泡	1251	8
U+6CE8	注	1252	8
U+6CE3	泣	1253	8
U+6CDE	泞	1254	8
U+6CFB	泻	1255	8
U+6CCC	泌	1256	8
U+6CF3	泳	1257	8
U+6CE5	泥	1258	8
U+6CB8	沸	1259	8
U+6CBC	沼	1260	8
U+6CE2	波	1261	8
U+6CFC	泼	1262	8
U+6CFD	泽	1263	8
U+6CBB	治	1264	8
U+6014	怔	1265	8
U+602F	怯	1266	8
U+6016	怖	1267	8
U+6027	性	1268	8
U+6015	怕	1269	8
U+601C	怜	1270	8
U+602A	怪	1271	8
U+6021	怡	1272	8
U+5B66	学	1273	8
U+5B9D	宝	1274	8
U+5B97	宗	1275	8
U+5B9A	定	1276	8
U+5BA0	宠	1277	8
U+5B9C	宜	1278	8
U+5BA1	审	1279	8
U+5B99	宙	1280	8
U+5B98	官	1281	8
U+7A7A	空	1282	8
U+5E18	帘	1283	8
U+5B9B	宛	1284	8
U+5B9E	实	1285	8
U+8BD5	试	1286	8
U+90CE	郎	1287	8
U+8BD7	诗	1288	8
U+80A9	肩	1289	8
U+623F	房	1290	8
U+8BDA	诚	1291	8
U+886C	衬	1292	8
U+886B	衫	1293	8
U+89C6	视	1294	8
U+7948	祈	1295	8
U+8BDD	话	1296	8
U+8BDE	诞	1297	8
U+8BE1	诡	1298	8
U+8BE2	询	1299	8
U+8BE5	该	1300	8
U+8BE6	详	1301	8
U+5EFA	建	1302	8
U+8083	肃	1303	8
U+5F55	录	1304	8
U+96B6	隶	1305	8
U+5E1A	帚	1306	8
U+5C49	屉	1307	8
U+5C45	居	1308	8
U+5C4A	届	1309	8
U+5237	刷	1310	8
U+5C48	屈	1311	8
U+5F27	弧	1312	8
U+5F25	弥	1313	8
U+5F26	弦	1314	8
U+627F	承	1315	8
U+5B5F	孟	1316	8
U+964B	陋	1317	8
U+964C	陌	1318	8
U+5B64	孤	1319	8
U+9655	陕	1320	8
U+964D	降	1321	8
U+51FD	函	1322	8
U+9650	限	1323	8
U+59B9	妹	1324	8
U+59D1	姑	1325	8
U+59D0	姐	1326	8
U+59D3	姓	1327	8
U+59AE	妮	1328	8
U+59CB	始	1329	8
U+59C6	姆	1330	8
U+8FE2	迢	1331	8
U+9A7E	驾	1332	8
U+53C1	叁	1333	8
U+53C2	参	1334	8
U+8270	艰	1335	8
U+7EBF	线	1336	8
U+7EC3	练	1337	8
U+7EC4	组	1338	8
U+7EC5	绅	1339	8
U+7EC6	细	1340	8
U+9A76	驶	1341	8
U+7EC7	织	1342	8
U+9A79	驹	1343	8
U+7EC8	终	1344	8
U+9A7B	驻	1345	8
U+7ECA	绊	1346	8
U+9A7C	驼	1347	8
U+7ECD	绍	1348	8
U+7ECE	绎	1349	8
U+7ECF	经	1350	8
U+8D2F	贯	1351	8
U+5951	契	1352	9
U+8D30	贰	1353	9
U+594F	奏	1354	9
U+6625	春	1355	9
U+5E2E	帮	1356	9
U+73B7	玷	1357	9
U+73CD	珍	1358	9
U+73B2	玲	1359	9
U+73CA	珊	1360	9
U+73BB	玻	1361	9
U+6BD2	毒	1362	9
U+578B	型	1363	9
U+62ED	拭	1364	9
U+6302	挂	1365	9
U+5C01	封	1366	9
U+6301	持	1367	9
U+62F7	拷	1368	9
U+62F1	拱	1369	9
U+9879	项	1370	9
U+57AE	垮	1371	9
U+630E	挎	1372	9
U+57CE	城	1373	9
U+631F	挟	1374	9
U+6320	挠	1375	9
U+653F	政	1376	9
U+8D74	赴	1377	9
U+8D75	赵	1378	9
U+6321	挡	1379	9
U+62FD	拽	1380	9
U+54C9	哉	1381	9
U+633A	挺	1382	9
U+62EC	括	1383	9
U+57A2	垢	1384	9
U+62F4	拴	1385	9
U+62FE	拾	1386	9
U+6311	挑	1387	9
U+579B	垛	1388	9
U+6307	指	1389	9
U+57AB	垫	1390	9
U+6323	挣	1391	9
U+6324	挤	1392	9
U+62FC	拼	1393	9
U+6316	挖	1394	9
U+6309	按	1395	9
U+6325	挥	1396	9
U+632A	挪	1397	9
U+62EF	拯	1398	9
U+67D0	某	1399	9
U+751A	甚	1400	9
U+8346	荆	1401	9
U+8338	茸	1402	9
U+9769	革	1403	9
U+832C	茬	1404	9
U+8350	荐	1405	9
U+5DF7	巷	1406	9
U+5E26	带	1407	9
U+8349	草	1408	9
U+8327	茧	1409	9
U+8335	茵	1410	9
U+8336	茶	1411	9
U+8352	荒	1412	9
U+832B	茫	1413	9
U+8361	荡	1414	9
U+8363	荣	1415	9
U+8364	荤	1416	9
U+8367	荧	1417	9
U+6545	故	1418	9
U+80E1	胡	1419	9
U+836B	荫	1420	9
U+8354	荔	1421	9
U+5357	南	1422	9
U+836F	药	1423	9
U+6807	标	1424	9
U+6808	栈	1425	9
U+67D1	柑	1426	9
U+67AF	枯	1427	9
U+67C4	柄	1428	9
U+680B	栋	1429	9
U+76F8	相	1430	9
U+67E5	查	1431	9
U+67CF	柏	1432	9
U+6805	栅	1433	9
U+67F3	柳	1434	9
U+67F1	柱	1435	9
U+67FF	柿	1436	9
U+680F	栏	1437	9
U+67E0	柠	1438	9
U+6811	树	1439	9
U+52C3	勃	1440	9
U+8981	要	1441	9
U+67EC	柬	1442	9
U+54B8	咸	1443	9
U+5A01	威	1444	9
U+6B6A	歪	1445	9
U+7814	研	1446	9
U+7816	砖	1447	9
U+5398	厘	1448	9
U+539A	厚	1449	9
U+780C	砌	1450	9
U+7802	砂	1451	9
U+6CF5	泵	1452	9
U+781A	砚	1453	9
U+780D	砍	1454	9
U+9762	面	1455	9
U+8010	耐	1456	9
U+800D	耍	1457	9
U+7275	牵	1458	9
U+9E25	鸥	1459	9
U+6B8B	残	1460	9
U+6B83	殃	1461	9
U+8F74	轴	1462	9
U+8F7B	轻	1463	9
U+9E26	鸦	1464	9
U+7686	皆	1465	9
U+97ED	韭	1466	9
U+80CC	背	1467	9
U+6218	战	1468	9
U+70B9	点	1469	9
U+8650	虐	1470	9
U+4E34	临	1471	9
U+89C8	览	1472	9
U+7AD6	竖	1473	9
U+7701	省	1474	9
U+524A	削	1475	9
U+5C1D	尝	1476	9
U+6627	昧	1477	9
U+76F9	盹	1478	9
U+662F	是	1479	9
U+76FC	盼	1480	9
U+7728	眨	1481	9
U+54C7	哇	1482	9
U+54C4	哄	1483	9
U+54D1	哑	1484	9
U+663E	显	1485	9
U+5192	冒	1486	9
U+6620	映	1487	9
U+661F	星	1488	9
U+6628	昨	1489	9
U+54A7	咧	1490	9
U+662D	昭	1491	9
U+754F	畏	1492	9
U+8DB4	趴	1493	9
U+80C3	胃	1494	9
U+8D35	贵	1495	9
U+754C	界	1496	9
U+8679	虹	1497	9
U+867E	虾	1498	9
U+8681	蚁	1499	9
U+601D	思	1500	9
U+8682	蚂	1501	9
U+867D	虽	1502	9
U+54C1	品	1503	9
U+54BD	咽	1504	9
U+9A82	骂	1505	9
U+52CB	勋	1506	9
U+54D7	哗	1507	9
U+54B1	咱	1508	9
U+54CD	响	1509	9
U+54C8	哈	1510	9
U+54C6	哆	1511	9
U+54AC	咬	1512	9
U+54B3	咳	1513	9
U+54AA	咪	1514	9
U+54EA	哪	1515	9
U+54DF	哟	1516	9
U+70AD	炭	1517	9
U+5CE1	峡	1518	9
U+7F5A	罚	1519	9
U+8D31	贱	1520	9
U+8D34	贴	1521	9
U+8D3B	贻	1522	9
U+9AA8	骨	1523	9
U+5E7D	幽	1524	9
U+9499	钙	1525	9
U+949D	钝	1526	9
U+949E	钞	1527	9
U+949F	钟	1528	9
U+94A2	钢	1529	9
U+94A0	钠	1530	9
U+94A5	钥	1531	9
U+94A6	钦	1532	9
U+94A7	钧	1533	9
U+94A9	钩	1534	9
U+94AE	钮	1535	9
U+5378	卸	1536	9
U+7F38	缸	1537	9
U+62DC	拜	1538	9
U+770B	看	1539	9
U+77E9	矩	1540	9
U+6BE1	毡	1541	9
U+6C22	氢	1542	9
U+600E	怎	1543	9
U+7272	牲	1544	9
U+9009	选	1545	9
U+9002	适	1546	9
U+79D2	秒	1547	9
U+9999	香	1548	9
U+79CD	种	1549	9
U+79CB	秋	1550	9
U+79D1	科	1551	9
U+91CD	重	1552	9
U+590D	复	1553	9
U+7AFF	竿	1554	9
U+6BB5	段	1555	9
U+4FBF	便	1556	9
U+4FE9	俩	1557	9
U+8D37	贷	1558	9
U+987A	顺	1559	9
U+4FEE	修	1560	9
U+4FCF	俏	1561	9
U+4FDD	保	1562	9
U+4FC3	促	1563	9
U+4FC4	俄	1564	9
U+4FD0	俐	1565	9
U+4FAE	侮	1566	9
U+4FED	俭	1567	9
U+4FD7	俗	1568	9
U+4FD8	俘	1569	9
U+4FE1	信	1570	9
U+7687	皇	1571	9
U+6CC9	泉	1572	9
U+9B3C	鬼	1573	9
U+4FB5	侵	1574	9
U+79B9	禹	1575	9
U+4FAF	侯	1576	9
U+8FFD	追	1577	9
U+4FCA	俊	1578	9
U+76FE	盾	1579	9
U+5F85	待	1580	9
U+5F8A	徊	1581	9
U+884D	衍	1582	9
U+5F8B	律	1583	9
U+5F88	很	1584	9
U+987B	须	1585	9
U+53D9	叙	1586	9
U+5251	剑	1587	9
U+9003	逃	1588	9
U+98DF	食	1589	9
U+76C6	盆	1590	9
U+80DA	胚	1591	9
U+80E7	胧	1592	9
U+80C6	胆	1593	9
U+80DC	胜	1594	9
U+80DE	胞	1595	9
U+80D6	胖	1596	9
U+8109	脉	1597	9
U+80CE	胎	1598	9
U+52C9	勉	1599	9
U+72ED	狭	1600	9
U+72EE	狮	1601	9
U+72EC	独	1602	9
U+72F0	狰	1603	9
U+72E1	狡	1604	9
U+72F1	狱	1605	9
U+72E0	狠	1606	9
U+8D38	贸	1607	9
U+6028	怨	1608	9
U+6025	急	1609	9
U+9975	饵	1610	9
U+9976	饶	1611	9
U+8680	蚀	1612	9
U+997A	饺	1613	9
U+997C	饼	1614	9
U+5CE6	峦	1615	9
U+5F2F	弯	1616	9
U+5C06	将	1617	9
U+5956	奖	1618	9
U+54C0	哀	1619	9
U+4EAD	亭	1620	9
U+4EAE	亮	1621	9
U+5EA6	度	1622	9
U+8FF9	迹	1623	9
U+5EAD	庭	1624	9
U+75AE	疮	1625	9
U+75AF	疯	1626	9
U+75AB	疫	1627	9
U+75A4	疤	1628	9
U+54A8	咨	1629	9
U+59FF	姿	1630	9
U+4EB2	亲	1631	9
U+97F3	音	1632	9
U+5E1D	帝	1633	9
U+65BD	施	1634	9
U+95FA	闺	1635	9
U+95FB	闻	1636	9
U+95FD	闽	1637	9
U+9600	阀	1638	9
U+9601	阁	1639	9
U+5DEE	差	1640	9
U+517B	养	1641	9
U+7F8E	美	1642	9
U+59DC	姜	1643	9
U+53DB	叛	1644	9
U+9001	送	1645	9
U+7C7B	类	1646	9
U+8FF7	迷	1647	9
U+7C7D	籽	1648	9
U+5A04	娄	1649	9
U+524D	前	1650	9
U+9996	首	1651	9
U+9006	逆	1652	9
U+5179	兹	1653	9
U+603B	总	1654	9
U+70BC	炼	1655	9
U+70B8	炸	1656	9
U+70C1	烁	1657	9
U+70AE	炮	1658	9
U+70AB	炫	1659	9
U+70C2	烂	1660	9
U+5243	剃	1661	9
U+6D3C	洼	1662	9
U+6D01	洁	1663	9
U+6D2A	洪	1664	9
U+6D12	洒	1665	9
U+67D2	柒	1666	9
U+6D47	浇	1667	9
U+6D4A	浊	1668	9
U+6D1E	洞	1669	9
U+6D4B	测	1670	9
U+6D17	洗	1671	9
U+6D3B	活	1672	9
U+6D3E	派	1673	9
U+6D3D	洽	1674	9
U+67D3	染	1675	9
U+6D1B	洛	1676	9
U+6D4F	浏	1677	9
U+6D4E	济	1678	9
U+6D0B	洋	1679	9
U+6D32	洲	1680	9
U+6D51	浑	1681	9
U+6D53	浓	1682	9
U+6D25	津	1683	9
U+6043	恃	1684	9
U+6052	恒	1685	9
U+6062	恢	1686	9
U+604D	恍	1687	9
U+606C	恬	1688	9
U+6064	恤	1689	9
U+6070	恰	1690	9
U+607C	恼	1691	9
U+6068	恨	1692	9
U+4E3E	举	1693	9
U+89C9	觉	1694	9
U+5BA3	宣	1695	9
U+5BA6	宦	1696	9
U+5BA4	室	1697	9
U+5BAB	宫	1698	9
U+5BAA	宪	1699	9
U+7A81	突	1700	9
U+7A7F	穿	1701	9
U+7A83	窃	1702	9
U+5BA2	客	1703	9
U+8BEB	诫	1704	9
U+51A0	冠	1705	9
U+8BEC	诬	1706	9
U+8BED	语	1707	9
U+6241	扁	1708	9
U+8884	袄	1709	9
U+7956	祖	1710	9
U+795E	神	1711	9
U+795D	祝	1712	9
U+7960	祠	1713	9
U+8BEF	误	1714	9
U+8BF1	诱	1715	9
U+8BF2	诲	1716	9
U+8BF4	说	1717	9
U+8BF5	诵	1718	9
U+57A6	垦	1719	9
U+9000	退	1720	9
U+65E2	既	1721	9
U+5C4B	屋	1722	9
U+663C	昼	1723	9
U+5C4F	屏	1724	9
U+5C4E	屎	1725	9
U+8D39	费	1726	9
U+9661	陡	1727	9
U+900A	逊	1728	9
U+7709	眉	1729	9
U+5B69	孩	1730	9
U+9668	陨	1731	9
U+9664	除	1732	9
U+9669	险	1733	9
U+9662	院	1734	9
U+5A03	娃	1735	9
U+59E5	姥	1736	9
U+59E8	姨	1737	9
U+59FB	姻	1738	9
U+5A07	娇	1739	9
U+59DA	姚	1740	9
U+5A1C	娜	1741	9
U+6012	怒	1742	9
U+67B6	架	1743	9
U+8D3A	贺	1744	9
U+76C8	盈	1745	9
U+52C7	勇	1746	9
U+6020	怠	1747	9
U+7678	癸	1748	9
U+86A4	蚤	1749	9
U+67D4	柔	1750	9
U+5792	垒	1751	9
U+7ED1	绑	1752	9
U+7ED2	绒	1753	9
U+7ED3	结	1754	9
U+7ED5	绕	1755	9
U+9A84	骄	1756	9
U+7ED8	绘	1757	9
U+7ED9	给	1758	9
U+7EDA	绚	1759	9
U+9A86	骆	1760	9
U+7EDC	络	1761	9
U+7EDD	绝	1762	9
U+7EDE	绞	1763	9
U+9A87	骇	1764	9
U+7EDF	统	1765	9
U+8015	耕	1766	10
U+8018	耘	1767	10
U+8017	耗	1768	10
U+8019	耙	1769	10
U+8273	艳	1770	10
U+6CF0	泰	1771	10
U+79E6	秦	1772	10
U+73E0	珠	1773	10
U+73ED	班	1774	10
U+7D20	素	1775	10
U+533F	匿	1776	10
U+8695	蚕	1777	10
U+987D	顽	1778	10
U+76CF	盏	1779	10
U+532A	匪	1780	10
U+635E	捞	1781	10
U+683D	栽	1782	10
U+6355	捕	1783	10
U+57C2	埂	1784	10
U+6342	捂	1785	10
U+632F	振	1786	10
U+8F7D	载	1787	10
U+8D76	赶	1788	10
U+8D77	起	1789	10
U+76D0	盐	1790	10
U+634E	捎	1791	10
U+634D	捍	1792	10
U+634F	捏	1793	10
U+57CB	埋	1794	10
U+6349	捉	1795	10
U+6346	捆	1796	10
U+6350	捐	1797	10
U+635F	损	1798	10
U+8881	袁	1799	10
U+634C	捌	1800	10
U+90FD	都	1801	10
U+54F2	哲	1802	10
U+901D	逝	1803	10
U+6361	捡	1804	10
U+632B	挫	1805	10
U+6362	换	1806	10
U+633D	挽	1807	10
U+631A	挚	1808	10
U+70ED	热	1809	10
U+6050	恐	1810	10
U+6363	捣	1811	10
U+58F6	壶	1812	10
U+6345	捅	1813	10
U+57C3	埃	1814	10
U+6328	挨	1815	10
U+803B	耻	1816	10
U+803F	耿	1817	10
U+803D	耽	1818	10
U+8042	聂	1819	10
U+606D	恭	1820	10
U+83BD	莽	1821	10
U+83B1	莱	1822	10
U+83B2	莲	1823	10
U+83AB	莫	1824	10
U+8389	莉	1825	10
U+8377	荷	1826	10
U+83B7	获	1827	10
U+664B	晋	1828	10
U+6076	恶	1829	10
U+83B9	莹	1830	10
U+83BA	莺	1831	10
U+771F	真	1832	10
U+6846	框	1833	10
U+6886	梆	1834	10
U+6842	桂	1835	10
U+6854	桔	1836	10
U+6816	栖	1837	10
U+6863	档	1838	10
U+6850	桐	1839	10
U+682A	株	1840	10
U+6865	桥	1841	10
U+6866	桦	1842	10
U+6813	栓	1843	10
U+6843	桃	1844	10
U+683C	格	1845	10
U+6869	桩	1846	10
U+6821	校	1847	10
U+6838	核	1848	10
U+6837	样	1849	10
U+6839	根	1850	10
U+7D22	索	1851	10
U+54E5	哥	1852	10
U+901F	速	1853	10
U+9017	逗	1854	10
U+6817	栗	1855	10
U+8D3E	贾	1856	10
U+914C	酌	1857	10
U+914D	配	1858	10
U+7FC5	翅	1859	10
U+8FB1	辱	1860	10
U+5507	唇	1861	10
U+590F	夏	1862	10
U+7838	砸	1863	10
U+7830	砰	1864	10
U+783E	砾	1865	10
U+7840	础	1866	10
U+7834	破	1867	10
U+539F	原	1868	10
U+5957	套	1869	10
U+9010	逐	1870	10
U+70C8	烈	1871	10
U+6B8A	殊	1872	10
U+6B89	殉	1873	10
U+987E	顾	1874	10
U+8F7F	轿	1875	10
U+8F83	较	1876	10
U+987F	顿	1877	10
U+6BD9	毙	1878	10
U+81F4	致	1879	10
U+67F4	柴	1880	10
U+684C	桌	1881	10
U+8651	虑	1882	10
U+76D1	监	1883	10
U+7D27	紧	1884	10
U+515A	党	1885	10
U+901E	逞	1886	10
U+6652	晒	1887	10
U+7720	眠	1888	10
U+6653	晓	1889	10
U+54EE	哮	1890	10
U+5520	唠	1891	10
U+9E2D	鸭	1892	10
U+6643	晃	1893	10
U+54FA	哺	1894	10
U+664C	晌	1895	10
U+5254	剔	1896	10
U+6655	晕	1897	10
U+868C	蚌	1898	10
U+7554	畔	1899	10
U+86A3	蚣	1900	10
U+868A	蚊	1901	10
U+86AA	蚪	1902	10
U+8693	蚓	1903	10
U+54E8	哨	1904	10
U+54E9	哩	1905	10
U+5703	圃	1906	10
U+54ED	哭	1907	10
U+54E6	哦	1908	10
U+6069	恩	1909	10
U+9E2F	鸯	1910	10
U+5524	唤	1911	10
U+5501	唁	1912	10
U+54FC	哼	1913	10
U+5527	唧	1914	10
U+554A	啊	1915	10
U+5509	唉	1916	10
U+5506	唆	1917	10
U+7F62	罢	1918	10
U+5CED	峭	1919	10
U+5CE8	峨	1920	10
U+5CF0	峰	1921	10
U+5706	圆	1922	10
U+5CFB	峻	1923	10
U+8D3C	贼	1924	10
U+8D3F	贿	1925	10
U+8D42	赂	1926	10
U+8D43	赃	1927	10
U+94B1	钱	1928	10
U+94B3	钳	1929	10
U+94BB	钻	1930	10
U+94BE	钾	1931	10
U+94C1	铁	1932	10
U+94C3	铃	1933	10
U+94C5	铅	1934	10
U+7F3A	缺	1935	10
U+6C27	氧	1936	10
U+6C28	氨	1937	10
U+7279	特	1938	10
U+727A	牺	1939	10
U+9020	造	1940	10
U+4E58	乘	1941	10
U+654C	敌	1942	10
U+79E4	秤	1943	10
U+79DF	租	1944	10
U+79EF	积	1945	10
U+79E7	秧	1946	10
U+79E9	秩	1947	10
U+79F0	称	1948	10
U+79D8	秘	1949	10
U+900F	透	1950	10
U+7B14	笔	1951	10
U+7B11	笑	1952	10
U+7B0B	笋	1953	10
U+503A	债	1954	10
U+501F	借	1955	10
U+503C	值	1956	10
U+501A	倚	1957	10
U+4FFA	俺	1958	10
U+503E	倾	1959	10
U+5012	倒	1960	10
U+5018	倘	1961	10
U+4FF1	俱	1962	10
U+5021	倡	1963	10
U+5019	候	1964	10
U+8D41	赁	1965	10
U+4FEF	俯	1966	10
U+500D	倍	1967	10
U+5026	倦	1968	10
U+5065	健	1969	10
U+81ED	臭	1970	10
U+5C04	射	1971	10
U+8EAC	躬	1972	10
U+606F	息	1973	10
U+5014	倔	1974	10
U+5F92	徒	1975	10
U+5F90	徐	1976	10
U+6BB7	殷	1977	10
U+8230	舰	1978	10
U+8231	舱	1979	10
U+822C	般	1980	10
U+822A	航	1981	10
U+9014	途	1982	10
U+62FF	拿	1983	10
U+8038	耸	1984	10
U+7239	爹	1985	10
U+8200	舀	1986	10
U+7231	爱	1987	10
U+8C7A	豺	1988	10
U+8C79	豹	1989	10
U+9881	颁	1990	10
U+9882	颂	1991	10
U+7FC1	翁	1992	10
U+80F0	胰	1993	10
U+8106	脆	1994	10
U+8102	脂	1995	10
U+80F8	胸	1996	10
U+80F3	胳	1997	10
U+810F	脏	1998	10
U+8110	脐	1999	10
U+80F6	胶	2000	10
U+8111	脑	2001	10
U+8113	脓	2002	10
U+901B	逛	2003	10
U+72F8	狸	2004	10
U+72FC	狼	2005	10
U+537F	卿	2006	10
U+9022	逢	2007	10
U+9E35	鸵	2008	10
U+7559	留	2009	10
U+9E33	鸳	2010	10
U+76B1	皱	2011	10
U+997F	饿	2012	10
U+9981	馁	2013	10
U+51CC	凌	2014	10
U+51C4	凄	2015	10
U+604B	恋	2016	10
U+6868	桨	2017	10
U+6D46	浆	2018	10
U+8870	衰	2019	10
U+8877	衷	2020	10
U+9AD8	高	2021	10
U+90ED	郭	2022	10
U+5E2D	席	2023	10
U+51C6	准	2024	10
U+5EA7	座	2025	10
U+75C7	症	2026	10
U+75C5	病	2027	10
U+75BE	疾	2028	10
U+658B	斋	2029	10
U+75B9	疹	2030	10
U+75BC	疼	2031	10
U+75B2	疲	2032	10
U+810A	脊	2033	10
U+6548	效	2034	10
U+79BB	离	2035	10
U+7D0A	紊	2036	10
U+5510	唐	2037	10
U+74F7	瓷	2038	10
U+8D44	资	2039	10
U+51C9	凉	2040	10
U+7AD9	站	2041	10
U+5256	剖	2042	10
U+7ADE	竞	2043	10
U+90E8	部	2044	10
U+65C1	旁	2045	10
U+65C5	旅	2046	10
U+755C	畜	2047	10
U+9605	阅	2048	10
U+7F9E	羞	2049	10
U+7F94	羔	2050	10
U+74F6	瓶	2051	10
U+62F3	拳	2052	10
U+7C89	粉	2053	10
U+6599	料	2054	10
U+76CA	益	2055	10
U+517C	兼	2056	10
U+70E4	烤	2057	10
U+70D8	烘	2058	10
U+70E6	烦	2059	10
U+70E7	烧	2060	10
U+70DB	烛	2061	10
U+70DF	烟	2062	10
U+70D9	烙	2063	10
U+9012	递	2064	10
U+6D9B	涛	2065	10
U+6D59	浙	2066	10
U+6D9D	涝	2067	10
U+6D66	浦	2068	10
U+9152	酒	2069	10
U+6D89	涉	2070	10
U+6D88	消	2071	10
U+6DA1	涡	2072	10
U+6D69	浩	2073	10
U+6D77	海	2074	10
U+6D82	涂	2075	10
U+6D74	浴	2076	10
U+6D6E	浮	2077	10
U+6DA3	涣	2078	10
U+6DA4	涤	2079	10
U+6D41	流	2080	10
U+6DA6	润	2081	10
U+6DA7	涧	2082	10
U+6D95	涕	2083	10
U+6D6A	浪	2084	10
U+6D78	浸	2085	10
U+6DA8	涨	2086	10
U+70EB	烫	2087	10
U+6DA9	涩	2088	10
U+6D8C	涌	2089	10
U+6096	悖	2090	10
U+609F	悟	2091	10
U+6084	悄	2092	10
U+608D	悍	2093	10
U+6094	悔	2094	10
U+60AF	悯	2095	10
U+60A6	悦	2096	10
U+5BB3	害	2097	10
U+5BBD	宽	2098	10
U+5BB6	家	2099	10
U+5BB5	宵	2100	10
U+5BB4	宴	2101	10
U+5BBE	宾	2102	10
U+7A8D	窍	2103	10
U+7A84	窄	2104	10
U+5BB9	容	2105	10
U+5BB0	宰	2106	10
U+6848	案	2107	10
U+8BF7	请	2108	10
U+6717	朗	2109	10
U+8BF8	诸	2110	10
U+8BFA	诺	2111	10
U+8BFB	读	2112	10
U+6247	扇	2113	10
U+8BFD	诽	2114	10
U+889C	袜	2115	10
U+8896	袖	2116	10
U+888D	袍	2117	10
U+88AB	被	2118	10
U+7965	祥	2119	10
U+8BFE	课	2120	10
U+51A5	冥	2121	10
U+8C01	谁	2122	10
U+8C03	调	2123	10
U+51A4	冤	2124	10
U+8C05	谅	2125	10
U+8C06	谆	2126	10
U+8C08	谈	2127	10
U+8C0A	谊	2128	10
U+5265	剥	2129	10
U+6073	恳	2130	10
U+5C55	展	2131	10
U+5267	剧	2132	10
U+5C51	屑	2133	10
U+5F31	弱	2134	10
U+9675	陵	2135	10
U+795F	祟	2136	10
U+9676	陶	2137	10
U+9677	陷	2138	10
U+966A	陪	2139	10
U+5A31	娱	2140	10
U+5A1F	娟	2141	10
U+6055	恕	2142	10
U+5A25	娥	2143	10
U+5A18	娘	2144	10
U+901A	通	2145	10
U+80FD	能	2146	10
U+96BE	难	2147	10
U+9884	预	2148	10
U+6851	桑	2149	10
U+7EE2	绢	2150	10
U+7EE3	绣	2151	10
U+9A8C	验	2152	10
U+7EE7	继	2153	10
U+9A8F	骏	2154	10
U+7403	球	2155	11
U+7410	琐	2156	11
U+7406	理	2157	11
U+7409	琉	2158	11
U+7405	琅	2159	11
U+6367	捧	2160	11
U+5835	堵	2161	11
U+63AA	措	2162	11
U+63CF	描	2163	11
U+57DF	域	2164	11
U+637A	捺	2165	11
U+63A9	掩	2166	11
U+6377	捷	2167	11
U+6392	排	2168	11
U+7109	焉	2169	11
U+6389	掉	2170	11
U+6376	捶	2171	11
U+8D66	赦	2172	11
U+5806	堆	2173	11
U+63A8	推	2174	11
U+57E0	埠	2175	11
U+6380	掀	2176	11
U+6388	授	2177	11
U+637B	捻	2178	11
U+6559	教	2179	11
U+638F	掏	2180	11
U+6390	掐	2181	11
U+63A0	掠	2182	11
U+6382	掂	2183	11
U+57F9	培	2184	11
U+63A5	接	2185	11
U+63B7	掷	2186	11
U+63A7	控	2187	11
U+63A2	探	2188	11
U+636E	据	2189	11
U+6398	掘	2190	11
U+63BA	掺	2191	11
U+804C	职	2192	11
U+57FA	基	2193	11
U+8046	聆	2194	11
U+52D8	勘	2195	11
U+804A	聊	2196	11
U+5A36	娶	2197	11
U+8457	著	2198	11
U+83F1	菱	2199	11
U+52D2	勒	2200	11
U+9EC4	黄	2201	11
U+83F2	菲	2202	11
U+840C	萌	2203	11
U+841D	萝	2204	11
U+83CC	菌	2205	11
U+840E	萎	2206	11
U+83DC	菜	2207	11
U+8404	萄	2208	11
U+83CA	菊	2209	11
U+83E9	菩	2210	11
U+840D	萍	2211	11
U+83E0	菠	2212	11
U+8424	萤	2213	11
U+8425	营	2214	11
U+4E7E	乾	2215	11
U+8427	萧	2216	11
U+8428	萨	2217	11
U+83C7	菇	2218	11
U+68B0	械	2219	11
U+5F6C	彬	2220	11
U+68A6	梦	2221	11
U+5A6A	婪	2222	11
U+6897	梗	2223	11
U+68A7	梧	2224	11
U+68A2	梢	2225	11
U+6885	梅	2226	11
U+68C0	检	2227	11
U+68B3	梳	2228	11
U+68AF	梯	2229	11
U+6876	桶	2230	11
U+68AD	梭	2231	11
U+6551	救	2232	11
U+66F9	曹	2233	11
U+526F	副	2234	11
U+7968	票	2235	11
U+915D	酝	2236	11
U+9157	酗	2237	11
U+53A2	厢	2238	11
U+621A	戚	2239	11
U+7845	硅	2240	11
U+7855	硕	2241	11
U+5962	奢	2242	11
U+76D4	盔	2243	11
U+723D	爽	2244	11
U+804B	聋	2245	11
U+88AD	袭	2246	11
U+76DB	盛	2247	11
U+533E	匾	2248	11
U+96EA	雪	2249	11
U+8F85	辅	2250	11
U+8F86	辆	2251	11
U+9885	颅	2252	11
U+865A	虚	2253	11
U+5F6A	彪	2254	11
U+96C0	雀	2255	11
U+5802	堂	2256	11
U+5E38	常	2257	11
U+7736	眶	2258	11
U+5319	匙	2259	11
U+6668	晨	2260	11
U+7741	睁	2261	11
U+772F	眯	2262	11
U+773C	眼	2263	11
U+60AC	悬	2264	11
U+91CE	野	2265	11
U+556A	啪	2266	11
U+5566	啦	2267	11
U+66FC	曼	2268	11
U+6666	晦	2269	11
U+665A	晚	2270	11
U+5544	啄	2271	11
U+5561	啡	2272	11
U+8DDD	距	2273	11
U+8DBE	趾	2274	11
U+5543	啃	2275	11
U+8DC3	跃	2276	11
U+7565	略	2277	11
U+86AF	蚯	2278	11
U+86C0	蛀	2279	11
U+86C7	蛇	2280	11
U+552C	唬	2281	11
U+7D2F	累	2282	11
U+9102	鄂	2283	11
U+5531	唱	2284	11
U+60A3	患	2285	11
U+5570	啰	2286	11
U+553E	唾	2287	11
U+552F	唯	2288	11
U+5564	啤	2289	11
U+5565	啥	2290	11
U+5578	啸	2291	11
U+5D16	崖	2292	11
U+5D0E	崎	2293	11
U+5D2D	崭	2294	11
U+903B	逻	2295	11
U+5D14	崔	2296	11
U+5E37	帷	2297	11
U+5D29	崩	2298	11
U+5D07	崇	2299	11
U+5D1B	崛	2300	11
U+5A74	婴	2301	11
U+5708	圈	2302	11
U+94D0	铐	2303	11
U+94DB	铛	2304	11
U+94DD	铝	2305	11
U+94DC	铜	2306	11
U+94ED	铭	2307	11
U+94F2	铲	2308	11
U+94F6	银	2309	11
U+77EB	矫	2310	11
U+751C	甜	2311	11
U+79F8	秸	2312	11
U+68A8	梨	2313	11
U+7281	犁	2314	11
U+79FD	秽	2315	11
U+79FB	移	2316	11
U+7B28	笨	2317	11
U+7B3C	笼	2318	11
U+7B1B	笛	2319	11
U+7B19	笙	2320	11
U+7B26	符	2321	11
U+7B2C	第	2322	11
U+654F	敏	2323	11
U+505A	做	2324	11
U+888B	袋	2325	11
U+60A0	悠	2326	11
U+507F	偿	2327	11
U+5076	偶	2328	11
U+504E	偎	2329	11
U+5077	偷	2330	11
U+60A8	您	2331	11
U+552E	售	2332	11
U+505C	停	2333	11
U+504F	偏	2334	11
U+8EAF	躯	2335	11
U+515C	兜	2336	11
U+5047	假	2337	11
U+8845	衅	2338	11
U+5F98	徘	2339	11
U+5F99	徙	2340	11
U+5F97	得	2341	11
U+8854	衔	2342	11
U+76D8	盘	2343	11
U+8236	舶	2344	11
U+8239	船	2345	11
U+8235	舵	2346	11
U+659C	斜	2347	11
U+76D2	盒	2348	11
U+9E3D	鸽	2349	11
U+655B	敛	2350	11
U+6089	悉	2351	11
U+6B32	欲	2352	11
U+5F69	彩	2353	11
U+9886	领	2354	11
U+811A	脚	2355	11
U+8116	脖	2356	11
U+812F	脯	2357	11
U+8C5A	豚	2358	11
U+8138	脸	2359	11
U+8131	脱	2360	11
U+8C61	象	2361	11
U+591F	够	2362	11
U+9038	逸	2363	11
U+731C	猜	2364	11
U+732A	猪	2365	11
U+730E	猎	2366	11
U+732B	猫	2367	11
U+51F0	凰	2368	11
U+7316	猖	2369	11
U+731B	猛	2370	11
U+796D	祭	2371	11
U+9985	馅	2372	11
U+9986	馆	2373	11
U+51D1	凑	2374	11
U+51CF	减	2375	11
U+6BEB	毫	2376	11
U+70F9	烹	2377	11
U+5EB6	庶	2378	11
U+9EBB	麻	2379	11
U+5EB5	庵	2380	11
U+75CA	痊	2381	11
U+75D2	痒	2382	11
U+75D5	痕	2383	11
U+5ECA	廊	2384	11
U+5EB7	康	2385	11
U+5EB8	庸	2386	11
U+9E7F	鹿	2387	11
U+76D7	盗	2388	11
U+7AE0	章	2389	11
U+7ADF	竟	2390	11
U+5546	商	2391	11
U+65CF	族	2392	11
U+65CB	旋	2393	11
U+671B	望	2394	11
U+7387	率	2395	11
U+960E	阎	2396	11
U+9610	阐	2397	11
U+7740	着	2398	11
U+7F9A	羚	2399	11
U+76D6	盖	2400	11
U+7737	眷	2401	11
U+7C98	粘	2402	11
U+7C97	粗	2403	11
U+7C92	粒	2404	11
U+65AD	断	2405	11
U+526A	剪	2406	11
U+517D	兽	2407	11
U+710A	焊	2408	11
U+7115	焕	2409	11
U+6E05	清	2410	11
U+6DFB	添	2411	11
U+9E3F	鸿	2412	11
U+6DCB	淋	2413	11
U+6DAF	涯	2414	11
U+6DF9	淹	2415	11
U+6E20	渠	2416	11
U+6E10	渐	2417	11
U+6DD1	淑	2418	11
U+6DCC	淌	2419	11
U+6DF7	混	2420	11
U+6DEE	淮	2421	11
U+6DC6	淆	2422	11
U+6E0A	渊	2423	11
U+6DEB	淫	2424	11
U+6E14	渔	2425	11
U+6DD8	淘	2426	11
U+6DF3	淳	2427	11
U+6DB2	液	2428	11
U+6DE4	淤	2429	11
U+6DE1	淡	2430	11
U+6DC0	淀	2431	11
U+6DF1	深	2432	11
U+6DAE	涮	2433	11
U+6DB5	涵	2434	11
U+5A46	婆	2435	11
U+6881	梁	2436	11
U+6E17	渗	2437	11
U+60C5	情	2438	11
U+60DC	惜	2439	11
U+60ED	惭	2440	11
U+60BC	悼	2441	11
U+60E7	惧	2442	11
U+60D5	惕	2443	11
U+60DF	惟	2444	11
U+60CA	惊	2445	11
U+60E6	惦	2446	11
U+60B4	悴	2447	11
U+60CB	惋	2448	11
U+60E8	惨	2449	11
U+60EF	惯	2450	11
U+5BC7	寇	2451	11
U+5BC5	寅	2452	11
U+5BC4	寄	2453	11
U+5BC2	寂	2454	11
U+5BBF	宿	2455	11
U+7A92	窒	2456	11
U+7A91	窑	2457	11
U+5BC6	密	2458	11
U+8C0B	谋	2459	11
U+8C0D	谍	2460	11
U+8C0E	谎	2461	11
U+8C10	谐	2462	11
U+88B1	袱	2463	11
U+7977	祷	2464	11
U+7978	祸	2465	11
U+8C13	谓	2466	11
U+8C1A	谚	2467	11
U+8C1C	谜	2468	11
U+902E	逮	2469	11
U+6562	敢	2470	11
U+5C09	尉	2471	11
U+5C60	屠	2472	11
U+5F39	弹	2473	11
U+968B	隋	2474	11
U+5815	堕	2475	11
U+968F	随	2476	11
U+86CB	蛋	2477	11
U+9685	隅	2478	11
U+9686	隆	2479	11
U+9690	隐	2480	11
U+5A5A	婚	2481	11
U+5A76	婶	2482	11
U+5A49	婉	2483	11
U+9887	颇	2484	11
U+9888	颈	2485	11
U+7EE9	绩	2486	11
U+7EEA	绪	2487	11
U+7EED	续	2488	11
U+9A91	骑	2489	11
U+7EF0	绰	2490	11
U+7EF3	绳	2491	11
U+7EF4	维	2492	11
U+7EF5	绵	2493	11
U+7EF7	绷	2494	11
U+7EF8	绸	2495	11
U+7EFC	综	2496	11
U+7EFD	绽	2497	11
U+7EFF	绿	2498	11
U+7F00	缀	2499	11
U+5DE2	巢	2500	11
U+7434	琴	2501	12
U+7433	琳	2502	12
U+7422	琢	2503	12
U+743C	琼	2504	12
U+6591	斑	2505	12
U+66FF	替	2506	12
U+63CD	揍	2507	12
U+6B3E	款	2508	12
U+582A	堪	2509	12
U+5854	塔	2510	12
U+642D	搭	2511	12
U+5830	堰	2512	12
U+63E9	揩	2513	12
U+8D8A	越	2514	12
U+8D81	趁	2515	12
U+8D8B	趋	2516	12
U+8D85	超	2517	12
U+63FD	揽	2518	12
U+5824	堤	2519	12
U+63D0	提	2520	12
U+535A	博	2521	12
U+63ED	揭	2522	12
U+559C	喜	2523	12
U+5F6D	彭	2524	12
U+63E3	揣	2525	12
U+63D2	插	2526	12
U+63EA	揪	2527	12
U+641C	搜	2528	12
U+716E	煮	2529	12
U+63F4	援	2530	12
U+6400	搀	2531	12
U+88C1	裁	2532	12
U+6401	搁	2533	12
U+6413	搓	2534	12
U+6402	搂	2535	12
U+6405	搅	2536	12
U+58F9	壹	2537	12
U+63E1	握	2538	12
U+6414	搔	2539	12
U+63C9	揉	2540	12
U+65AF	斯	2541	12
U+671F	期	2542	12
U+6B3A	欺	2543	12
U+8054	联	2544	12
U+846B	葫	2545	12
U+6563	散	2546	12
U+60F9	惹	2547	12
U+846C	葬	2548	12
U+52DF	募	2549	12
U+845B	葛	2550	12
U+8463	董	2551	12
U+8461	葡	2552	12
U+656C	敬	2553	12
U+8471	葱	2554	12
U+848B	蒋	2555	12
U+8482	蒂	2556	12
U+843D	落	2557	12
U+97E9	韩	2558	12
U+671D	朝	2559	12
U+8F9C	辜	2560	12
U+8475	葵	2561	12
U+68D2	棒	2562	12
U+68F1	棱	2563	12
U+68CB	棋	2564	12
U+6930	椰	2565	12
U+690D	植	2566	12
U+68EE	森	2567	12
U+711A	焚	2568	12
U+6905	椅	2569	12
U+6912	椒	2570	12
U+68F5	棵	2571	12
U+68CD	棍	2572	12
U+690E	椎	2573	12
U+68C9	棉	2574	12
U+68DA	棚	2575	12
U+68D5	棕	2576	12
U+68FA	棺	2577	12
U+6994	榔	2578	12
U+692D	椭	2579	12
U+60E0	惠	2580	12
U+60D1	惑	2581	12
U+903C	逼	2582	12
U+7C9F	粟	2583	12
U+68D8	棘	2584	12
U+9163	酣	2585	12
U+9165	酥	2586	12
U+53A8	厨	2587	12
U+53A6	厦	2588	12
U+786C	硬	2589	12
U+785D	硝	2590	12
U+786E	确	2591	12
U+786B	硫	2592	12
U+96C1	雁	2593	12
U+6B96	殖	2594	12
U+88C2	裂	2595	12
U+96C4	雄	2596	12
U+988A	颊	2597	12
U+96F3	雳	2598	12
U+6682	暂	2599	12
U+96C5	雅	2600	12
U+7FD8	翘	2601	12
U+8F88	辈	2602	12
U+60B2	悲	2603	12
U+7D2B	紫	2604	12
U+51FF	凿	2605	12
U+8F89	辉	2606	12
U+655E	敞	2607	12
U+68E0	棠	2608	12
U+8D4F	赏	2609	12
U+638C	掌	2610	12
U+6674	晴	2611	12
U+7750	睐	2612	12
U+6691	暑	2613	12
U+6700	最	2614	12
U+6670	晰	2615	12
U+91CF	量	2616	12
U+9F0E	鼎	2617	12
U+55B7	喷	2618	12
U+55B3	喳	2619	12
U+6676	晶	2620	12
U+5587	喇	2621	12
U+9047	遇	2622	12
U+558A	喊	2623	12
U+904F	遏	2624	12
U+667E	晾	2625	12
U+666F	景	2626	12
U+7574	畴	2627	12
U+8DF5	践	2628	12
U+8DCB	跋	2629	12
U+8DCC	跌	2630	12
U+8DD1	跑	2631	12
U+8DDB	跛	2632	12
U+9057	遗	2633	12
U+86D9	蛙	2634	12
U+86DB	蛛	2635	12
U+8713	蜓	2636	12
U+8712	蜒	2637	12
U+86E4	蛤	2638	12
U+559D	喝	2639	12
U+9E43	鹃	2640	12
U+5582	喂	2641	12
U+5598	喘	2642	12
U+5589	喉	2643	12
U+55BB	喻	2644	12
U+557C	啼	2645	12
U+55A7	喧	2646	12
U+5D4C	嵌	2647	12
U+5E45	幅	2648	12
U+5E3D	帽	2649	12
U+8D4B	赋	2650	12
U+8D4C	赌	2651	12
U+8D4E	赎	2652	12
U+8D50	赐	2653	12
U+8D54	赔	2654	12
U+9ED1	黑	2655	12
U+94F8	铸	2656	12
U+94FA	铺	2657	12
U+94FE	链	2658	12
U+9500	销	2659	12
U+9501	锁	2660	12
U+9504	锄	2661	12
U+9505	锅	2662	12
U+9508	锈	2663	12
U+950B	锋	2664	12
U+950C	锌	2665	12
U+9510	锐	2666	12
U+7525	甥	2667	12
U+63B0	掰	2668	12
U+77ED	短	2669	12
U+667A	智	2670	12
U+6C2E	氮	2671	12
U+6BEF	毯	2672	12
U+6C2F	氯	2673	12
U+9E45	鹅	2674	12
U+5269	剩	2675	12
U+7A0D	稍	2676	12
U+7A0B	程	2677	12
U+7A00	稀	2678	12
U+7A0E	税	2679	12
U+7B50	筐	2680	12
U+7B49	等	2681	12
U+7B51	筑	2682	12
U+7B56	策	2683	12
U+7B5B	筛	2684	12
U+7B52	筒	2685	12
U+7B4F	筏	2686	12
U+7B54	答	2687	12
U+7B4B	筋	2688	12
U+7B5D	筝	2689	12
U+50B2	傲	2690	12
U+5085	傅	2691	12
U+724C	牌	2692	12
U+5821	堡	2693	12
U+96C6	集	2694	12
U+7126	焦	2695	12
U+508D	傍	2696	12
U+50A8	储	2697	12
U+7693	皓	2698	12
U+7696	皖	2699	12
U+7CA4	粤	2700	12
U+5965	奥	2701	12
U+8857	街	2702	12
U+60E9	惩	2703	12
U+5FA1	御	2704	12
U+5FAA	循	2705	12
U+8247	艇	2706	12
U+8212	舒	2707	12
U+903E	逾	2708	12
U+756A	番	2709	12
U+91CA	释	2710	12
U+79BD	禽	2711	12
U+814A	腊	2712	12
U+813E	脾	2713	12
U+814B	腋	2714	12
U+8154	腔	2715	12
U+8155	腕	2716	12
U+9C81	鲁	2717	12
U+7329	猩	2718	12
U+732C	猬	2719	12
U+733E	猾	2720	12
U+7334	猴	2721	12
U+60EB	惫	2722	12
U+7136	然	2723	12
U+9988	馈	2724	12
U+998B	馋	2725	12
U+88C5	装	2726	12
U+86EE	蛮	2727	12
U+5C31	就	2728	12
U+6566	敦	2729	12
U+658C	斌	2730	12
U+75D8	痘	2731	12
U+75E2	痢	2732	12
U+75EA	痪	2733	12
U+75DB	痛	2734	12
U+7AE5	童	2735	12
U+7AE3	竣	2736	12
U+9614	阔	2737	12
U+5584	善	2738	12
U+7FD4	翔	2739	12
U+7FA1	羡	2740	12
U+666E	普	2741	12
U+7CAA	粪	2742	12
U+5C0A	尊	2743	12
U+5960	奠	2744	12
U+9053	道	2745	12
U+9042	遂	2746	12
U+66FE	曾	2747	12
U+7130	焰	2748	12
U+6E2F	港	2749	12
U+6EDE	滞	2750	12
U+6E56	湖	2751	12
U+6E58	湘	2752	12
U+6E23	渣	2753	12
U+6E24	渤	2754	12
U+6E3A	渺	2755	12
U+6E7F	湿	2756	12
U+6E29	温	2757	12
U+6E34	渴	2758	12
U+6E83	溃	2759	12
U+6E85	溅	2760	12
U+6ED1	滑	2761	12
U+6E43	湃	2762	12
U+6E1D	渝	2763	12
U+6E7E	湾	2764	12
U+6E21	渡	2765	12
U+6E38	游	2766	12
U+6ECB	滋	2767	12
U+6E32	渲	2768	12
U+6E89	溉	2769	12
U+6124	愤	2770	12
U+614C	慌	2771	12
U+60F0	惰	2772	12
U+6115	愕	2773	12
U+6123	愣	2774	12
U+60F6	惶	2775	12
U+6127	愧	2776	12
U+6109	愉	2777	12
U+6168	慨	2778	12
U+5272	割	2779	12
U+5BD2	寒	2780	12
U+5BCC	富	2781	12
U+5BD3	寓	2782	12
U+7A9C	窜	2783	12
U+7A9D	窝	2784	12
U+7A96	窖	2785	12
U+7A97	窗	2786	12
U+7A98	窘	2787	12
U+904D	遍	2788	12
U+96C7	雇	2789	12
U+88D5	裕	2790	12
U+88E4	裤	2791	12
U+88D9	裙	2792	12
U+7985	禅	2793	12
U+7984	禄	2794	12
U+8C22	谢	2795	12
U+8C23	谣	2796	12
U+8C24	谤	2797	12
U+8C26	谦	2798	12
U+7280	犀	2799	12
U+5C5E	属	2800	12
U+5C61	屡	2801	12
U+5F3A	强	2802	12
U+7CA5	粥	2803	12
U+758F	疏	2804	12
U+9694	隔	2805	12
U+9699	隙	2806	12
U+9698	隘	2807	12
U+5A92	媒	2808	12
U+7D6E	絮	2809	12
U+5AC2	嫂	2810	12
U+5A9A	媚	2811	12
U+5A7F	婿	2812	12
U+767B	登	2813	12
U+7F05	缅	2814	12
U+7F06	缆	2815	12
U+7F09	缉	2816	12
U+7F0E	缎	2817	12
U+7F13	缓	2818	12
U+7F14	缔	2819	12
U+7F15	缕	2820	12
U+9A97	骗	2821	12
U+7F16	编	2822	12
U+9A9A	骚	2823	12
U+7F18	缘	2824	12
U+745F	瑟	2825	13
U+9E49	鹉	2826	13
U+745E	瑞	2827	13
U+7470	瑰	2828	13
U+7459	瑙	2829	13
U+9B42	魂	2830	13
U+8086	肆	2831	13
U+6444	摄	2832	13
U+6478	摸	2833	13
U+586B	填	2834	13
U+640F	搏	2835	13
U+584C	塌	2836	13
U+9F13	鼓	2837	13
U+6446	摆	2838	13
U+643A	携	2839	13
U+642C	搬	2840	13
U+6447	摇	2841	13
U+641E	搞	2842	13
U+5858	塘	2843	13
U+644A	摊	2844	13
U+8058	聘	2845	13
U+659F	斟	2846	13
U+849C	蒜	2847	13
U+52E4	勤	2848	13
U+9774	靴	2849	13
U+9776	靶	2850	13
U+9E4A	鹊	2851	13
U+84DD	蓝	2852	13
U+5893	墓	2853	13
U+5E55	幕	2854	13
U+84EC	蓬	2855	13
U+84C4	蓄	2856	13
U+84B2	蒲	2857	13
U+84C9	蓉	2858	13
U+8499	蒙	2859	13
U+84B8	蒸	2860	13
U+732E	献	2861	13
U+693F	椿	2862	13
U+7981	禁	2863	13
U+695A	楚	2864	13
U+6977	楷	2865	13
U+6984	榄	2866	13
U+60F3	想	2867	13
U+69D0	槐	2868	13
U+6986	榆	2869	13
U+697C	楼	2870	13
U+6982	概	2871	13
U+8D56	赖	2872	13
U+916A	酪	2873	13
U+916C	酬	2874	13
U+611F	感	2875	13
U+788D	碍	2876	13
U+7898	碘	2877	13
U+7891	碑	2878	13
U+788E	碎	2879	13
U+78B0	碰	2880	13
U+7897	碗	2881	13
U+788C	碌	2882	13
U+5C34	尴	2883	13
U+96F7	雷	2884	13
U+96F6	零	2885	13
U+96FE	雾	2886	13
U+96F9	雹	2887	13
U+8F90	辐	2888	13
U+8F91	辑	2889	13
U+8F93	输	2890	13
U+7763	督	2891	13
U+9891	频	2892	13
U+9F84	龄	2893	13
U+9274	鉴	2894	13
U+775B	睛	2895	13
U+7779	睹	2896	13
U+7766	睦	2897	13
U+7784	瞄	2898	13
U+776B	睫	2899	13
U+7761	睡	2900	13
U+776C	睬	2901	13
U+55DC	嗜	2902	13
U+9119	鄙	2903	13
U+55E6	嗦	2904	13
U+611A	愚	2905	13
U+6696	暖	2906	13
U+76DF	盟	2907	13
U+6B47	歇	2908	13
U+6697	暗	2909	13
U+6687	暇	2910	13
U+7167	照	2911	13
U+7578	畸	2912	13
U+8DE8	跨	2913	13
U+8DF7	跷	2914	13
U+8DF3	跳	2915	13
U+8DFA	跺	2916	13
U+8DEA	跪	2917	13
U+8DEF	路	2918	13
U+8DE4	跤	2919	13
U+8DDF	跟	2920	13
U+9063	遣	2921	13
U+8708	蜈	2922	13
U+8717	蜗	2923	13
U+86FE	蛾	2924	13
U+8702	蜂	2925	13
U+8715	蜕	2926	13
U+55C5	嗅	2927	13
U+55E1	嗡	2928	13
U+55D3	嗓	2929	13
U+7F72	署	2930	13
U+7F6E	置	2931	13
U+7F6A	罪	2932	13
U+7F69	罩	2933	13
U+8700	蜀	2934	13
U+5E4C	幌	2935	13
U+9519	错	2936	13
U+951A	锚	2937	13
U+9521	锡	2938	13
U+9523	锣	2939	13
U+9524	锤	2940	13
U+9525	锥	2941	13
U+9526	锦	2942	13
U+952E	键	2943	13
U+952F	锯	2944	13
U+9530	锰	2945	13
U+77EE	矮	2946	13
U+8F9E	辞	2947	13
U+7A1A	稚	2948	13
U+7A20	稠	2949	13
U+9893	颓	2950	13
U+6101	愁	2951	13
U+7B79	筹	2952	13
U+7B7E	签	2953	13
U+7B80	简	2954	13
U+7B77	筷	2955	13
U+6BC1	毁	2956	13
U+8205	舅	2957	13
U+9F20	鼠	2958	13
U+50AC	催	2959	13
U+50BB	傻	2960	13
U+50CF	像	2961	13
U+8EB2	躲	2962	13
U+9B41	魁	2963	13
U+8859	衙	2964	13
U+5FAE	微	2965	13
U+6108	愈	2966	13
U+9065	遥	2967	13
U+817B	腻	2968	13
U+8170	腰	2969	13
U+8165	腥	2970	13
U+816E	腮	2971	13
U+8179	腹	2972	13
U+817A	腺	2973	13
U+9E4F	鹏	2974	13
U+817E	腾	2975	13
U+817F	腿	2976	13
U+9C8D	鲍	2977	13
U+733F	猿	2978	13
U+9896	颖	2979	13
U+89E6	触	2980	13
U+89E3	解	2981	13
U+715E	煞	2982	13
U+96CF	雏	2983	13
U+998D	馍	2984	13
U+998F	馏	2985	13
U+9171	酱	2986	13
U+7980	禀	2987	13
U+75F9	痹	2988	13
U+5ED3	廓	2989	13
U+75F4	痴	2990	13
U+75F0	痰	2991	13
U+5EC9	廉	2992	13
U+9756	靖	2993	13
U+65B0	新	2994	13
U+97F5	韵	2995	13
U+610F	意	2996	13
U+8A8A	誊	2997	13
U+7CAE	粮	2998	13
U+6570	数	2999	13
U+714E	煎	3000	13
U+5851	塑	3001	13
U+6148	慈	3002	13
U+7164	煤	3003	13
U+714C	煌	3004	13
U+6EE1	满	3005	13
U+6F20	漠	3006	13
U+6EC7	滇	3007	13
U+6E90	源	3008	13
U+6EE4	滤	3009	13
U+6EE5	滥	3010	13
U+6ED4	滔	3011	13
U+6EAA	溪	3012	13
U+6E9C	溜	3013	13
U+6F13	漓	3014	13
U+6EDA	滚	3015	13
U+6EA2	溢	3016	13
U+6EAF	溯	3017	13
U+6EE8	滨	3018	13
U+6EB6	溶	3019	13
U+6EBA	溺	3020	13
U+7CB1	粱	3021	13
U+6EE9	滩	3022	13
U+614E	慎	3023	13
U+8A89	誉	3024	13
U+585E	塞	3025	13
U+5BDE	寞	3026	13
U+7AA5	窥	3027	13
U+7A9F	窟	3028	13
U+5BDD	寝	3029	13
U+8C28	谨	3030	13
U+8902	褂	3031	13
U+88F8	裸	3032	13
U+798F	福	3033	13
U+8C2C	谬	3034	13
U+7FA4	群	3035	13
U+6BBF	殿	3036	13
U+8F9F	辟	3037	13
U+969C	障	3038	13
U+5AB3	媳	3039	13
U+5AC9	嫉	3040	13
U+5ACC	嫌	3041	13
U+5AC1	嫁	3042	13
U+53E0	叠	3043	13
U+7F1A	缚	3044	13
U+7F1D	缝	3045	13
U+7F20	缠	3046	13
U+7F24	缤	3047	13
U+527F	剿	3048	13
U+9759	静	3049	14
U+78A7	碧	3050	14
U+7483	璃	3051	14
U+8D58	赘	3052	14
U+71AC	熬	3053	14
U+5899	墙	3054	14
U+589F	墟	3055	14
U+5609	嘉	3056	14
U+6467	摧	3057	14
U+8D6B	赫	3058	14
U+622A	截	3059	14
U+8A93	誓	3060	14
U+5883	境	3061	14
U+6458	摘	3062	14
U+6454	摔	3063	14
U+6487	撇	3064	14
U+805A	聚	3065	14
U+6155	慕	3066	14
U+66AE	暮	3067	14
U+6479	摹	3068	14
U+8513	蔓	3069	14
U+8511	蔑	3070	14
U+8521	蔡	3071	14
U+8517	蔗	3072	14
U+853D	蔽	3073	14
U+853C	蔼	3074	14
U+7199	熙	3075	14
U+851A	蔚	3076	14
U+5162	兢	3077	14
U+6A21	模	3078	14
U+69DB	槛	3079	14
U+69B4	榴	3080	14
U+699C	榜	3081	14
U+69A8	榨	3082	14
U+6995	榕	3083	14
U+6B4C	歌	3084	14
U+906D	遭	3085	14
U+9175	酵	3086	14
U+9177	酷	3087	14
U+917F	酿	3088	14
U+9178	酸	3089	14
U+789F	碟	3090	14
U+78B1	碱	3091	14
U+78B3	碳	3092	14
U+78C1	磁	3093	14
U+613F	愿	3094	14
U+9700	需	3095	14
U+8F96	辖	3096	14
U+8F97	辗	3097	14
U+96CC	雌	3098	14
U+88F3	裳	3099	14
U+9897	颗	3100	14
U+7785	瞅	3101	14
U+5885	墅	3102	14
U+55FD	嗽	3103	14
U+8E0A	踊	3104	14
U+873B	蜻	3105	14
U+8721	蜡	3106	14
U+8747	蝇	3107	14
U+8718	蜘	3108	14
U+8749	蝉	3109	14
U+561B	嘛	3110	14
U+5600	嘀	3111	14
U+8D5A	赚	3112	14
U+9539	锹	3113	14
U+953B	锻	3114	14
U+9540	镀	3115	14
U+821E	舞	3116	14
U+8214	舔	3117	14
U+7A33	稳	3118	14
U+718F	熏	3119	14
U+7B95	箕	3120	14
U+7B97	算	3121	14
U+7BA9	箩	3122	14
U+7BA1	管	3123	14
U+7BAB	箫	3124	14
U+8206	舆	3125	14
U+50DA	僚	3126	14
U+50E7	僧	3127	14
U+9F3B	鼻	3128	14
U+9B44	魄	3129	14
U+9B45	魅	3130	14
U+8C8C	貌	3131	14
U+819C	膜	3132	14
U+818A	膊	3133	14
U+8180	膀	3134	14
U+9C9C	鲜	3135	14
U+7591	疑	3136	14
U+5B75	孵	3137	14
U+9992	馒	3138	14
U+88F9	裹	3139	14
U+6572	敲	3140	14
U+8C6A	豪	3141	14
U+818F	膏	3142	14
U+906E	遮	3143	14
U+8150	腐	3144	14
U+7629	瘩	3145	14
U+761F	瘟	3146	14
U+7626	瘦	3147	14
U+8FA3	辣	3148	14
U+5F70	彰	3149	14
U+7AED	竭	3150	14
U+7AEF	端	3151	14
U+65D7	旗	3152	14
U+7CBE	精	3153	14
U+7CB9	粹	3154	14
U+6B49	歉	3155	14
U+5F0A	弊	3156	14
U+7184	熄	3157	14
U+7194	熔	3158	14
U+717D	煽	3159	14
U+6F47	潇	3160	14
U+6F06	漆	3161	14
U+6F31	漱	3162	14
U+6F02	漂	3163	14
U+6F2B	漫	3164	14
U+6EF4	滴	3165	14
U+6F3E	漾	3166	14
U+6F14	演	3167	14
U+6F0F	漏	3168	14
U+6162	慢	3169	14
U+6177	慷	3170	14
U+5BE8	寨	3171	14
U+8D5B	赛	3172	14
U+5BE1	寡	3173	14
U+5BDF	察	3174	14
U+871C	蜜	3175	14
U+5BE5	寥	3176	14
U+8C2D	谭	3177	14
U+8087	肇	3178	14
U+8910	褐	3179	14
U+892A	褪	3180	14
U+8C31	谱	3181	14
U+96A7	隧	3182	14
U+5AE9	嫩	3183	14
U+7FE0	翠	3184	14
U+718A	熊	3185	14
U+51F3	凳	3186	14
U+9AA1	骡	3187	14
U+7F29	缩	3188	14
U+6167	慧	3189	15
U+64B5	撵	3190	15
U+6495	撕	3191	15
U+6492	撒	3192	15
U+64A9	撩	3193	15
U+8DA3	趣	3194	15
U+8D9F	趟	3195	15
U+6491	撑	3196	15
U+64AE	撮	3197	15
U+64AC	撬	3198	15
U+64AD	播	3199	15
U+64D2	擒	3200	15
U+58A9	墩	3201	15
U+649E	撞	3202	15
U+64A4	撤	3203	15
U+589E	增	3204	15
U+64B0	撰	3205	15
U+806A	聪	3206	15
U+978B	鞋	3207	15
U+978D	鞍	3208	15
U+8549	蕉	3209	15
U+854A	蕊	3210	15
U+852C	蔬	3211	15
U+8574	蕴	3212	15
U+6A2A	横	3213	15
U+69FD	槽	3214	15
U+6A31	樱	3215	15
U+6A61	橡	3216	15
U+6A1F	樟	3217	15
U+6A44	橄	3218	15
U+6577	敷	3219	15
U+8C4C	豌	3220	15
U+98D8	飘	3221	15
U+918B	醋	3222	15
U+9187	醇	3223	15
U+9189	醉	3224	15
U+78D5	磕	3225	15
U+78CA	磊	3226	15
U+78C5	磅	3227	15
U+78BE	碾	3228	15
U+9707	震	3229	15
U+9704	霄	3230	15
U+9709	霉	3231	15
U+7792	瞒	3232	15
U+9898	题	3233	15
U+66B4	暴	3234	15
U+778E	瞎	3235	15
U+563B	嘻	3236	15
U+5636	嘶	3237	15
U+5632	嘲	3238	15
U+5639	嘹	3239	15
U+5F71	影	3240	15
U+8E22	踢	3241	15
U+8E0F	踏	3242	15
U+8E29	踩	3243	15
U+8E2A	踪	3244	15
U+8776	蝶	3245	15
U+8774	蝴	3246	15
U+8760	蝠	3247	15
U+874E	蝎	3248	15
U+874C	蝌	3249	15
U+8757	蝗	3250	15
U+8759	蝙	3251	15
U+563F	嘿	3252	15
U+5631	嘱	3253	15
U+5E62	幢	3254	15
U+58A8	墨	3255	15
U+9547	镇	3256	15
U+9550	镐	3257	15
U+9551	镑	3258	15
U+9760	靠	3259	15
U+7A3D	稽	3260	15
U+7A3B	稻	3261	15
U+9ECE	黎	3262	15
U+7A3F	稿	3263	15
U+7A3C	稼	3264	15
U+7BB1	箱	3265	15
U+7BD3	篓	3266	15
U+7BAD	箭	3267	15
U+7BC7	篇	3268	15
U+50F5	僵	3269	15
U+8EBA	躺	3270	15
U+50FB	僻	3271	15
U+5FB7	德	3272	15
U+8258	艘	3273	15
U+819D	膝	3274	15
U+819B	膛	3275	15
U+9CA4	鲤	3276	15
U+9CAB	鲫	3277	15
U+719F	熟	3278	15
U+6469	摩	3279	15
U+8912	褒	3280	15
U+762A	瘪	3281	15
U+7624	瘤	3282	15
U+762B	瘫	3283	15
U+51DB	凛	3284	15
U+989C	颜	3285	15
U+6BC5	毅	3286	15
U+7CCA	糊	3287	15
U+9075	遵	3288	15
U+618B	憋	3289	15
U+6F5C	潜	3290	15
U+6F8E	澎	3291	15
U+6F6E	潮	3292	15
U+6F6D	潭	3293	15
U+9CA8	鲨	3294	15
U+6FB3	澳	3295	15
U+6F58	潘	3296	15
U+6F88	澈	3297	15
U+6F9C	澜	3298	15
U+6F84	澄	3299	15
U+61C2	懂	3300	15
U+6194	憔	3301	15
U+61CA	懊	3302	15
U+618E	憎	3303	15
U+989D	额	3304	15
U+7FE9	翩	3305	15
U+8925	褥	3306	15
U+8C34	谴	3307	15
U+9E64	鹤	3308	15
U+61A8	憨	3309	15
U+6170	慰	3310	15
U+5288	劈	3311	15
U+5C65	履	3312	15
U+8C6B	豫	3313	15
U+7F2D	缭	3314	15
U+64BC	撼	3315	16
U+64C2	擂	3316	16
U+64CD	操	3317	16
U+64C5	擅	3318	16
U+71D5	燕	3319	16
U+857E	蕾	3320	16
U+85AF	薯	3321	16
U+859B	薛	3322	16
U+8587	薇	3323	16
U+64CE	擎	3324	16
U+85AA	薪	3325	16
U+8584	薄	3326	16
U+98A0	颠	3327	16
U+7FF0	翰	3328	16
U+5669	噩	3329	16
U+6A71	橱	3330	16
U+6A59	橙	3331	16
U+6A58	橘	3332	16
U+6574	整	3333	16
U+878D	融	3334	16
U+74E2	瓢	3335	16
U+9192	醒	3336	16
U+970D	霍	3337	16
U+970E	霎	3338	16
U+8F99	辙	3339	16
U+5180	冀	3340	16
U+9910	餐	3341	16
U+5634	嘴	3342	16
U+8E31	踱	3343	16
U+8E44	蹄	3344	16
U+8E42	蹂	3345	16
U+87C6	蟆	3346	16
U+8783	螃	3347	16
U+5668	器	3348	16
U+566A	噪	3349	16
U+9E66	鹦	3350	16
U+8D60	赠	3351	16
U+9ED8	默	3352	16
U+9ED4	黔	3353	16
U+955C	镜	3354	16
U+8D5E	赞	3355	16
U+7A46	穆	3356	16
U+7BEE	篮	3357	16
U+7BE1	篡	3358	16
U+7BF7	篷	3359	16
U+7BF1	篱	3360	16
U+5112	儒	3361	16
U+9080	邀	3362	16
U+8861	衡	3363	16
U+81A8	膨	3364	16
U+96D5	雕	3365	16
U+9CB8	鲸	3366	16
U+78E8	磨	3367	16
U+763E	瘾	3368	16
U+7638	瘸	3369	16
U+51DD	凝	3370	16
U+8FA8	辨	3371	16
U+8FA9	辩	3372	16
U+7CD9	糙	3373	16
U+7CD6	糖	3374	16
U+7CD5	糕	3375	16
U+71C3	燃	3376	16
U+6FD2	濒	3377	16
U+6FA1	澡	3378	16
U+6FC0	激	3379	16
U+61D2	懒	3380	16
U+61BE	憾	3381	16
U+61C8	懈	3382	16
U+7ABF	窿	3383	16
U+58C1	壁	3384	16
U+907F	避	3385	16
U+7F30	缰	3386	16
U+7F34	缴	3387	16
U+6234	戴	3388	17
U+64E6	擦	3389	17
U+85C9	藉	3390	17
U+97A0	鞠	3391	17
U+85CF	藏	3392	17
U+85D0	藐	3393	17
U+6AAC	檬	3394	17
U+6A90	檐	3395	17
U+6A80	檀	3396	17
U+7901	礁	3397	17
U+78F7	磷	3398	17
U+971C	霜	3399	17
U+971E	霞	3400	17
U+77AD	瞭	3401	17
U+77A7	瞧	3402	17
U+77AC	瞬	3403	17
U+77B3	瞳	3404	17
U+77A9	瞩	3405	17
U+77AA	瞪	3406	17
U+66D9	曙	3407	17
U+8E4B	蹋	3408	17
U+8E48	蹈	3409	17
U+87BA	螺	3410	17
U+87CB	蟋	3411	17
U+87C0	蟀	3412	17
U+568E	嚎	3413	17
U+8D61	赡	3414	17
U+7A57	穗	3415	17
U+9B4F	魏	3416	17
U+7C27	簧	3417	17
U+7C07	簇	3418	17
U+7E41	繁	3419	17
U+5FBD	徽	3420	17
U+7235	爵	3421	17
U+6726	朦	3422	17
U+81CA	臊	3423	17
U+9CC4	鳄	3424	17
U+764C	癌	3425	17
U+8FAB	辫	3426	17
U+8D62	赢	3427	17
U+7CDF	糟	3428	17
U+7CE0	糠	3429	17
U+71E5	燥	3430	17
U+61E6	懦	3431	17
U+8C41	豁	3432	17
U+81C0	臀	3433	17
U+81C2	臂	3434	17
U+7FFC	翼	3435	17
U+9AA4	骤	3436	17
U+85D5	藕	3437	18
U+97AD	鞭	3438	18
U+85E4	藤	3439	18
U+8986	覆	3440	18
U+77BB	瞻	3441	18
U+8E66	蹦	3442	18
U+56A3	嚣	3443	18
U+9570	镰	3444	18
U+7FFB	翻	3445	18
U+9CCD	鳍	3446	18
U+9E70	鹰	3447	18
U+7011	瀑	3448	18
U+895F	襟	3449	18
U+74A7	璧	3450	18
U+6233	戳	3451	18
U+5B7D	孽	3452	19
U+8B66	警	3453	19
U+8611	蘑	3454	19
U+85FB	藻	3455	19
U+6500	攀	3456	19
U+66DD	曝	3457	19
U+8E72	蹲	3458	19
U+8E6D	蹭	3459	19
U+8E6C	蹬	3460	19
U+5DC5	巅	3461	19
U+7C38	簸	3462	19
U+7C3F	簿	3463	19
U+87F9	蟹	3464	19
U+98A4	颤	3465	19
U+9761	靡	3466	19
U+7663	癣	3467	19
U+74E3	瓣	3468	19
U+7FB9	羹	3469	19
U+9CD6	鳖	3470	19
U+7206	爆	3471	19
U+7586	疆	3472	19
U+9B13	鬓	3473	20
U+58E4	壤	3474	20
U+99A8	馨	3475	20
U+8000	耀	3476	20
U+8E81	躁	3477	20
U+8815	蠕	3478	20
U+56BC	嚼	3479	20
U+56B7	嚷	3480	20
U+5DCD	巍	3481	20
U+7C4D	籍	3482	20
U+9CDE	鳞	3483	20
U+9B54	魔	3484	20
U+7CEF	糯	3485	20
U+704C	灌	3486	20
U+8B6C	譬	3487	20
U+8822	蠢	3488	21
U+9738	霸	3489	21
U+9732	露	3490	21
U+9739	霹	3491	21
U+8E8F	躏	3492	21
U+9EEF	黯	3493	21
U+9AD3	髓	3494	21
U+8D63	赣	3495	21
U+56CA	囊	3496	22
U+9576	镶	3497	22
U+74E4	瓤	3498	22
U+7F50	罐	3499	23
U+77D7	矗	3500	24
U+4E42	乂	3501	2
U+4E5C	乜	3502	2
U+5140	兀	3503	3
U+5F0B	弋	3504	3
U+5B51	孑	3505	3
U+5B53	孓	3506	3
U+5E7A	幺	3507	3
U+4E93	亓	3508	4
U+97E6	韦	3509	4
U+5EFF	廿	3510	4
U+4E0F	丏	3511	4
U+5345	卅	3512	4
U+4EC4	仄	3513	4
U+5384	厄	3514	4
U+4EC3	仃	3515	4
U+4EC9	仉	3516	4
U+4EC2	仂	3517	4
U+516E	兮	3518	4
U+5208	刈	3519	4
U+723B	爻	3520	4
U+535E	卞	3521	4
U+95E9	闩	3522	4
U+8BA3	讣	3523	4
U+5C39	尹	3524	4
U+592C	夬	3525	4
U+723F	爿	3526	4
U+6BCB	毋	3527	4
U+9097	邗	3528	5
U+909B	邛	3529	5
U+827D	艽	3530	5
U+827F	艿	3531	5
U+672D	札	3532	5
U+53F5	叵	3533	5
U+531D	匝	3534	5
U+4E15	丕	3535	5
U+531C	匜	3536	5
U+52A2	劢	3537	5
U+535F	卟	3538	5
U+53F1	叱	3539	5
U+53FB	叻	3540	5
U+4EE8	仨	3541	5
U+4ED5	仕	3542	5
U+4EDF	仟	3543	5
U+4EE1	仡	3544	5
U+4EEB	仫	3545	5
U+4EDE	仞	3546	5
U+536E	卮	3547	5
U+6C10	氐	3548	5
U+72B0	犰	3549	5
U+520D	刍	3550	5
U+909D	邝	3551	5
U+9099	邙	3552	5
U+6C40	汀	3553	5
U+8BA6	讦	3554	5
U+8BA7	讧	3555	5
U+8BAA	讪	3556	5
U+8BAB	讫	3557	5
U+5C3B	尻	3558	5
U+9621	阡	3559	5
U+5C15	尕	3560	5
U+5F01	弁	3561	5
U+9A6D	驭	3562	5
U+5321	匡	3563	6
U+8012	耒	3564	6
U+738E	玎	3565	6
U+7391	玑	3566	6
U+90A2	邢	3567	6
U+5729	圩	3568	6
U+572C	圬	3569	6
U+572D	圭	3570	6
U+6266	扦	3571	6
U+572A	圪	3572	6
U+5733	圳	3573	6
U+5739	圹	3574	6
U+626A	扪	3575	6
U+572E	圮	3576	6
U+572F	圯	3577	6
U+828A	芊	3578	6
U+828D	芍	3579	6
U+8284	芄	3580	6
U+82A8	芨	3581	6
U+8291	芑	3582	6
U+828E	芎	3583	6
U+8297	芗	3584	6
U+4E98	亘	3585	6
U+538D	厍	3586	6
U+593C	夼	3587	6
U+620D	戍	3588	6
U+5C25	尥	3589	6
U+4E69	乩	3590	6
U+65EF	旯	3591	6
U+66F3	曳	3592	6
U+5C8C	岌	3593	6
U+5C7A	屺	3594	6
U+51FC	凼	3595	6
U+56E1	囡	3596	6
U+9487	钇	3597	6
U+7F36	缶	3598	6
U+6C18	氘	3599	6
U+6C16	氖	3600	6
U+725D	牝	3601	6
U+4F0E	伎	3602	6
U+4F1B	伛	3603	6
U+4F22	伢	3604	6
U+4F64	佤	3605	6
U+4EF5	仵	3606	6
U+4F25	伥	3607	6
U+4F27	伧	3608	6
U+4F09	伉	3609	6
U+4F2B	伫	3610	6
U+56DF	囟	3611	6
U+6C46	汆	3612	6
U+5216	刖	3613	6
U+5919	夙	3614	6
U+65EE	旮	3615	6
U+520E	刎	3616	6
U+72B7	犷	3617	6
U+72B8	犸	3618	6
U+821B	舛	3619	6
U+51EB	凫	3620	6
U+90AC	邬	3621	6
U+9967	饧	3622	6
U+6C55	汕	3623	6
U+6C54	汔	3624	6
U+6C50	汐	3625	6
U+6C72	汲	3626	6
U+6C5C	汜	3627	6
U+6C4A	汊	3628	6
U+5FD6	忖	3629	6
U+5FCF	忏	3630	6
U+8BB4	讴	3631	6
U+8BB5	讵	3632	6
U+7941	祁	3633	6
U+8BB7	讷	3634	6
U+807F	聿	3635	6
U+826E	艮	3636	6
U+53BE	厾	3637	6
U+9631	阱	3638	6
U+962E	阮	3639	6
U+962A	阪	3640	6
U+4E1E	丞	3641	6
U+5981	妁	3642	6
U+725F	牟	3643	6
U+7EA1	纡	3644	6
U+7EA3	纣	3645	6
U+7EA5	纥	3646	6
U+7EA8	纨	3647	6
U+7395	玕	3648	7
U+7399	玙	3649	7
U+629F	抟	3650	7
U+6294	抔	3651	7
U+573B	圻	3652	7
U+5742	坂	3653	7
U+574D	坍	3654	7
U+575E	坞	3655	7
U+6283	抃	3656	7
U+6289	抉	3657	7
U+39D0	㧐	3658	7
U+82AB	芫	3659	7
U+90AF	邯	3660	7
U+82B8	芸	3661	7
U+82BE	芾	3662	7
U+82C8	苈	3663	7
U+82E3	苣	3664	7
U+82B7	芷	3665	7
U+82AE	芮	3666	7
U+82CB	苋	3667	7
U+82BC	芼	3668	7
U+82CC	苌	3669	7
U+82C1	苁	3670	7
U+82A9	芩	3671	7
U+82AA	芪	3672	7
U+82A1	芡	3673	7
U+829F	芟	3674	7
U+82C4	苄	3675	7
U+82CE	苎	3676	7
U+82E1	苡	3677	7
U+674C	杌	3678	7
U+6753	杓	3679	7
U+675E	杞	3680	7
U+6748	杈	3681	7
U+5FD1	忑	3682	7
U+5B5B	孛	3683	7
U+90B4	邴	3684	7
U+90B3	邳	3685	7
U+77F6	矶	3686	7
U+5941	奁	3687	7
U+8C55	豕	3688	7
U+5FD2	忒	3689	7
U+6B24	欤	3690	7
U+8F6B	轫	3691	7
U+8FD3	迓	3692	7
U+90B6	邶	3693	7
U+5FD0	忐	3694	7
U+5363	卣	3695	7
U+90BA	邺	3696	7
U+65F0	旰	3697	7
U+544B	呋	3698	7
U+5452	呒	3699	7
U+5453	呓	3700	7
U+5454	呔	3701	7
U+5456	呖	3702	7
U+5443	呃	3703	7
U+65F8	旸	3704	7
U+5421	吡	3705	7
U+753A	町	3706	7
U+866C	虬	3707	7
U+5457	呗	3708	7
U+543D	吽	3709	7
U+5423	吣	3710	7
U+5432	吲	3711	7
U+5E0F	帏	3712	7
U+5C90	岐	3713	7
U+5C88	岈	3714	7
U+5C98	岘	3715	7
U+5C91	岑	3716	7
U+5C9A	岚	3717	7
U+5155	兕	3718	7
U+56F5	囵	3719	7
U+56EB	囫	3720	7
U+948A	钊	3721	7
U+948B	钋	3722	7
U+948C	钌	3723	7
U+8FD5	迕	3724	7
U+6C19	氙	3725	7
U+6C1A	氚	3726	7
U+7264	牤	3727	7
U+4F5E	佞	3728	7
U+90B1	邱	3729	7
U+6538	攸	3730	7
U+4F5A	佚	3731	7
U+4F5D	佝	3732	7
U+4F5F	佟	3733	7
U+4F57	佗	3734	7
U+4F3D	伽	3735	7
U+5F77	彷	3736	7
U+4F58	佘	3737	7
U+4F65	佥	3738	7
U+5B5A	孚	3739	7
U+8C78	豸	3740	7
U+574C	坌	3741	7
U+809F	肟	3742	7
U+90B8	邸	3743	7
U+5942	奂	3744	7
U+52AC	劬	3745	7
U+72C4	狄	3746	7
U+72C1	狁	3747	7
U+9E20	鸠	3748	7
U+90B9	邹	3749	7
U+9968	饨	3750	7
U+9969	饩	3751	7
U+996A	饪	3752	7
U+996B	饫	3753	7
U+996C	饬	3754	7
U+4EA8	亨	3755	7
U+5E91	庑	3756	7
U+5E8B	庋	3757	7
U+7594	疔	3758	7
U+7596	疖	3759	7
U+8093	肓	3760	7
U+95F1	闱	3761	7
U+95F3	闳	3762	7
U+95F5	闵	3763	7
U+7F8C	羌	3764	7
U+7080	炀	3765	7
U+6CA3	沣	3766	7
U+6C85	沅	3767	7
U+6C94	沔	3768	7
U+6CA4	沤	3769	7
U+6C8C	沌	3770	7
U+6C8F	沏	3771	7
U+6C9A	沚	3772	7
U+6C69	汩	3773	7
U+6C68	汨	3774	7
U+6C82	沂	3775	7
U+6C7E	汾	3776	7
U+6CA8	沨	3777	7
U+6C74	汴	3778	7
U+6C76	汶	3779	7
U+6C86	沆	3780	7
U+6CA9	沩	3781	7
U+6CD0	泐	3782	7
U+6003	怃	3783	7
U+6004	怄	3784	7
U+5FE1	忡	3785	7
U+5FE4	忤	3786	7
U+5FFE	忾	3787	7
U+6005	怅	3788	7
U+5FFB	忻	3789	7
U+5FEA	忪	3790	7
U+6006	怆	3791	7
U+5FED	忭	3792	7
U+5FF8	忸	3793	7
U+8BC2	诂	3794	7
U+8BC3	诃	3795	7
U+8BC5	诅	3796	7
U+8BCB	诋	3797	7
U+8BCC	诌	3798	7
U+8BCF	诏	3799	7
U+8BD2	诒	3800	7
U+5B5C	孜	3801	7
U+9647	陇	3802	7
U+9640	陀	3803	7
U+9642	陂	3804	7
U+9649	陉	3805	7
U+598D	妍	3806	7
U+59A9	妩	3807	7
U+59AA	妪	3808	7
U+59A3	妣	3809	7
U+598A	妊	3810	7
U+5997	妗	3811	7
U+59AB	妫	3812	7
U+599E	妞	3813	7
U+59D2	姒	3814	7
U+59A4	妤	3815	7
U+90B5	邵	3816	7
U+52AD	劭	3817	7
U+522D	刭	3818	7
U+752C	甬	3819	7
U+90B0	邰	3820	7
U+7EAD	纭	3821	7
U+7EB0	纰	3822	7
U+7EB4	纴	3823	7
U+7EB6	纶	3824	7
U+7EBE	纾	3825	7
U+73AE	玮	3826	8
U+73A1	玡	3827	8
U+73AD	玭	3828	8
U+73A0	玠	3829	8
U+73A2	玢	3830	8
U+73A5	玥	3831	8
U+73A6	玦	3832	8
U+76C2	盂	3833	8
U+5FDD	忝	3834	8
U+5326	匦	3835	8
U+5769	坩	3836	8
U+62A8	抨	3837	8
U+62E4	拤	3838	8
U+576B	坫	3839	8
U+62C8	拈	3840	8
U+5786	垆	3841	8
U+62BB	抻	3842	8
U+52BC	劼	3843	8
U+62C3	拃	3844	8
U+62CA	拊	3845	8
U+577C	坼	3846	8
U+577B	坻	3847	8
U+39DF	㧟	3848	8
U+5768	坨	3849	8
U+576D	坭	3850	8
U+62BF	抿	3851	8
U+5773	坳	3852	8
U+8036	耶	3853	8
U+82F7	苷	3854	8
U+82EF	苯	3855	8
U+82E4	苤	3856	8
U+830F	茏	3857	8
U+82EB	苫	3858	8
U+82DC	苜	3859	8
U+82F4	苴	3860	8
U+82D2	苒	3861	8
U+82D8	苘	3862	8
U+830C	茌	3863	8
U+82FB	苻	3864	8
U+82D3	苓	3865	8
U+831A	茚	3866	8
U+8306	茆	3867	8
U+8311	茑	3868	8
U+8313	茓	3869	8
U+8314	茔	3870	8
U+8315	茕	3871	8
U+8300	茀	3872	8
U+82D5	苕	3873	8
U+67A5	枥	3874	8
U+6787	枇	3875	8
U+676A	杪	3876	8
U+6773	杳	3877	8
U+67A7	枧	3878	8
U+6775	杵	3879	8
U+67A8	枨	3880	8
U+679E	枞	3881	8
U+678B	枋	3882	8
U+677B	杻	3883	8
U+6777	杷	3884	8
U+677C	杼	3885	8
U+77F8	矸	3886	8
U+7800	砀	3887	8
U+5233	刳	3888	8
U+5944	奄	3889	8
U+74EF	瓯	3890	8
U+6B81	殁	3891	8
U+90CF	郏	3892	8
U+8F6D	轭	3893	8
U+90C5	郅	3894	8
U+9E22	鸢	3895	8
U+76F1	盱	3896	8
U+660A	昊	3897	8
U+6619	昙	3898	8
U+6772	杲	3899	8
U+6603	昃	3900	8
U+5482	咂	3901	8
U+5478	呸	3902	8
U+6615	昕	3903	8
U+6600	昀	3904	8
U+65FB	旻	3905	8
U+6609	昉	3906	8
U+7085	炅	3907	8
U+5494	咔	3908	8
U+7540	畀	3909	8
U+866E	虮	3910	8
U+5480	咀	3911	8
U+5477	呷	3912	8
U+9EFE	黾	3913	8
U+5471	呱	3914	8
U+5464	呤	3915	8
U+549A	咚	3916	8
U+5486	咆	3917	8
U+549B	咛	3918	8
U+5476	呶	3919	8
U+5463	呣	3920	8
U+5466	呦	3921	8
U+549D	咝	3922	8
U+5CA2	岢	3923	8
U+5CBF	岿	3924	8
U+5CAC	岬	3925	8
U+5CAB	岫	3926	8
U+5E19	帙	3927	8
U+5CA3	岣	3928	8
U+5CC1	峁	3929	8
U+523F	刿	3930	8
U+8FE5	迥	3931	8
U+5CB7	岷	3932	8
U+5240	剀	3933	8
U+5E14	帔	3934	8
U+5CC4	峄	3935	8
U+6C93	沓	3936	8
U+56F9	囹	3937	8
U+7F54	罔	3938	8
U+948D	钍	3939	8
U+948E	钎	3940	8
U+948F	钏	3941	8
U+9492	钒	3942	8
U+9495	钕	3943	8
U+9497	钗	3944	8
U+90BE	邾	3945	8
U+8FEE	迮	3946	8
U+7266	牦	3947	8
U+7AFA	竺	3948	8
U+8FE4	迤	3949	8
U+4F76	佶	3950	8
U+4F6C	佬	3951	8
U+4F70	佰	3952	8
U+4F91	侑	3953	8
U+4F89	侉	3954	8
U+81FE	臾	3955	8
U+5CB1	岱	3956	8
U+4F97	侗	3957	8
U+4F83	侃	3958	8
U+4F8F	侏	3959	8
U+4FA9	侩	3960	8
U+4F7B	佻	3961	8
U+4F7E	佾	3962	8
U+4FAA	侪	3963	8
U+4F7C	佼	3964	8
U+4F6F	佯	3965	8
U+4FAC	侬	3966	8
U+5E1B	帛	3967	8
U+961C	阜	3968	8
U+4F94	侔	3969	8
U+5F82	徂	3970	8
U+523D	刽	3971	8
U+90C4	郄	3972	8
U+6002	怂	3973	8
U+7C74	籴	3974	8
U+74EE	瓮	3975	8
U+6217	戗	3976	8
U+80BC	肼	3977	8
U+43DD	䏝	3978	8
U+80BD	肽	3979	8
U+80B1	肱	3980	8
U+80AB	肫	3981	8
U+5241	剁	3982	8
U+8FE9	迩	3983	8
U+90C7	郇	3984	8
U+72D9	狙	3985	8
U+72CE	狎	3986	8
U+72CD	狍	3987	8
U+72D2	狒	3988	8
U+548E	咎	3989	8
U+7099	炙	3990	8
U+67AD	枭	3991	8
U+996F	饯	3992	8
U+9974	饴	3993	8
U+51BD	冽	3994	8
U+51BC	冼	3995	8
U+5E96	庖	3996	8
U+75A0	疠	3997	8
U+759D	疝	3998	8
U+75A1	疡	3999	8
U+5156	兖	4000	8
U+59BE	妾	4001	8
U+52BE	劾	4002	8
U+709C	炜	4003	8
U+2C27C	𬉼	4004	8
U+7096	炖	4005	8
U+7098	炘	4006	8
U+709D	炝	4007	8
U+7094	炔	4008	8
U+6CD4	泔	4009	8
U+6CAD	沭	4010	8
U+6CF7	泷	4011	8
U+6CF8	泸	4012	8
U+6CF1	泱	4013	8
U+6CC5	泅	4014	8
U+6CD7	泗	4015	8
U+6CE0	泠	4016	8
U+6CFA	泺	4017	8
U+6CD6	泖	4018	8
U+6CEB	泫	4019	8
U+6CEE	泮	4020	8
U+6CB1	沱	4021	8
U+6CEF	泯	4022	8
U+6CD3	泓	4023	8
U+6CFE	泾	4024	8
U+6019	怙	4025	8
U+6035	怵	4026	8
U+6026	怦	4027	8
U+601B	怛	4028	8
U+600F	怏	4029	8
U+600D	怍	4030	8
U+3918	㤘	4031	8
U+6029	怩	4032	8
U+602B	怫	4033	8
U+603F	怿	4034	8
U+5B95	宕	4035	8
U+7A79	穹	4036	8
U+5B93	宓	4037	8
U+8BD3	诓	4038	8
U+8BD4	诔	4039	8
U+8BD6	诖	4040	8
U+8BD8	诘	4041	8
U+623E	戾	4042	8
U+8BD9	诙	4043	8
U+623D	戽	4044	8
U+90D3	郓	4045	8
U+8869	衩	4046	8
U+7946	祆	4047	8
U+794E	祎	4048	8
U+7949	祉	4049	8
U+7947	祇	4050	8
U+8BDB	诛	4051	8
U+8BDC	诜	4052	8
U+8BDF	诟	4053	8
U+8BE0	诠	4054	8
U+8BE3	诣	4055	8
U+8BE4	诤	4056	8
U+8BE7	诧	4057	8
U+8BE8	诨	4058	8
U+8BE9	诩	4059	8
U+6215	戕	4060	8
U+5B62	孢	4061	8
U+4E9F	亟	4062	8
U+9654	陔	4063	8
U+59B2	妲	4064	8
U+59AF	妯	4065	8
U+59D7	姗	4066	8
U+5E11	帑	4067	8
U+5F29	弩	4068	8
U+5B65	孥	4069	8
U+9A7D	驽	4070	8
U+8671	虱	4071	8
U+8FE6	迦	4072	8
U+8FE8	迨	4073	8
U+7EC0	绀	4074	8
U+7EC1	绁	4075	8
U+7EC2	绂	4076	8
U+9A77	驷	4077	8
U+9A78	驸	4078	8
U+7EC9	绉	4079	8
U+7ECC	绌	4080	8
U+9A7F	驿	4081	8
U+9A80	骀	4082	8
U+753E	甾	4083	8
U+73CF	珏	4084	9
U+73D0	珐	4085	9
U+73C2	珂	4086	9
U+73D1	珑	4087	9
U+73B3	玳	4088	9
U+73C0	珀	4089	9
U+9878	顸	4090	9
U+73C9	珉	4091	9
U+73C8	珈	4092	9
U+62EE	拮	4093	9
U+57AD	垭	4094	9
U+631D	挝	4095	9
U+57A3	垣	4096	9
U+631E	挞	4097	9
U+57A4	垤	4098	9
U+8D73	赳	4099	9
U+8D32	贲	4100	9
U+57B1	垱	4101	9
U+578C	垌	4102	9
U+90DD	郝	4103	9
U+57A7	垧	4104	9
U+5793	垓	4105	9
U+6326	挦	4106	9
U+57A0	垠	4107	9
U+831C	茜	4108	9
U+835A	荚	4109	9
U+8351	荑	4110	9
U+8D33	贳	4111	9
U+835C	荜	4112	9
U+8392	莒	4113	9
U+833C	茼	4114	9
U+8334	茴	4115	9
U+8331	茱	4116	9
U+839B	莛	4117	9
U+835E	荞	4118	9
U+832F	茯	4119	9
U+834F	荏	4120	9
U+8347	荇	4121	9
U+8343	荃	4122	9
U+835F	荟	4123	9
U+8340	荀	4124	9
U+8317	茗	4125	9
U+8360	荠	4126	9
U+832D	茭	4127	9
U+8328	茨	4128	9
U+57A9	垩	4129	9
U+8365	荥	4130	9
U+8366	荦	4131	9
U+8368	荨	4132	9
U+8369	荩	4133	9
U+524B	剋	4134	9
U+836A	荪	4135	9
U+8339	茹	4136	9
U+836C	荬	4137	9
U+836E	荮	4138	9
U+67F0	柰	4139	9
U+6809	栉	4140	9
U+67EF	柯	4141	9
U+67D8	柘	4142	9
U+680A	栊	4143	9
U+67E9	柩	4144	9
U+67B0	枰	4145	9
U+680C	栌	4146	9
U+67D9	柙	4147	9
U+67B5	枵	4148	9
U+67DA	柚	4149	9
U+67B3	枳	4150	9
U+67DE	柞	4151	9
U+67DD	柝	4152	9
U+6800	栀	4153	9
U+67E2	柢	4154	9
U+680E	栎	4155	9
U+67B8	枸	4156	9
U+67C8	柈	4157	9
U+67C1	柁	4158	9
U+67B7	枷	4159	9
U+67FD	柽	4160	9
U+524C	剌	4161	9
U+914A	酊	4162	9
U+90E6	郦	4163	9
U+752D	甭	4164	9
U+7817	砗	4165	9
U+7818	砘	4166	9
U+7812	砒	4167	9
U+65AB	斫	4168	9
U+782D	砭	4169	9
U+781C	砜	4170	9
U+594E	奎	4171	9
U+8037	耷	4172	9
U+867A	虺	4173	9
U+6B82	殂	4174	9
U+6B87	殇	4175	9
U+6B84	殄	4176	9
U+6B86	殆	4177	9
U+8F71	轱	4178	9
U+8F72	轲	4179	9
U+8F73	轳	4180	9
U+8F76	轶	4181	9
U+8F78	轸	4182	9
U+867F	虿	4183	9
U+6BD6	毖	4184	9
U+89C7	觇	4185	9
U+5C1C	尜	4186	9
U+54D0	哐	4187	9
U+7704	眄	4188	9
U+770D	眍	4189	9
U+20CD0	𠳐	4190	10
U+90E2	郢	4191	9
U+7707	眇	4192	9
U+770A	眊	4193	9
U+7708	眈	4194	9
U+79BA	禺	4195	9
U+54C2	哂	4196	9
U+54B4	咴	4197	9
U+66F7	曷	4198	9
U+6634	昴	4199	9
U+6631	昱	4200	9
U+6635	昵	4201	9
U+54A6	咦	4202	9
U+54D3	哓	4203	9
U+54D4	哔	4204	9
U+754E	畎	4205	9
U+6BD7	毗	4206	9
U+5472	呲	4207	9
U+80C4	胄	4208	9
U+754B	畋	4209	9
U+7548	畈	4210	9
U+867C	虼	4211	9
U+867B	虻	4212	9
U+76C5	盅	4213	9
U+54A3	咣	4214	9
U+54D5	哕	4215	9
U+5250	剐	4216	9
U+90E7	郧	4217	9
U+54BB	咻	4218	9
U+56FF	囿	4219	9
U+54BF	咿	4220	9
U+54CC	哌	4221	9
U+54D9	哙	4222	9
U+54DA	哚	4223	9
U+54AF	咯	4224	9
U+54A9	咩	4225	9
U+54A4	咤	4226	9
U+54DD	哝	4227	9
U+54CF	哏	4228	9
U+54DE	哞	4229	9
U+5CD9	峙	4230	9
U+5CE3	峣	4231	9
U+7F58	罘	4232	9
U+5E27	帧	4233	9
U+5CD2	峒	4234	9
U+5CE4	峤	4235	9
U+5CCB	峋	4236	9
U+5CE5	峥	4237	9
U+8D36	贶	4238	9
U+949A	钚	4239	9
U+949B	钛	4240	9
U+94A1	钡	4241	9
U+94A3	钣	4242	9
U+94A4	钤	4243	9
U+94A8	钨	4244	9
U+94AB	钫	4245	9
U+94AF	钯	4246	9
U+6C21	氡	4247	9
U+6C1F	氟	4248	9
U+726F	牯	4249	9
U+90DC	郜	4250	9
U+79D5	秕	4251	9
U+79ED	秭	4252	9
U+7AFD	竽	4253	9
U+7B08	笈	4254	9
U+7B03	笃	4255	9
U+4FE6	俦	4256	9
U+4FE8	俨	4257	9
U+4FC5	俅	4258	9
U+4FEA	俪	4259	9
U+53DF	叟	4260	9
U+57A1	垡	4261	9
U+726E	牮	4262	9
U+4FE3	俣	4263	9
U+4FDA	俚	4264	9
U+7688	皈	4265	9
U+4FD1	俑	4266	9
U+4FDF	俟	4267	9
U+9005	逅	4268	9
U+5F87	徇	4269	9
U+5F89	徉	4270	9
U+8222	舢	4271	9
U+4FDE	俞	4272	9
U+90D7	郗	4273	9
U+4FCE	俎	4274	9
U+90E4	郤	4275	9
U+7230	爰	4276	9
U+90DB	郛	4277	9
U+74F4	瓴	4278	9
U+80E8	胨	4279	9
U+80EA	胪	4280	9
U+80DB	胛	4281	9
U+80C2	胂	4282	9
U+80D9	胙	4283	9
U+80CD	胍	4284	9
U+80D7	胗	4285	9
U+80DD	胝	4286	9
U+6710	朐	4287	9
U+80EB	胫	4288	9
U+9E28	鸨	4289	9
U+530D	匍	4290	9
U+72E8	狨	4291	9
U+72EF	狯	4292	9
U+98D1	飑	4293	9
U+72E9	狩	4294	9
U+72F2	狲	4295	9
U+8A07	訇	4296	9
U+9004	逄	4297	9
U+661D	昝	4298	9
U+9977	饷	4299	9
U+9978	饸	4300	9
U+9979	饹	4301	9
U+80E4	胤	4302	9
U+5B6A	孪	4303	9
U+5A08	娈	4304	9
U+5F08	弈	4305	9
U+5955	奕	4306	9
U+5EA5	庥	4307	9
U+75AC	疬	4308	9
U+75A3	疣	4309	9
U+75A5	疥	4310	9
U+75AD	疭	4311	9
U+5EA0	庠	4312	9
U+7AD1	竑	4313	9
U+5F66	彦	4314	9
U+98D2	飒	4315	9
U+95FC	闼	4316	9
U+95FE	闾	4317	9
U+95FF	闿	4318	9
U+9602	阂	4319	9
U+7F91	羑	4320	9
U+8FF8	迸	4321	9
U+7C7C	籼	4322	9
U+914B	酋	4323	9
U+70B3	炳	4324	9
U+70BB	炻	4325	9
U+70BD	炽	4326	9
U+70AF	炯	4327	9
U+70C0	烀	4328	9
U+70B7	炷	4329	9
U+70C3	烃	4330	9
U+6D31	洱	4331	9
U+6D39	洹	4332	9
U+6D27	洧	4333	9
U+6D0C	洌	4334	9
U+6D43	浃	4335	9
U+6D07	洇	4336	9
U+6D04	洄	4337	9
U+6D19	洙	4338	9
U+6D8E	涎	4339	9
U+6D0E	洎	4340	9
U+6D2B	洫	4341	9
U+6D4D	浍	4342	9
U+6D2E	洮	4343	9
U+6D35	洵	4344	9
U+6D52	浒	4345	9
U+6D54	浔	4346	9
U+6D55	浕	4347	9
U+6D33	洳	4348	9
U+6078	恸	4349	9
U+6053	恓	4350	9
U+6079	恹	4351	9
U+606B	恫	4352	9
U+607A	恺	4353	9
U+607B	恻	4354	9
U+6042	恂	4355	9
U+606A	恪	4356	9
U+607D	恽	4357	9
U+5BA5	宥	4358	9
U+6243	扃	4359	9
U+8872	衲	4360	9
U+887D	衽	4361	9
U+887F	衿	4362	9
U+8882	袂	4363	9
U+795B	祛	4364	9
U+795C	祜	4365	9
U+7953	祓	4366	9
U+795A	祚	4367	9
U+8BEE	诮	4368	9
U+7957	祗	4369	9
U+7962	祢	4370	9
U+8BF0	诰	4371	9
U+8BF3	诳	4372	9
U+9E29	鸩	4373	9
U+6636	昶	4374	9
U+90E1	郡	4375	9
U+54AB	咫	4376	9
U+5F2D	弭	4377	9
U+7241	牁	4378	9
U+80E5	胥	4379	9
U+965B	陛	4380	9
U+965F	陟	4381	9
U+5A05	娅	4382	9
U+59EE	姮	4383	9
U+5A06	娆	4384	9
U+59DD	姝	4385	9
U+59E3	姣	4386	9
U+59D8	姘	4387	9
U+59F9	姹	4388	9
U+603C	怼	4389	9
U+7FBF	羿	4390	9
U+70B1	炱	4391	9
U+77DC	矜	4392	9
U+7ED4	绔	4393	9
U+9A81	骁	4394	9
U+9A85	骅	4395	9
U+7ED7	绗	4396	9
U+7EDB	绛	4397	9
U+9A88	骈	4398	9
U+8016	耖	4399	10
U+6308	挈	4400	10
U+73E5	珥	4401	10
U+73D9	珙	4402	10
U+987C	顼	4403	10
U+73F0	珰	4404	10
U+73E9	珩	4405	10
U+73E7	珧	4406	10
U+73E3	珣	4407	10
U+73DE	珞	4408	10
U+7424	琤	4409	10
U+73F2	珲	4410	10
U+6556	敖	4411	10
U+605A	恚	4412	10
U+57D4	埔	4413	10
U+57D5	埕	4414	10
U+57D8	埘	4415	10
U+57D9	埙	4416	10
U+57DA	埚	4417	10
U+6339	挹	4418	10
U+8006	耆	4419	10
U+8004	耄	4420	10
U+57D2	埒	4421	10
U+634B	捋	4422	10
U+8D3D	贽	4423	10
U+57B8	垸	4424	10
U+6343	捃	4425	10
U+76CD	盍	4426	10
U+8378	荸	4427	10
U+8386	莆	4428	10
U+83B3	莳	4429	10
U+83B4	莴	4430	10
U+83AA	莪	4431	10
U+83A0	莠	4432	10
U+8393	莓	4433	10
U+839C	莜	4434	10
U+8385	莅	4435	10
U+837C	荼	4436	10
U+83A9	莩	4437	10
U+837D	荽	4438	10
U+83B8	莸	4439	10
U+837B	荻	4440	10
U+8398	莘	4441	10
U+838E	莎	4442	10
U+839E	莞	4443	10
U+83A8	莨	4444	10
U+9E2A	鸪	4445	10
U+83BC	莼	4446	10
U+6832	栲	4447	10
U+6833	栳	4448	10
U+90F4	郴	4449	10
U+6853	桓	4450	10
U+6861	桡	4451	10
U+684E	桎	4452	10
U+6862	桢	4453	10
U+6864	桤	4454	10
U+6883	梃	4455	10
U+681D	栝	4456	10
U+6855	桕	4457	10
U+6841	桁	4458	10
U+6867	桧	4459	10
U+6845	桅	4460	10
U+681F	栟	4461	10
U+6849	桉	4462	10
U+6829	栩	4463	10
U+9011	逑	4464	10
U+900B	逋	4465	10
U+5F67	彧	4466	10
U+9B32	鬲	4467	10
U+8C47	豇	4468	10
U+9150	酐	4469	10
U+9026	逦	4470	10
U+539D	厝	4471	10
U+5B6C	孬	4472	10
U+781D	砝	4473	10
U+7839	砹	4474	10
U+783A	砺	4475	10
U+7827	砧	4476	10
U+7837	砷	4477	10
U+781F	砟	4478	10
U+783C	砼	4479	10
U+7825	砥	4480	10
U+7823	砣	4481	10
U+525E	剞	4482	10
U+783B	砻	4483	10
U+8F7C	轼	4484	10
U+8F7E	轾	4485	10
U+8F82	辂	4486	10
U+9E2B	鸫	4487	10
U+8DB8	趸	4488	10
U+9F80	龀	4489	10
U+9E2C	鸬	4490	10
U+8654	虔	4491	10
U+900D	逍	4492	10
U+772C	眬	4493	10
U+551B	唛	4494	10
U+665F	晟	4495	10
U+7729	眩	4496	10
U+7719	眙	4497	10
U+54E7	哧	4498	10
U+54FD	哽	4499	10
U+5514	唔	4500	10
U+6641	晁	4501	10
U+664F	晏	4502	10
U+9E2E	鸮	4503	10
U+8DB5	趵	4504	10
U+8DBF	趿	4505	10
U+755B	畛	4506	10
U+86A8	蚨	4507	10
U+869C	蚜	4508	10
U+868D	蚍	4509	10
U+868B	蚋	4510	10
U+86AC	蚬	4511	10
U+869D	蚝	4512	10
U+86A7	蚧	4513	10
U+5522	唢	4514	10
U+5704	圄	4515	10
U+5523	唣	4516	10
U+550F	唏	4517	10
U+76CE	盎	4518	10
U+5511	唑	4519	10
U+5D02	崂	4520	10
U+5D03	崃	4521	10
U+7F61	罡	4522	10
U+7F5F	罟	4523	10
U+5CEA	峪	4524	10
U+89CA	觊	4525	10
U+8D45	赅	4526	10
U+94B0	钰	4527	10
U+94B2	钲	4528	10
U+94B4	钴	4529	10
U+94B5	钵	4530	10
U+94B9	钹	4531	10
U+94BA	钺	4532	10
U+94BD	钽	4533	10
U+94BC	钼	4534	10
U+94BF	钿	4535	10
U+94C0	铀	4536	10
U+94C2	铂	4537	10
U+94C4	铄	4538	10
U+94C6	铆	4539	10
U+94C8	铈	4540	10
U+94C9	铉	4541	10
U+94CA	铊	4542	10
U+94CB	铋	4543	10
U+94CC	铌	4544	10
U+94CD	铍	4545	10
U+497D	䥽	4546	13
U+94CE	铎	4547	10
U+6C29	氩	4548	10
U+6C24	氤	4549	10
U+6C26	氦	4550	10
U+6BEA	毪	4551	10
U+8210	舐	4552	10
U+79E3	秣	4553	10
U+79EB	秫	4554	10
U+76C9	盉	4555	10
U+7B04	笄	4556	10
U+7B15	笕	4557	10
U+7B0A	笊	4558	10
U+7B0F	笏	4559	10
U+7B06	笆	4560	10
U+4FF8	俸	4561	10
U+5029	倩	4562	10
U+4FF5	俵	4563	10
U+504C	偌	4564	10
U+4FF3	俳	4565	10
U+4FF6	俶	4566	10
U+502C	倬	4567	10
U+500F	倏	4568	10
U+6041	恁	4569	10
U+502D	倭	4570	10
U+502A	倪	4571	10
U+4FFE	俾	4572	10
U+501C	倜	4573	10
U+96BC	隼	4574	10
U+96BD	隽	4575	10
U+500C	倌	4576	10
U+5025	倥	4577	10
U+81EC	臬	4578	10
U+768B	皋	4579	10
U+90EB	郫	4580	10
U+5028	倨	4581	10
U+8844	衄	4582	10
U+9880	颀	4583	10
U+5F95	徕	4584	10
U+822B	舫	4585	10
U+91DC	釜	4586	10
U+595A	奚	4587	10
U+887E	衾	4588	10
U+80EF	胯	4589	10
U+80F1	胱	4590	10
U+80F4	胴	4591	10
U+80ED	胭	4592	10
U+810D	脍	4593	10
U+80FC	胼	4594	10
U+6715	朕	4595	10
U+8112	脒	4596	10
U+80FA	胺	4597	10
U+9E31	鸱	4598	10
U+73BA	玺	4599	10
U+9E32	鸲	4600	10
U+72F7	狷	4601	10
U+7301	猁	4602	10
U+72F3	狳	4603	10
U+7303	猃	4604	10
U+72FA	狺	4605	10
U+9016	逖	4606	10
U+6840	桀	4607	10
U+8885	袅	4608	10
U+997D	饽	4609	10
U+51C7	凇	4610	10
U+683E	栾	4611	10
U+631B	挛	4612	10
U+4EB3	亳	4613	10
U+75B3	疳	4614	10
U+75B4	疴	4615	10
U+75B8	疸	4616	10
U+75BD	疽	4617	10
U+75C8	痈	4618	10
U+75B1	疱	4619	10
U+75C2	痂	4620	10
U+75C9	痉	4621	10
U+886E	衮	4622	10
U+51CB	凋	4623	10
U+9883	颃	4624	10
U+6063	恣	4625	10
U+65C6	旆	4626	10
U+65C4	旄	4627	10
U+65C3	旃	4628	10
U+9603	阃	4629	10
U+9604	阄	4630	10
U+8A1A	訚	4631	10
U+9606	阆	4632	10
U+6059	恙	4633	10
U+7C91	粑	4634	10
U+6714	朔	4635	10
U+90F8	郸	4636	10
U+70DC	烜	4637	10
U+70E8	烨	4638	10
U+70E9	烩	4639	10
U+70CA	烊	4640	10
U+5261	剡	4641	10
U+90EF	郯	4642	10
U+70EC	烬	4643	10
U+6D91	涑	4644	10
U+6D6F	浯	4645	10
U+6D9E	涞	4646	10
U+6D9F	涟	4647	10
U+5A11	娑	4648	10
U+6D85	涅	4649	10
U+6DA0	涠	4650	10
U+6D5E	浞	4651	10
U+6D93	涓	4652	10
U+6D65	浥	4653	10
U+6D94	涔	4654	10
U+6D5C	浜	4655	10
U+6D60	浠	4656	10
U+6D63	浣	4657	10
U+6D5A	浚	4658	10
U+609A	悚	4659	10
U+60AD	悭	4660	10
U+609D	悝	4661	10
U+6092	悒	4662	10
U+608C	悌	4663	10
U+609B	悛	4664	10
U+5BB8	宸	4665	10
U+7A88	窈	4666	10
U+525C	剜	4667	10
U+8BF9	诹	4668	10
U+51A2	冢	4669	10
U+8BFC	诼	4670	10
U+8892	袒	4671	10
U+88A2	袢	4672	10
U+796F	祯	4673	10
U+8BFF	诿	4674	10
U+8C00	谀	4675	10
U+8C02	谂	4676	10
U+8C04	谄	4677	10
U+8C07	谇	4678	10
U+5C50	屐	4679	10
U+5C59	屙	4680	10
U+966C	陬	4681	10
U+52D0	勐	4682	10
U+5958	奘	4683	10
U+7242	牂	4684	10
U+86A9	蚩	4685	10
U+9672	陲	4686	10
U+59EC	姬	4687	10
U+5A20	娠	4688	10
U+5A0C	娌	4689	10
U+5A09	娉	4690	10
U+5A32	娲	4691	10
U+5A29	娩	4692	10
U+5A34	娴	4693	10
U+5A23	娣	4694	10
U+5A13	娓	4695	10
U+5A40	婀	4696	10
U+755A	畚	4697	10
U+9021	逡	4698	10
U+7EE0	绠	4699	10
U+9A8A	骊	4700	10
U+7EE1	绡	4701	10
U+9A8B	骋	4702	10
U+7EE5	绥	4703	10
U+7EE6	绦	4704	10
U+7EE8	绨	4705	10
U+9A8E	骎	4706	10
U+9095	邕	4707	10
U+9E36	鸶	4708	10
U+5F57	彗	4709	11
U+801C	耜	4710	11
U+7118	焘	4711	11
U+8202	舂	4712	11
U+740F	琏	4713	11
U+7407	琇	4714	11
U+9EB8	麸	4715	11
U+63F6	揶	4716	11
U+57F4	埴	4717	11
U+57EF	埯	4718	11
U+636F	捯	4719	11
U+63B3	掳	4720	11
U+63B4	掴	4721	11
U+57F8	埸	4722	11
U+57F5	埵	4723	11
U+8D67	赧	4724	11
U+57E4	埤	4725	11
U+636D	捭	4726	11
U+9035	逵	4727	11
U+57DD	埝	4728	11
U+580B	堋	4729	11
U+580D	堍	4730	11
U+63AC	掬	4731	11
U+9E37	鸷	4732	11
U+6396	掖	4733	11
U+637D	捽	4734	11
U+638A	掊	4735	11
U+5809	堉	4736	11
U+63B8	掸	4737	11
U+6369	捩	4738	11
U+63AE	掮	4739	11
U+60AB	悫	4740	11
U+57ED	埭	4741	11
U+57FD	埽	4742	11
U+6387	掇	4743	11
U+63BC	掼	4744	11
U+8043	聃	4745	11
U+83C1	菁	4746	11
U+8401	萁	4747	11
U+83D8	菘	4748	11
U+5807	堇	4749	11
U+8418	萘	4750	11
U+840B	萋	4751	11
U+83FD	菽	4752	11
U+83D6	菖	4753	11
U+841C	萜	4754	11
U+8438	萸	4755	11
U+8411	萑	4756	11
U+68FB	棻	4757	11
U+83D4	菔	4758	11
U+83DF	菟	4759	11
U+840F	萏	4760	11
U+8403	萃	4761	11
U+83CF	菏	4762	11
U+83F9	菹	4763	11
U+83EA	菪	4764	11
U+83C5	菅	4765	11
U+83C0	菀	4766	11
U+8426	萦	4767	11
U+83F0	菰	4768	11
U+83E1	菡	4769	11
U+68B5	梵	4770	11
U+68BF	梿	4771	11
U+688F	梏	4772	11
U+89CB	觋	4773	11
U+6874	桴	4774	11
U+6877	桷	4775	11
U+6893	梓	4776	11
U+68C1	棁	4777	11
U+686B	桫	4778	11
U+68C2	棂	4779	11
U+556C	啬	4780	11
U+90FE	郾	4781	11
U+532E	匮	4782	11
U+6555	敕	4783	11
U+8C49	豉	4784	11
U+9104	鄄	4785	11
U+915E	酞	4786	11
U+915A	酚	4787	11
U+621B	戛	4788	11
U+784E	硎	4789	11
U+786D	硭	4790	11
U+7852	硒	4791	11
U+7856	硖	4792	11
U+7857	硗	4793	11
U+7850	硐	4794	11
U+7847	硇	4795	11
U+784C	硌	4796	11
U+9E38	鸸	4797	11
U+74E0	瓠	4798	11
U+530F	匏	4799	11
U+53A9	厩	4800	11
U+9F9A	龚	4801	11
U+6B92	殒	4802	11
U+6B93	殓	4803	11
U+6B8D	殍	4804	11
U+8D49	赉	4805	11
U+96E9	雩	4806	11
U+8F84	辄	4807	11
U+5811	堑	4808	11
U+772D	眭	4809	11
U+7726	眦	4810	11
U+5567	啧	4811	11
U+6661	晡	4812	11
U+6664	晤	4813	11
U+773A	眺	4814	11
U+7735	眵	4815	11
U+7738	眸	4816	11
U+570A	圊	4817	11
U+558F	喏	4818	11
U+55B5	喵	4819	11
U+5549	啉	4820	11
U+52D6	勖	4821	11
U+665E	晞	4822	11
U+5535	唵	4823	11
U+6657	晗	4824	11
U+5195	冕	4825	11
U+556D	啭	4826	11
U+7566	畦	4827	11
U+8DBA	趺	4828	11
U+556E	啮	4829	11
U+8DC4	跄	4830	11
U+86B6	蚶	4831	11
U+86C4	蛄	4832	11
U+86CE	蛎	4833	11
U+86C6	蛆	4834	11
U+86B0	蚰	4835	11
U+86CA	蛊	4836	11
U+5709	圉	4837	11
U+86B1	蚱	4838	11
U+86C9	蛉	4839	11
U+86CF	蛏	4840	11
U+86B4	蚴	4841	11
U+5541	啁	4842	11
U+5555	啕	4843	11
U+553F	唿	4844	11
U+5550	啐	4845	11
U+553C	唼	4846	11
U+5537	唷	4847	11
U+5556	啖	4848	11
U+5575	啵	4849	11
U+5576	啶	4850	11
U+5577	啷	4851	11
U+5533	唳	4852	11
U+5530	唰	4853	11
U+555C	啜	4854	11
U+5E3B	帻	4855	11
U+5D1A	崚	4856	11
U+5D26	崦	4857	11
U+5E3C	帼	4858	11
U+5D2E	崮	4859	11
U+5D24	崤	4860	11
U+5D06	崆	4861	11
U+8D47	赇	4862	11
U+8D48	赈	4863	11
U+8D4A	赊	4864	11
U+94D1	铑	4865	11
U+94D2	铒	4866	11
U+94D7	铗	4867	11
U+94D9	铙	4868	11
U+94DF	铟	4869	11
U+94E0	铠	4870	11
U+94E1	铡	4871	11
U+94E2	铢	4872	11
U+94E3	铣	4873	11
U+94E4	铤	4874	11
U+94E7	铧	4875	11
U+94E8	铨	4876	11
U+94E9	铩	4877	11
U+94EA	铪	4878	11
U+94EB	铫	4879	11
U+94EC	铬	4880	11
U+94EE	铮	4881	11
U+94EF	铯	4882	11
U+94F0	铰	4883	11
U+94F1	铱	4884	11
U+94F3	铳	4885	11
U+94F5	铵	4886	11
U+94F7	铷	4887	11
U+6C2A	氪	4888	11
U+727E	牾	4889	11
U+9E39	鸹	4890	11
U+79FE	秾	4891	11
U+9036	逶	4892	11
U+7B3A	笺	4893	11
U+7B47	筇	4894	11
U+7B38	笸	4895	11
U+7B2A	笪	4896	11
U+7B2E	笮	4897	11
U+7B20	笠	4898	11
U+7B25	笥	4899	11
U+7B24	笤	4900	11
U+7B33	笳	4901	11
U+7B3E	笾	4902	11
U+7B1E	笞	4903	11
U+507E	偾	4904	11
U+5043	偃	4905	11
U+5055	偕	4906	11
U+5048	偈	4907	11
U+5080	傀	4908	11
U+506C	偬	4909	11
U+507B	偻	4910	11
U+7691	皑	4911	11
U+768E	皎	4912	11
U+9E3B	鸻	4913	11
U+5F9C	徜	4914	11
U+8238	舸	4915	11
U+823B	舻	4916	11
U+8234	舴	4917	11
U+8237	舷	4918	11
U+9F9B	龛	4919	11
U+7FCE	翎	4920	11
U+812C	脬	4921	11
U+8118	脘	4922	11
U+8132	脲	4923	11
U+5310	匐	4924	11
U+7317	猗	4925	11
U+7321	猡	4926	11
U+731E	猞	4927	11
U+731D	猝	4928	11
U+659B	斛	4929	11
U+7315	猕	4930	11
U+9997	馗	4931	11
U+9983	馃	4932	11
U+9984	馄	4933	11
U+9E3E	鸾	4934	11
U+5B70	孰	4935	11
U+5EB9	庹	4936	11
U+5EBE	庾	4937	11
U+75D4	痔	4938	11
U+75CD	痍	4939	11
U+75B5	疵	4940	11
U+7FCA	翊	4941	11
U+65CC	旌	4942	11
U+65CE	旎	4943	11
U+88A4	袤	4944	11
U+9607	阇	4945	11
U+9608	阈	4946	11
U+9609	阉	4947	11
U+960A	阊	4948	11
U+960B	阋	4949	11
U+960D	阍	4950	11
U+960F	阏	4951	11
U+7F9F	羟	4952	11
U+7C9D	粝	4953	11
U+7C95	粕	4954	11
U+655D	敝	4955	11
U+7110	焐	4956	11
U+70EF	烯	4957	11
U+7113	焓	4958	11
U+70FD	烽	4959	11
U+7116	焖	4960	11
U+70F7	烷	4961	11
U+7117	焗	4962	11
U+6E0D	渍	4963	11
U+6E1A	渚	4964	11
U+6DC7	淇	4965	11
U+6DC5	淅	4966	11
U+6DDE	淞	4967	11
U+6E0E	渎	4968	11
U+6DBF	涿	4969	11
U+6DD6	淖	4970	11
U+6332	挲	4971	11
U+6DE0	淠	4972	11
U+6DB8	涸	4973	11
U+6E11	渑	4974	11
U+6DE6	淦	4975	11
U+6DDD	淝	4976	11
U+6DEC	淬	4977	11
U+6DAA	涪	4978	11
U+6DD9	淙	4979	11
U+6DAB	涫	4980	11
U+6E0C	渌	4981	11
U+6DC4	淄	4982	11
U+60EC	惬	4983	11
U+60BB	悻	4984	11
U+60B1	悱	4985	11
U+60DD	惝	4986	11
U+60D8	惘	4987	11
U+60B8	悸	4988	11
U+60C6	惆	4989	11
U+60DA	惚	4990	11
U+60C7	惇	4991	11
U+60EE	惮	4992	11
U+7A95	窕	4993	11
U+8C0C	谌	4994	11
U+8C0F	谏	4995	11
U+6248	扈	4996	11
U+76B2	皲	4997	11
U+8C11	谑	4998	11
U+88C6	裆	4999	11
U+88B7	袷	5000	11
U+88C9	裉	5001	11
U+8C12	谒	5002	11
U+8C14	谔	5003	11
U+8C15	谕	5004	11
U+8C16	谖	5005	11
U+8C17	谗	5006	11
U+8C19	谙	5007	11
U+8C1B	谛	5008	11
U+8C1D	谝	5009	11
U+902F	逯	5010	11
U+90FF	郿	5011	11
U+9688	隈	5012	11
U+7C9C	粜	5013	11
U+968D	隍	5014	11
U+9697	隗	5015	11
U+5A67	婧	5016	11
U+5A4A	婊	5017	11
U+5A55	婕	5018	11
U+5A3C	娼	5019	11
U+5A62	婢	5020	11
U+5A75	婵	5021	11
U+80EC	胬	5022	11
U+8888	袈	5023	11
U+7FCC	翌	5024	11
U+607F	恿	5025	11
U+6B38	欸	5026	11
U+7EEB	绫	5027	11
U+9A90	骐	5028	11
U+7EEE	绮	5029	11
U+7EEF	绯	5030	11
U+7EF1	绱	5031	11
U+9A92	骒	5032	11
U+7EF2	绲	5033	11
U+9A93	骓	5034	11
U+7EF6	绶	5035	11
U+7EFA	绺	5036	11
U+7EFB	绻	5037	11
U+7EFE	绾	5038	11
U+9A96	骖	5039	11
U+7F01	缁	5040	11
U+8020	耠	5041	12
U+742B	琫	5042	12
U+7435	琵	5043	12
U+7436	琶	5044	12
U+742A	琪	5045	12
U+745B	瑛	5046	12
U+7426	琦	5047	12
U+7425	琥	5048	12
U+7428	琨	5049	12
U+9753	靓	5050	12
U+7430	琰	5051	12
U+742E	琮	5052	12
U+742F	琯	5053	12
U+742C	琬	5054	12
U+741B	琛	5055	12
U+741A	琚	5056	12
U+8F87	辇	5057	12
U+9F0B	鼋	5058	12
U+63F3	揳	5059	12
U+581E	堞	5060	12
U+643D	搽	5061	12
U+63F8	揸	5062	12
U+63E0	揠	5063	12
U+5819	堙	5064	12
U+8D84	趄	5065	12
U+63D6	揖	5066	12
U+9889	颉	5067	12
U+5844	塄	5068	12
U+63FF	揿	5069	12
U+800B	耋	5070	12
U+63C4	揄	5071	12
U+86E9	蛩	5072	12
U+86F0	蛰	5073	12
U+5846	塆	5074	12
U+6452	摒	5075	12
U+63C6	揆	5076	12
U+63BE	掾	5077	12
U+8052	聒	5078	12
U+8451	葑	5079	12
U+845A	葚	5080	12
U+9770	靰	5081	12
U+9778	靸	5082	12
U+8473	葳	5083	12
U+847A	葺	5084	12
U+8478	葸	5085	12
U+843C	萼	5086	12
U+8446	葆	5087	12
U+8469	葩	5088	12
U+8476	葶	5089	12
U+848C	蒌	5090	12
U+8431	萱	5091	12
U+621F	戟	5092	12
U+846D	葭	5093	12
U+696E	楮	5094	12
U+68FC	棼	5095	12
U+691F	椟	5096	12
U+68F9	棹	5097	12
U+6924	椤	5098	12
U+68F0	棰	5099	12
U+8D4D	赍	5100	12
U+690B	椋	5101	12
U+6901	椁	5102	12
U+692A	椪	5103	12
U+68E3	棣	5104	12
U+6910	椐	5105	12
U+9E41	鹁	5106	12
U+8983	覃	5107	12
U+9164	酤	5108	12
U+9162	酢	5109	12
U+9161	酡	5110	12
U+9E42	鹂	5111	12
U+53A5	厥	5112	12
U+6B9A	殚	5113	12
U+6B9B	殛	5114	12
U+96EF	雯	5115	12
U+96F1	雱	5116	12
U+8F8A	辊	5117	12
U+8F8B	辋	5118	12
U+6920	椠	5119	12
U+8F8D	辍	5120	12
U+8F8E	辎	5121	12
U+6590	斐	5122	12
U+7744	睄	5123	12
U+7751	睑	5124	12
U+7747	睇	5125	12
U+7743	睃	5126	12
U+6222	戢	5127	12
U+558B	喋	5128	12
U+55D2	嗒	5129	12
U+5583	喃	5130	12
U+55B1	喱	5131	12
U+55B9	喹	5132	12
U+6677	晷	5133	12
U+5588	喈	5134	12
U+8DD6	跖	5135	12
U+8DD7	跗	5136	12
U+8DDE	跞	5137	12
U+8DDA	跚	5138	12
U+8DCE	跎	5139	12
U+8DCF	跏	5140	12
U+8DC6	跆	5141	12
U+86F1	蛱	5142	12
U+86F2	蛲	5143	12
U+86ED	蛭	5144	12
U+86F3	蛳	5145	12
U+86D0	蛐	5146	12
U+86D4	蛔	5147	12
U+86DE	蛞	5148	12
U+86F4	蛴	5149	12
U+86DF	蛟	5150	12
U+86D8	蛘	5151	12
U+5581	喁	5152	12
U+559F	喟	5153	12
U+557E	啾	5154	12
U+55D6	嗖	5155	12
U+5591	喑	5156	12
U+55DF	嗟	5157	12
U+55BD	喽	5158	12
U+55DE	嗞	5159	12
U+5580	喀	5160	12
U+5594	喔	5161	12
U+5599	喙	5162	12
U+5D58	嵘	5163	12
U+5D56	嵖	5164	12
U+5D34	崴	5165	12
U+9044	遄	5166	12
U+8A48	詈	5167	12
U+5D4E	嵎	5168	12
U+5D3D	崽	5169	12
U+5D6C	嵬	5170	12
U+5D5B	嵛	5171	12
U+5D6F	嵯	5172	12
U+5D5D	嵝	5173	12
U+5D6B	嵫	5174	12
U+5E44	幄	5175	12
U+5D4B	嵋	5176	12
U+8D55	赕	5177	12
U+94FB	铻	5178	12
U+94FC	铼	5179	12
U+94FF	铿	5180	12
U+9503	锃	5181	12
U+9502	锂	5182	12
U+9506	锆	5183	12
U+9507	锇	5184	12
U+9509	锉	5185	12
U+950F	锏	5186	12
U+9511	锑	5187	12
U+9512	锒	5188	12
U+9514	锔	5189	12
U+9515	锕	5190	12
U+63A3	掣	5191	12
U+77EC	矬	5192	12
U+6C30	氰	5193	12
U+6BF3	毳	5194	12
U+6BFD	毽	5195	12
U+728A	犊	5196	12
U+7284	犄	5197	12
U+728B	犋	5198	12
U+9E44	鹄	5199	12
U+728D	犍	5200	12
U+5D47	嵇	5201	12
U+9ECD	黍	5202	12
U+7A03	稃	5203	12
U+7A02	稂	5204	12
U+7B5A	筚	5205	12
U+7B75	筵	5206	12
U+7B4C	筌	5207	12
U+50A3	傣	5208	12
U+5088	傈	5209	12
U+8204	舄	5210	12
U+724D	牍	5211	12
U+50A5	傥	5212	12
U+50A7	傧	5213	12
U+9051	遑	5214	12
U+50A9	傩	5215	12
U+9041	遁	5216	12
U+5FA8	徨	5217	12
U+5AAD	媭	5218	12
U+7572	畲	5219	12
U+5F11	弑	5220	12
U+988C	颌	5221	12
U+7FD5	翕	5222	12
U+91C9	釉	5223	12
U+9E46	鹆	5224	12
U+821C	舜	5225	12
U+8C82	貂	5226	12
U+8148	腈	5227	12
U+814C	腌	5228	12
U+8153	腓	5229	12
U+8146	腆	5230	12
U+8174	腴	5231	12
U+8151	腑	5232	12
U+815A	腚	5233	12
U+8171	腱	5234	12
U+9C7F	鱿	5235	12
U+9C80	鲀	5236	12
U+9C82	鲂	5237	12
U+988D	颍	5238	12
U+7322	猢	5239	12
U+7339	猹	5240	12
U+7325	猥	5241	12
U+98D3	飓	5242	12
U+89DE	觞	5243	12
U+89DA	觚	5244	12
U+7331	猱	5245	12
U+988E	颎	5246	12
U+98E7	飧	5247	12
U+9987	馇	5248	12
U+998A	馊	5249	12
U+4EB5	亵	5250	12
U+8114	脔	5251	12
U+88D2	裒	5252	12
U+75E3	痣	5253	12
U+75E8	痨	5254	12
U+75E6	痦	5255	12
U+75DE	痞	5256	12
U+75E4	痤	5257	12
U+75EB	痫	5258	12
U+75E7	痧	5259	12
U+8D53	赓	5260	12
U+7AE6	竦	5261	12
U+74FF	瓿	5262	12
U+557B	啻	5263	12
U+988F	颏	5264	12
U+9E47	鹇	5265	12
U+9611	阑	5266	12
U+9612	阒	5267	12
U+9615	阕	5268	12
U+7C9E	粞	5269	12
U+9052	遒	5270	12
U+5B73	孳	5271	12
U+712F	焯	5272	12
U+711C	焜	5273	12
U+7119	焙	5274	12
U+7131	焱	5275	12
U+9E48	鹈	5276	12
U+6E5B	湛	5277	12
U+6E2B	渫	5278	12
U+6E6E	湮	5279	12
U+6E4E	湎	5280	12
U+6E5C	湜	5281	12
U+6E2D	渭	5282	12
U+6E4D	湍	5283	12
U+6E6B	湫	5284	12
U+6EB2	溲	5285	12
U+6E5F	湟	5286	12
U+6E86	溆	5287	12
U+6E72	湲	5288	12
U+6E54	湔	5289	12
U+6E49	湉	5290	12
U+6E25	渥	5291	12
U+6E44	湄	5292	12
U+6EC1	滁	5293	12
U+6120	愠	5294	12
U+60FA	惺	5295	12
U+6126	愦	5296	12
U+60F4	惴	5297	12
U+6100	愀	5298	12
U+610E	愎	5299	12
U+6114	愔	5300	12
U+55BE	喾	5301	12
U+5BD0	寐	5302	12
U+8C1F	谟	5303	12
U+6249	扉	5304	12
U+88E2	裢	5305	12
U+88CE	裎	5306	12
U+88E5	裥	5307	12
U+797E	祾	5308	12
U+797A	祺	5309	12
U+8C20	谠	5310	12
U+5E42	幂	5311	12
U+8C21	谡	5312	12
U+8C25	谥	5313	12
U+8C27	谧	5314	12
U+9050	遐	5315	12
U+5B71	孱	5316	12
U+5F3C	弼	5317	12
U+5DFD	巽	5318	12
U+9A98	骘	5319	12
U+5AAA	媪	5320	12
U+5A9B	媛	5321	12
U+5A77	婷	5322	12
U+5DEF	巯	5323	12
U+7FDA	翚	5324	12
U+76B4	皴	5325	12
U+5A7A	婺	5326	12
U+9A9B	骛	5327	12
U+7F02	缂	5328	12
U+7F03	缃	5329	12
U+7F04	缄	5330	12
U+5F58	彘	5331	12
U+7F07	缇	5332	12
U+7F08	缈	5333	12
U+7F0C	缌	5334	12
U+7F11	缑	5335	12
U+7F12	缒	5336	12
U+7F17	缗	5337	12
U+98E8	飨	5338	12
U+8022	耢	5339	13
U+745A	瑚	5340	13
U+7441	瑁	5341	13
U+745C	瑜	5342	13
U+7457	瑗	5343	13
U+7444	瑄	5344	13
U+7455	瑕	5345	13
U+9068	遨	5346	13
U+9A9C	骜	5347	13
U+97EB	韫	5348	13
U+9AE1	髡	5349	13
U+586C	塬	5350	13
U+9122	鄢	5351	13
U+8D94	趔	5352	13
U+8D91	趑	5353	13
U+6445	摅	5354	13
U+6441	摁	5355	13
U+8707	蜇	5356	13
U+640B	搋	5357	13
U+642A	搪	5358	13
U+6410	搐	5359	13
U+641B	搛	5360	13
U+6420	搠	5361	13
U+6448	摈	5362	13
U+5F40	彀	5363	13
U+6BC2	毂	5364	13
U+6426	搦	5365	13
U+6421	搡	5366	13
U+84C1	蓁	5367	13
U+6221	戡	5368	13
U+84CD	蓍	5369	13
U+911E	鄞	5370	13
U+9773	靳	5371	13
U+84D0	蓐	5372	13
U+84E6	蓦	5373	13
U+9E4B	鹋	5374	13
U+84BD	蒽	5375	13
U+84D3	蓓	5376	13
U+84D6	蓖	5377	13
U+84CA	蓊	5378	13
U+84AF	蒯	5379	13
U+84DF	蓟	5380	13
U+84D1	蓑	5381	13
U+84BF	蒿	5382	13
U+84BA	蒺	5383	13
U+84E0	蓠	5384	13
U+849F	蒟	5385	13
U+84A1	蒡	5386	13
U+84B9	蒹	5387	13
U+84B4	蒴	5388	13
U+8497	蒗	5389	13
U+84E5	蓥	5390	13
U+9890	颐	5391	13
U+6954	楔	5392	13
U+6960	楠	5393	13
U+6942	楂	5394	13
U+695D	楝	5395	13
U+696B	楫	5396	13
U+6978	楸	5397	13
U+6934	椴	5398	13
U+69CC	槌	5399	13
U+696F	楯	5400	13
U+7699	皙	5401	13
U+6988	榈	5402	13
U+69CE	槎	5403	13
U+6989	榉	5404	13
U+6966	楦	5405	13
U+6963	楣	5406	13
U+6979	楹	5407	13
U+693D	椽	5408	13
U+88D8	裘	5409	13
U+527D	剽	5410	13
U+7504	甄	5411	13
U+916E	酮	5412	13
U+9170	酰	5413	13
U+916F	酯	5414	13
U+9169	酩	5415	13
U+8703	蜃	5416	13
U+789B	碛	5417	13
U+7893	碓	5418	13
U+787C	硼	5419	13
U+7889	碉	5420	13
U+789A	碚	5421	13
U+7887	碇	5422	13
U+789C	碜	5423	13
U+9E4C	鹌	5424	13
U+8F8F	辏	5425	13
U+9F83	龃	5426	13
U+9F85	龅	5427	13
U+8A3E	訾	5428	13
U+7CB2	粲	5429	13
U+865E	虞	5430	13
U+775A	睚	5431	13
U+55EA	嗪	5432	13
U+97EA	韪	5433	13
U+55F7	嗷	5434	13
U+55C9	嗉	5435	13
U+7768	睨	5436	13
U+7762	睢	5437	13
U+96CE	雎	5438	13
U+7765	睥	5439	13
U+561F	嘟	5440	13
U+55D1	嗑	5441	13
U+55EB	嗫	5442	13
U+55EC	嗬	5443	13
U+55D4	嗔	5444	13
U+55DD	嗝	5445	13
U+6225	戥	5446	13
U+55C4	嗄	5447	13
U+7166	煦	5448	13
U+6684	暄	5449	13
U+9062	遢	5450	13
U+668C	暌	5451	13
U+8DEC	跬	5452	13
U+8DF6	跶	5453	13
U+8DF8	跸	5454	13
U+8DD0	跐	5455	13
U+8DE3	跣	5456	13
U+8DF9	跹	5457	13
U+8DFB	跻	5458	13
U+86F8	蛸	5459	13
U+870A	蜊	5460	13
U+870D	蜍	5461	13
U+8709	蜉	5462	13
U+8723	蜣	5463	13
U+7579	畹	5464	13
U+86F9	蛹	5465	13
U+55E3	嗣	5466	13
U+55EF	嗯	5467	13
U+55E5	嗥	5468	13
U+55F2	嗲	5469	13
U+55F3	嗳	5470	13
U+55CC	嗌	5471	13
U+55CD	嗍	5472	13
U+55E8	嗨	5473	13
U+55D0	嗐	5474	13
U+55E4	嗤	5475	13
U+55F5	嗵	5476	13
U+7F68	罨	5477	13
U+5D4A	嵊	5478	13
U+5D69	嵩	5479	13
U+5D74	嵴	5480	13
U+9AB0	骰	5481	13
U+9517	锗	5482	13
U+951B	锛	5483	13
U+951C	锜	5484	13
U+951D	锝	5485	13
U+951E	锞	5486	13
U+951F	锟	5487	13
U+9522	锢	5488	13
U+9528	锨	5489	13
U+9529	锩	5490	13
U+952D	锭	5491	13
U+9531	锱	5492	13
U+96C9	雉	5493	13
U+6C32	氲	5494	13
U+728F	犏	5495	13
U+6B43	歃	5496	13
U+7A1E	稞	5497	13
U+7A17	稗	5498	13
U+7A14	稔	5499	13
U+7B60	筠	5500	13
U+7B62	筢	5501	13
U+7B6E	筮	5502	13
U+7B72	筲	5503	13
U+7B71	筱	5504	13
U+7252	牒	5505	13
U+7172	煲	5506	13
U+656B	敫	5507	13
U+5FAD	徭	5508	13
U+6106	愆	5509	13
U+8244	艄	5510	13
U+89CE	觎	5511	13
U+6BF9	毹	5512	13
U+8C8A	貊	5513	13
U+8C85	貅	5514	13
U+8C89	貉	5515	13
U+9894	颔	5516	13
U+8160	腠	5517	13
U+8169	腩	5518	13
U+817C	腼	5519	13
U+816D	腭	5520	13
U+8167	腧	5521	13
U+584D	塍	5522	13
U+5AB5	媵	5523	13
U+8A79	詹	5524	13
U+9C85	鲅	5525	13
U+9C86	鲆	5526	13
U+9C87	鲇	5527	13
U+9C88	鲈	5528	13
U+7A23	稣	5529	13
U+9C8B	鲋	5530	13
U+9C90	鲐	5531	13
U+8084	肄	5532	13
U+9E50	鹐	5533	13
U+98D5	飕	5534	13
U+89E5	觥	5535	13
U+905B	遛	5536	13
U+9990	馐	5537	13
U+9E51	鹑	5538	13
U+4EB6	亶	5539	13
U+7603	瘃	5540	13
U+75F1	痱	5541	13
U+75FC	痼	5542	13
U+75FF	痿	5543	13
U+7610	瘐	5544	13
U+7601	瘁	5545	13
U+7606	瘆	5546	13
U+9E82	麂	5547	13
U+88D4	裔	5548	13
U+6B46	歆	5549	13
U+65D2	旒	5550	13
U+96CD	雍	5551	13
U+9616	阖	5552	13
U+9617	阗	5553	13
U+9619	阙	5554	13
U+7FA7	羧	5555	13
U+8C62	豢	5556	13
U+7CB3	粳	5557	13
U+7337	猷	5558	13
U+7173	煳	5559	13
U+715C	煜	5560	13
U+7168	煨	5561	13
U+7145	煅	5562	13
U+714A	煊	5563	13
U+7178	煸	5564	13
U+717A	煺	5565	13
U+6EDF	滟	5566	13
U+6EB1	溱	5567	13
U+6E98	溘	5568	13
U+6F2D	漭	5569	13
U+6EE2	滢	5570	13
U+6EA5	溥	5571	13
U+6EA7	溧	5572	13
U+6EBD	溽	5573	13
U+88DF	裟	5574	13
U+6EBB	溻	5575	13
U+6EB7	溷	5576	13
U+6ED7	滗	5577	13
U+6EEB	滫	5578	13
U+6EB4	溴	5579	13
U+6ECF	滏	5580	13
U+6EC3	滃	5581	13
U+6EE6	滦	5582	13
U+6E8F	溏	5583	13
U+6EC2	滂	5584	13
U+6ED3	滓	5585	13
U+6E9F	溟	5586	13
U+6EEA	滪	5587	13
U+612B	愫	5588	13
U+6151	慑	5589	13
U+614A	慊	5590	13
U+9C8E	鲎	5591	13
U+9A9E	骞	5592	13
U+7AA6	窦	5593	13
U+7AA0	窠	5594	13
U+7AA3	窣	5595	13
U+88F1	裱	5596	13
U+891A	褚	5597	13
U+88E8	裨	5598	13
U+88FE	裾	5599	13
U+88F0	裰	5600	13
U+798A	禊	5601	13
U+8C29	谩	5602	13
U+8C2A	谪	5603	13
U+5ABE	媾	5604	13
U+5AEB	嫫	5605	13
U+5AB2	媲	5606	13
U+5AD2	嫒	5607	13
U+5AD4	嫔	5608	13
U+5AB8	媸	5609	13
U+7F19	缙	5610	13
U+7F1C	缜	5611	13
U+7F1B	缛	5612	13
U+8F94	辔	5613	13
U+9A9D	骝	5614	13
U+7F1F	缟	5615	13
U+7F21	缡	5616	13
U+7F22	缢	5617	13
U+7F23	缣	5618	13
U+9A9F	骟	5619	13
U+8025	耥	5620	14
U+7488	璈	5621	14
U+7476	瑶	5622	14
U+746D	瑭	5623	14
U+7352	獒	5624	14
U+89CF	觏	5625	14
U+615D	慝	5626	14
U+5AE0	嫠	5627	14
U+97EC	韬	5628	14
U+53C6	叆	5629	14
U+9AE6	髦	5630	14
U+647D	摽	5631	14
U+5881	墁	5632	14
U+6482	撂	5633	14
U+645E	摞	5634	14
U+6484	撄	5635	14
U+7FE5	翥	5636	14
U+8E05	踅	5637	14
U+646D	摭	5638	14
U+5889	墉	5639	14
U+5892	墒	5640	14
U+6996	榖	5641	14
U+7DA6	綦	5642	14
U+852B	蔫	5643	14
U+8537	蔷	5644	14
U+977A	靺	5645	14
U+977C	靼	5646	14
U+9785	鞅	5647	14
U+977F	靿	5648	14
U+750D	甍	5649	14
U+8538	蔸	5650	14
U+851F	蔟	5651	14
U+853A	蔺	5652	14
U+622C	戬	5653	14
U+8556	蕖	5654	14
U+853B	蔻	5655	14
U+84FF	蓿	5656	14
U+65A1	斡	5657	14
U+9E55	鹕	5658	14
U+84FC	蓼	5659	14
U+699B	榛	5660	14
U+69A7	榧	5661	14
U+69BB	榻	5662	14
U+69AB	榫	5663	14
U+69AD	榭	5664	14
U+69D4	槔	5665	14
U+69B1	榱	5666	14
U+69C1	槁	5667	14
U+69DF	槟	5668	14
U+69E0	槠	5669	14
U+69B7	榷	5670	14
U+50F0	僰	5671	14
U+917D	酽	5672	14
U+9176	酶	5673	14
U+9179	酹	5674	14
U+53AE	厮	5675	14
U+78A1	碡	5676	14
U+78B4	碴	5677	14
U+78A3	碣	5678	14
U+78B2	碲	5679	14
U+78CB	磋	5680	14
U+81E7	臧	5681	14
U+8C68	豨	5682	14
U+6BA1	殡	5683	14
U+9706	霆	5684	14
U+9701	霁	5685	14
U+8F95	辕	5686	14
U+871A	蜚	5687	14
U+88F4	裴	5688	14
U+7FE1	翡	5689	14
U+9F87	龇	5690	14
U+9F88	龈	5691	14
U+777F	睿	5692	14
U+4056	䁖	5693	14
U+777D	睽	5694	14
U+561E	嘞	5695	14
U+5608	嘈	5696	14
U+560C	嘌	5697	14
U+5601	嘁	5698	14
U+560E	嘎	5699	14
U+66A7	暧	5700	14
U+669D	暝	5701	14
U+8E0C	踌	5702	14
U+8E09	踉	5703	14
U+871E	蜞	5704	14
U+8725	蜥	5705	14
U+872E	蜮	5706	14
U+8748	蝈	5707	14
U+8734	蜴	5708	14
U+8731	蜱	5709	14
U+8729	蜩	5710	14
U+8737	蜷	5711	14
U+873F	蜿	5712	14
U+8782	螂	5713	14
U+8722	蜢	5714	14
U+5618	嘘	5715	14
U+5621	嘡	5716	14
U+9E57	鹗	5717	14
U+5623	嘣	5718	14
U+5624	嘤	5719	14
U+561A	嘚	5720	14
U+55FE	嗾	5721	14
U+5627	嘧	5722	14
U+7F74	罴	5723	14
U+7F71	罱	5724	14
U+5E54	幔	5725	14
U+5D82	嶂	5726	14
U+5E5B	幛	5727	14
U+8D59	赙	5728	14
U+7F42	罂	5729	14
U+9AB7	骷	5730	14
U+9AB6	骶	5731	14
U+9E58	鹘	5732	14
U+9532	锲	5733	14
U+9534	锴	5734	14
U+9536	锶	5735	14
U+9537	锷	5736	14
U+9538	锸	5737	14
U+9535	锵	5738	14
U+9541	镁	5739	14
U+9542	镂	5740	14
U+7292	犒	5741	14
U+7B90	箐	5742	14
U+7BA6	箦	5743	14
U+7BA7	箧	5744	14
U+7B8D	箍	5745	14
U+7BB8	箸	5746	14
U+7BAC	箬	5747	14
U+7B85	箅	5748	14
U+7BAA	箪	5749	14
U+7B94	箔	5750	14
U+7B9C	箜	5751	14
U+7BA2	箢	5752	14
U+7B93	箓	5753	14
U+6BD3	毓	5754	14
U+50D6	僖	5755	14
U+5106	儆	5756	14
U+50F3	僳	5757	14
U+50ED	僭	5758	14
U+5281	劁	5759	14
U+50EE	僮	5760	14
U+9B43	魃	5761	14
U+9B46	魆	5762	14
U+777E	睾	5763	14
U+824B	艋	5764	14
U+9131	鄱	5765	14
U+8188	膈	5766	14
U+8191	膑	5767	14
U+9C91	鲑	5768	14
U+9C94	鲔	5769	14
U+9C9A	鲚	5770	14
U+9C9B	鲛	5771	14
U+9C9F	鲟	5772	14
U+7350	獐	5773	14
U+89EB	觫	5774	14
U+96D2	雒	5775	14
U+5924	夤	5776	14
U+9991	馑	5777	14
U+92AE	銮	5778	14
U+587E	塾	5779	14
U+9EBD	麽	5780	14
U+760C	瘌	5781	14
U+760A	瘊	5782	14
U+7618	瘘	5783	14
U+7619	瘙	5784	14
U+5ED6	廖	5785	14
U+97F6	韶	5786	14
U+65D6	旖	5787	14
U+8182	膂	5788	14
U+961A	阚	5789	14
U+912F	鄯	5790	14
U+9C9E	鲞	5791	14
U+7CBF	粿	5792	14
U+7CBC	粼	5793	14
U+7CBD	粽	5794	14
U+7CC1	糁	5795	14
U+69CA	槊	5796	14
U+9E5A	鹚	5797	14
U+7198	熘	5798	14
U+71A5	熥	5799	14
U+6F62	潢	5800	14
U+6F15	漕	5801	14
U+6EF9	滹	5802	14
U+6F2F	漯	5803	14
U+6F36	漶	5804	14
U+6F4B	潋	5805	14
U+6F74	潴	5806	14
U+6F2A	漪	5807	14
U+6F09	漉	5808	14
U+6F33	漳	5809	14
U+6F29	漩	5810	14
U+6F89	澉	5811	14
U+6F4D	潍	5812	14
U+6175	慵	5813	14
U+6434	搴	5814	14
U+7AA8	窨	5815	14
U+5BE4	寤	5816	14
U+7DAE	綮	5817	14
U+8C2E	谮	5818	14
U+8921	褡	5819	14
U+8919	褙	5820	14
U+8913	褓	5821	14
U+891B	褛	5822	14
U+890A	褊	5823	14
U+8C2F	谯	5824	14
U+8C30	谰	5825	14
U+8C32	谲	5826	14
U+66A8	暨	5827	14
U+5C63	屣	5828	14
U+9E5B	鹛	5829	14
U+5AE3	嫣	5830	14
U+5AF1	嫱	5831	14
U+5AD6	嫖	5832	14
U+5AE6	嫦	5833	14
U+5ADA	嫚	5834	14
U+5AD8	嫘	5835	14
U+5AE1	嫡	5836	14
U+9F10	鼐	5837	14
U+7FDF	翟	5838	14
U+7780	瞀	5839	14
U+9E5C	鹜	5840	14
U+9AA0	骠	5841	14
U+7F25	缥	5842	14
U+7F26	缦	5843	14
U+7F27	缧	5844	14
U+7F28	缨	5845	14
U+9AA2	骢	5846	14
U+7F2A	缪	5847	14
U+7F2B	缫	5848	14
U+8026	耦	5849	15
U+8027	耧	5850	15
U+747E	瑾	5851	15
U+749C	璜	5852	15
U+7480	璀	5853	15
U+748E	璎	5854	15
U+7481	璁	5855	15
U+748B	璋	5856	15
U+7487	璇	5857	15
U+596D	奭	5858	15
U+9AEF	髯	5859	15
U+9AEB	髫	5860	15
U+64B7	撷	5861	15
U+6485	撅	5862	15
U+8D6D	赭	5863	15
U+64B8	撸	5864	15
U+92C6	鋆	5865	15
U+6499	撙	5866	15
U+64BA	撺	5867	15
U+5880	墀	5868	15
U+8069	聩	5869	15
U+89D0	觐	5870	15
U+9791	鞑	5871	15
U+8559	蕙	5872	15
U+9792	鞒	5873	15
U+8548	蕈	5874	15
U+8568	蕨	5875	15
U+8564	蕤	5876	15
U+855E	蕞	5877	15
U+857A	蕺	5878	15
U+77A2	瞢	5879	15
U+8543	蕃	5880	15
U+8572	蕲	5881	15
U+8D5C	赜	5882	15
U+69FF	槿	5883	15
U+6A2F	樯	5884	15
U+69ED	槭	5885	15
U+6A17	樗	5886	15
U+6A18	樘	5887	15
U+6A0A	樊	5888	15
U+69F2	槲	5889	15
U+918C	醌	5890	15
U+9185	醅	5891	15
U+9765	靥	5892	15
U+9B47	魇	5893	15
U+990D	餍	5894	15
U+78D4	磔	5895	15
U+78D9	磙	5896	15
U+9708	霈	5897	15
U+8F98	辘	5898	15
U+9F89	龉	5899	15
U+9F8A	龊	5900	15
U+89D1	觑	5901	15
U+778C	瞌	5902	15
U+778B	瞋	5903	15
U+7791	瞑	5904	15
U+562D	嘭	5905	15
U+564E	噎	5906	15
U+5676	噶	5907	15
U+9899	颙	5908	15
U+66B9	暹	5909	15
U+5658	噘	5910	15
U+8E14	踔	5911	15
U+8E1D	踝	5912	15
U+8E1F	踟	5913	15
U+8E12	踒	5914	15
U+8E2C	踬	5915	15
U+8E2E	踮	5916	15
U+8E2F	踯	5917	15
U+8E3A	踺	5918	15
U+8E1E	踞	5919	15
U+877D	蝽	5920	15
U+877E	蝾	5921	15
U+877B	蝻	5922	15
U+8770	蝰	5923	15
U+876E	蝮	5924	15
U+878B	螋	5925	15
U+8753	蝓	5926	15
U+8763	蝣	5927	15
U+877C	蝼	5928	15
U+5657	噗	5929	15
U+562C	嘬	5930	15
U+989A	颚	5931	15
U+564D	噍	5932	15
U+5662	噢	5933	15
U+5659	噙	5934	15
U+565C	噜	5935	15
U+564C	噌	5936	15
U+5654	噔	5937	15
U+989B	颛	5938	15
U+5E5E	幞	5939	15
U+5E61	幡	5940	15
U+5D99	嶙	5941	15
U+5D9D	嶝	5942	15
U+9ABA	骺	5943	15
U+9ABC	骼	5944	15
U+9AB8	骸	5945	15
U+954A	镊	5946	15
U+9549	镉	5947	15
U+954C	镌	5948	15
U+954D	镍	5949	15
U+954F	镏	5950	15
U+9552	镒	5951	15
U+9553	镓	5952	15
U+9554	镔	5953	15
U+7A37	稷	5954	15
U+7BB4	箴	5955	15
U+7BD1	篑	5956	15
U+7BC1	篁	5957	15
U+7BCC	篌	5958	15
U+7BC6	篆	5959	15
U+7256	牖	5960	15
U+510B	儋	5961	15
U+5FB5	徵	5962	15
U+78D0	磐	5963	15
U+8662	虢	5964	15
U+9E5E	鹞	5965	15
U+8198	膘	5966	15
U+6ED5	滕	5967	15
U+9CA0	鲠	5968	15
U+9CA1	鲡	5969	15
U+9CA2	鲢	5970	15
U+9CA3	鲣	5971	15
U+9CA5	鲥	5972	15
U+9CA7	鲧	5973	15
U+9CA9	鲩	5974	15
U+7357	獗	5975	15
U+7360	獠	5976	15
U+89EF	觯	5977	15
U+9993	馓	5978	15
U+9994	馔	5979	15
U+9EBE	麾	5980	15
U+5EDB	廛	5981	15
U+761B	瘛	5982	15
U+763C	瘼	5983	15
U+7622	瘢	5984	15
U+7620	瘠	5985	15
U+9F51	齑	5986	15
U+7FAF	羯	5987	15
U+7FB0	羰	5988	15
U+25ED7	𥻗	5989	15
U+9074	遴	5990	15
U+7CCC	糌	5991	15
U+7CCD	糍	5992	15
U+7CC5	糅	5993	15
U+719C	熜	5994	15
U+71B5	熵	5995	15
U+71A0	熠	5996	15
U+6F8D	澍	5997	15
U+6F8C	澌	5998	15
U+6F78	潸	5999	15
U+6F66	潦	6000	15
U+6F72	潲	6001	15
U+92C8	鋈	6002	15
U+6F5F	潟	6003	15
U+6F7C	潼	6004	15
U+6F7A	潺	6005	15
U+61AC	憬	6006	15
U+61A7	憧	6007	15
U+5BEE	寮	6008	15
U+7AB3	窳	6009	15
U+8C33	谳	6010	15
U+8934	褴	6011	15
U+891F	褟	6012	15
U+892B	褫	6013	15
U+8C35	谵	6014	15
U+71A8	熨	6015	15
U+5C66	屦	6016	15
U+5B09	嬉	6017	15
U+52F0	勰	6018	15
U+622E	戮	6019	15
U+8765	蝥	6020	15
U+7F2C	缬	6021	15
U+7F2E	缮	6022	15
U+7F2F	缯	6023	15
U+9AA3	骣	6024	15
U+757F	畿	6025	15
U+8029	耩	6026	16
U+8028	耨	6027	16
U+802A	耪	6028	16
U+749E	璞	6029	16
U+749F	璟	6030	16
U+975B	靛	6031	16
U+74A0	璠	6032	16
U+7498	璘	6033	16
U+8071	聱	6034	16
U+87AF	螯	6035	16
U+9AFB	髻	6036	16
U+9AED	髭	6037	16
U+9AF9	髹	6038	16
U+64C0	擀	6039	16
U+71B9	熹	6040	16
U+750F	甏	6041	16
U+64DE	擞	6042	16
U+7E20	縠	6043	16
U+78EC	磬	6044	16
U+989E	颞	6045	16
U+857B	蕻	6046	16
U+9798	鞘	6047	16
U+989F	颟	6048	16
U+85A4	薤	6049	16
U+85A8	薨	6050	16
U+6AA0	檠	6051	16
U+858F	薏	6052	16
U+85AE	薮	6053	16
U+859C	薜	6054	16
U+8585	薅	6055	16
U+6A3E	樾	6056	16
U+6A5B	橛	6057	16
U+6A47	橇	6058	16
U+6A35	樵	6059	16
U+6A8E	檎	6060	16
U+6A79	橹	6061	16
U+6A3D	樽	6062	16
U+6A28	樨	6063	16
U+6A7C	橼	6064	16
U+58BC	墼	6065	16
U+6A50	橐	6066	16
U+7FEE	翮	6067	16
U+919B	醛	6068	16
U+9190	醐	6069	16
U+918D	醍	6070	16
U+919A	醚	6071	16
U+78F2	磲	6072	16
U+8D5D	赝	6073	16
U+98D9	飙	6074	16
U+6BAA	殪	6075	16
U+9716	霖	6076	16
U+970F	霏	6077	16
U+9713	霓	6078	16
U+933E	錾	6079	16
U+8F9A	辚	6080	16
U+81FB	臻	6081	16
U+907D	遽	6082	16
U+6C05	氅	6083	16
U+779F	瞟	6084	16
U+77A0	瞠	6085	16
U+77B0	瞰	6086	16
U+5684	嚄	6087	16
U+5686	嚆	6088	16
U+5664	噤	6089	16
U+66BE	暾	6090	16
U+8E40	蹀	6091	16
U+8E39	踹	6092	16
U+8E35	踵	6093	16
U+8E3D	踽	6094	16
U+8E49	蹉	6095	16
U+8E41	蹁	6096	16
U+87A8	螨	6097	16
U+87D2	蟒	6098	16
U+8788	螈	6099	16
U+8785	螅	6100	16
U+87AD	螭	6101	16
U+87A0	螠	6102	16
U+879F	螟	6103	16
U+5671	噱	6104	16
U+566C	噬	6105	16
U+566B	噫	6106	16
U+567B	噻	6107	16
U+567C	噼	6108	16
U+7F79	罹	6109	16
U+571C	圜	6110	16
U+4983	䦃	6111	20
U+9556	镖	6112	16
U+9557	镗	6113	16
U+9558	镘	6114	16
U+955A	镚	6115	16
U+955B	镛	6116	16
U+955D	镝	6117	16
U+955E	镞	6118	16
U+9560	镠	6119	16
U+6C07	氇	6120	16
U+6C06	氆	6121	16
U+61A9	憩	6122	16
U+7A51	穑	6123	16
U+7BDD	篝	6124	16
U+7BE5	篥	6125	16
U+7BE6	篦	6126	16
U+7BEA	篪	6127	16
U+7BD9	篙	6128	16
U+76E5	盥	6129	16
U+5293	劓	6130	16
U+7FF1	翱	6131	16
U+9B49	魉	6132	16
U+9B48	魈	6133	16
U+5FBC	徼	6134	16
U+6B59	歙	6135	16
U+81B3	膳	6136	16
U+81A6	膦	6137	16
U+8199	膙	6138	16
U+9CAE	鲮	6139	16
U+9CB1	鲱	6140	16
U+9CB2	鲲	6141	16
U+9CB3	鲳	6142	16
U+9CB4	鲴	6143	16
U+9CB5	鲵	6144	16
U+9CB7	鲷	6145	16
U+9CBB	鲻	6146	16
U+7374	獴	6147	16
U+736D	獭	6148	16
U+736C	獬	6149	16
U+9082	邂	6150	16
U+9E67	鹧	6151	16
U+5EE8	廨	6152	16
U+8D5F	赟	6153	16
U+7630	瘰	6154	16
U+5EEA	廪	6155	16
U+763F	瘿	6156	16
U+7635	瘵	6157	16
U+7634	瘴	6158	16
U+7643	癃	6159	16
U+7633	瘳	6160	16
U+6593	斓	6161	16
U+9E87	麇	6162	16
U+9E88	麈	6163	16
U+5B34	嬴	6164	16
U+58C5	壅	6165	16
U+7FB2	羲	6166	16
U+7CD7	糗	6167	16
U+77A5	瞥	6168	16
U+7511	甑	6169	16
U+71CE	燎	6170	16
U+71E0	燠	6171	16
U+71D4	燔	6172	16
U+71E7	燧	6173	16
U+6FD1	濑	6174	16
U+6FC9	濉	6175	16
U+6F5E	潞	6176	16
U+6FA7	澧	6177	16
U+6FB9	澹	6178	16
U+6FA5	澥	6179	16
U+6FB6	澶	6180	16
U+6FC2	濂	6181	16
U+8930	褰	6182	16
U+5BF0	寰	6183	16
U+7AB8	窸	6184	16
U+8936	褶	6185	16
U+79A7	禧	6186	16
U+5B16	嬖	6187	16
U+729F	犟	6188	16
U+96B0	隰	6189	16
U+5B17	嬗	6190	16
U+98A1	颡	6191	16
U+7F31	缱	6192	16
U+7F32	缲	6193	16
U+7F33	缳	6194	16
U+74A8	璨	6195	17
U+74A9	璩	6196	17
U+7490	璐	6197	17
U+74AA	璪	6198	17
U+87AB	螫	6199	17
U+64E4	擤	6200	17
U+58D5	壕	6201	17
U+89F3	觳	6202	17
U+7F44	罄	6203	17
U+64E2	擢	6204	17
U+85B9	薹	6205	17
U+97A1	鞡	6206	17
U+97AC	鞬	6207	17
U+85B7	薷	6208	17
U+85B0	薰	6209	17
U+85D3	藓	6210	17
U+85C1	藁	6211	17
U+6A84	檄	6212	17
U+6AA9	檩	6213	17
U+61CB	懋	6214	17
U+91A2	醢	6215	17
U+7FF3	翳	6216	17
U+7905	礅	6217	17
U+78F4	磴	6218	17
U+9E69	鹩	6219	17
U+9F8B	龋	6220	17
U+9F8C	龌	6221	17
U+8C73	豳	6222	17
U+58D1	壑	6223	17
U+9EFB	黻	6224	17
U+568F	嚏	6225	17
U+5685	嚅	6226	17
U+8E51	蹑	6227	17
U+8E52	蹒	6228	17
U+8E4A	蹊	6229	17
U+87E5	蟥	6230	17
U+87AC	螬	6231	17
U+87B5	螵	6232	17
U+7583	疃	6233	17
U+87B3	螳	6234	17
U+87D1	蟑	6235	17
U+5693	嚓	6236	17
U+7F81	羁	6237	17
U+7F7D	罽	6238	17
U+7F7E	罾	6239	17
U+5DB7	嶷	6240	17
U+9EDC	黜	6241	17
U+9EDD	黝	6242	17
U+9AC1	髁	6243	17
U+9AC0	髀	6244	17
U+9561	镡	6245	17
U+9562	镢	6246	17
U+9563	镣	6247	17
U+9566	镦	6248	17
U+9567	镧	6249	17
U+9569	镩	6250	17
U+956A	镪	6251	17
U+956B	镫	6252	17
U+7F45	罅	6253	17
U+9ECF	黏	6254	17
U+7C0C	簌	6255	17
U+7BFE	篾	6256	17
U+7BFC	篼	6257	17
U+7C16	簖	6258	17
U+7C0B	簋	6259	17
U+9F22	鼢	6260	17
U+9EDB	黛	6261	17
U+5121	儡	6262	17
U+9E6A	鹪	6263	17
U+9F3E	鼾	6264	17
U+76A4	皤	6265	17
U+9B4D	魍	6266	17
U+9FA0	龠	6267	17
U+7E47	繇	6268	17
U+8C98	貘	6269	17
U+9088	邈	6270	17
U+8C94	貔	6271	17
U+81CC	臌	6272	17
U+81BB	膻	6273	17
U+81C6	臆	6274	17
U+81C3	臃	6275	17
U+9CBC	鲼	6276	17
U+9CBD	鲽	6277	17
U+9CC0	鳀	6278	17
U+9CC3	鳃	6279	17
U+9CC5	鳅	6280	17
U+9CC7	鳇	6281	17
U+9CCA	鳊	6282	17
U+87BD	螽	6283	17
U+71EE	燮	6284	17
U+9E6B	鹫	6285	17
U+8944	襄	6286	17
U+7CDC	糜	6287	17
U+7E3B	縻	6288	17
U+81BA	膺	6289	17
U+764D	癍	6290	17
U+9E8B	麋	6291	17
U+61D1	懑	6292	17
U+6FE1	濡	6293	17
U+6FEE	濮	6294	17
U+6FDE	濞	6295	17
U+6FE0	濠	6296	17
U+6FEF	濯	6297	17
U+8E47	蹇	6298	17
U+8B07	謇	6299	17
U+9083	邃	6300	17
U+8941	襁	6301	17
U+6A97	檗	6302	17
U+64D8	擘	6303	17
U+5B7A	孺	6304	17
U+96B3	隳	6305	17
U+5B37	嬷	6306	17
U+87CA	蟊	6307	17
U+9E6C	鹬	6308	17
U+936A	鍪	6309	17
U+93CA	鏊	6310	18
U+9CCC	鳌	6311	18
U+9B08	鬈	6312	18
U+9B03	鬃	6313	18
U+77BD	瞽	6314	18
U+97AF	鞯	6315	18
U+97A8	鞨	6316	18
U+97AB	鞫	6317	18
U+97A7	鞧	6318	18
U+97A3	鞣	6319	18
U+85DC	藜	6320	18
U+85E0	藠	6321	18
U+85E9	藩	6322	18
U+91AA	醪	6323	18
U+8E59	蹙	6324	18
U+7913	礓	6325	18
U+71F9	燹	6326	18
U+992E	餮	6327	18
U+77BF	瞿	6328	18
U+66DB	曛	6329	18
U+98A2	颢	6330	18
U+66DC	曜	6331	18
U+8E87	躇	6332	18
U+8E5A	蹚	6333	18
U+9E6D	鹭	6334	18
U+87DB	蟛	6335	18
U+87EA	蟪	6336	18
U+87E0	蟠	6337	18
U+87EE	蟮	6338	18
U+9E6E	鹮	6339	18
U+9EE0	黠	6340	18
U+9EDF	黟	6341	18
U+9AC5	髅	6342	18
U+9AC2	髂	6343	18
U+956C	镬	6344	18
U+956D	镭	6345	18
U+956F	镯	6346	18
U+99A5	馥	6347	18
U+7C1F	簟	6348	18
U+7C2A	簪	6349	18
U+9F2C	鼬	6350	18
U+96E0	雠	6351	18
U+825F	艟	6352	18
U+9CCE	鳎	6353	18
U+9CCF	鳏	6354	18
U+9CD0	鳐	6355	18
U+765E	癞	6356	18
U+7654	癔	6357	18
U+765C	癜	6358	18
U+7656	癖	6359	18
U+7CE8	糨	6360	18
U+8E69	蹩	6361	18
U+938F	鎏	6362	18
U+61F5	懵	6363	18
U+5F5D	彝	6364	18
U+908B	邋	6365	18
U+9B0F	鬏	6366	19
U+6509	攉	6367	19
U+6512	攒	6368	19
U+97B2	鞲	6369	19
U+97B4	鞴	6370	19
U+85FF	藿	6371	19
U+8627	蘧	6372	19
U+8605	蘅	6373	19
U+9E93	麓	6374	19
U+91AE	醮	6375	19
U+91AF	醯	6376	19
U+9143	酃	6377	19
U+972A	霪	6378	19
U+972D	霭	6379	19
U+9728	霨	6380	19
U+9EFC	黼	6381	19
U+56AF	嚯	6382	19
U+8E70	蹰	6383	19
U+8E76	蹶	6384	19
U+8E7D	蹽	6385	19
U+8E7C	蹼	6386	19
U+8E74	蹴	6387	19
U+8E7E	蹾	6388	19
U+8E7F	蹿	6389	19
U+8816	蠖	6390	19
U+8813	蠓	6391	19
U+87FE	蟾	6392	19
U+880A	蠊	6393	19
U+9EE2	黢	6394	19
U+9ACB	髋	6395	19
U+9ACC	髌	6396	19
U+9572	镲	6397	19
U+7C40	籀	6398	19
U+7C41	籁	6399	19
U+9F41	齁	6400	19
U+9B51	魑	6401	19
U+8268	艨	6402	19
U+9CD3	鳓	6403	19
U+9CD4	鳔	6404	19
U+9CD5	鳕	6405	19
U+9CD7	鳗	6406	19
U+9CD9	鳙	6407	19
U+9E92	麒	6408	19
U+93D6	鏖	6409	19
U+7FB8	羸	6410	19
U+3E06	㸆	6411	19
U+701A	瀚	6412	19
U+7023	瀣	6413	19
U+701B	瀛	6414	19
U+8966	襦	6415	19
U+8C36	谶	6416	19
U+895E	襞	6417	19
U+9AA5	骥	6418	19
U+7F35	缵	6419	19
U+74D2	瓒	6420	20
U+6518	攘	6421	20
U+8629	蘩	6422	20
U+8616	蘖	6423	20
U+91B4	醴	6424	20
U+9730	霰	6425	20
U+9146	酆	6426	20
U+77CD	矍	6427	20
U+66E6	曦	6428	20
U+8E85	躅	6429	20
U+9F0D	鼍	6430	20
U+5DC9	巉	6431	20
U+9EE9	黩	6432	20
U+9EE5	黥	6433	20
U+9EEA	黪	6434	20
U+9573	镳	6435	20
U+9574	镴	6436	20
U+9EE7	黧	6437	20
U+7E82	纂	6438	20
U+74BA	璺	6439	20
U+9F2F	鼯	6440	20
U+81DC	臜	6441	20
U+9CDC	鳜	6442	20
U+9CDD	鳝	6443	20
U+9CDF	鳟	6444	20
U+737E	獾	6445	20
U+5B40	孀	6446	20
U+9AA7	骧	6447	20
U+74D8	瓘	6448	21
U+9F19	鼙	6449	21
U+91BA	醺	6450	21
U+7934	礴	6451	21
U+98A6	颦	6452	21
U+66E9	曩	6453	21
U+9CE2	鳢	6454	21
U+766B	癫	6455	21
U+9E9D	麝	6456	21
U+5914	夔	6457	21
U+721D	爝	6458	21
U+704F	灏	6459	21
U+79B3	禳	6460	21
U+943E	鐾	6461	21
U+7FBC	羼	6462	21
U+8821	蠡	6463	21
U+8031	耱	6464	22
U+61FF	懿	6465	22
U+8638	蘸	6466	22
U+9E73	鹳	6467	22
U+973E	霾	6468	22
U+6C0D	氍	6469	22
U+9955	饕	6470	22
U+8E90	躐	6471	22
U+9AD1	髑	6472	22
U+9575	镵	6473	22
U+7A70	穰	6474	22
U+9954	饔	6475	22
U+9B3B	鬻	6476	22
U+9B1F	鬟	6477	23
U+8DB1	趱	6478	23
U+652B	攫	6479	23
U+6525	攥	6480	23
U+98A7	颧	6481	23
U+8E9C	躜	6482	23
U+9F39	鼹	6483	23
U+766F	癯	6484	23
U+9E9F	麟	6485	23
U+8832	蠲	6486	23
U+8839	蠹	6487	24
U+8E9E	躞	6488	24
U+8862	衢	6489	24
U+946B	鑫	6490	24
U+705E	灞	6491	24
U+897B	襻	6492	24
U+7E9B	纛	6493	25
U+9B23	鬣	6494	25
U+652E	攮	6495	25
U+56D4	囔	6496	25
U+9995	馕	6497	25
U+6206	戆	6498	25
U+7228	爨	6499	30
U+9F49	齉	6500	36
U+4E8D	亍	6501	3
U+5C22	尢	6502	3
U+5F73	彳	6503	3
U+536C	卬	6504	4
U+6BB3	殳	6505	4
U+20676	𠙶	6506	4
U+6BCC	毌	6507	4
U+9098	邘	6508	5
U+620B	戋	6509	5
U+5722	圢	6510	5
U+6C15	氕	6511	5
U+4F0B	伋	6512	5
U+4EDD	仝	6513	5
U+51AE	冮	6514	5
U+6C3F	氿	6515	5
U+6C48	汈	6516	5
U+6C3E	氾	6517	5
U+5FC9	忉	6518	5
U+5B84	宄	6519	5
U+2C8D9	𬣙	6520	5
U+8BB1	讱	6521	5
U+625E	扞	6522	6
U+5732	圲	6523	6
U+572B	圫	6524	6
U+828F	芏	6525	6
U+8283	芃	6526	6
U+6733	朳	6527	6
U+6738	朸	6528	6
U+28678	𨙸	6529	6
U+90A8	邨	6530	6
U+5412	吒	6531	6
U+5416	吖	6532	6
U+5C7C	屼	6533	6
U+5C7E	屾	6534	6
U+8FBF	辿	6535	6
U+9486	钆	6536	6
U+4EF3	仳	6537	6
U+4F23	伣	6538	6
U+4F08	伈	6539	6
U+767F	癿	6540	6
U+752A	甪	6541	6
U+90A0	邠	6542	6
U+72B4	犴	6543	6
U+51B1	冱	6544	6
U+90A1	邡	6545	6
U+95EB	闫	6546	6
U+2C1D5	𬇕	6547	6
U+6C4B	汋	6548	6
U+4723	䜣	6549	11
U+8BBB	讻	6550	6
U+2C8DE	𬣞	6551	6
U+5B56	孖	6552	6
U+2C613	𬘓	6553	6
U+7EA9	纩	6554	6
U+7392	玒	6555	7
U+7393	玓	6556	7
U+7398	玘	6557	7
U+739A	玚	6558	7
U+522C	刬	6559	7
U+2BB5F	𫭟	6560	7
U+575C	坜	6561	7
U+5749	坉	6562	7
U+627D	扽	6563	7
U+2BB62	𫭢	6564	7
U+574B	坋	6565	7
U+627A	扺	6566	7
U+39D1	㧑	6567	7
U+6BD0	毐	6568	7
U+82B0	芰	6569	7
U+82A3	芣	6570	7
U+82CA	苊	6571	7
U+82C9	苉	6572	7
U+8298	芘	6573	7
U+82B4	芴	6574	7
U+82A0	芠	6575	7
U+2B1ED	𫇭	6576	8
U+82A4	芤	6577	7
U+6755	杕	6578	7
U+6759	杙	6579	7
U+6744	杄	6580	7
U+6767	杧	6581	7
U+6769	杩	6582	7
U+5C2A	尪	6583	7
U+5C28	尨	6584	7
U+8F6A	轪	6585	7
U+2B404	𫐄	6586	7
U+5752	坒	6587	7
U+8288	芈	6588	7
U+65F4	旴	6589	7
U+65F5	旵	6590	7
U+5459	呙	6591	7
U+356E	㕮	6592	7
U+5C8D	岍	6593	7
U+2BD77	𫵷	6594	7
U+5CA0	岠	6595	7
U+5C9C	岜	6596	7
U+5447	呇	6597	7
U+518F	冏	6598	7
U+89C3	觃	6599	7
U+5C99	岙	6600	7
U+4F3E	伾	6601	7
U+3447	㑇	6602	7
U+4F2D	伭	6603	7
U+4F56	佖	6604	7
U+4F32	伲	6605	7
U+4F41	佁	6606	7
U+98CF	飏	6607	7
U+72C3	狃	6608	7
U+95F6	闶	6609	7
U+6C67	汧	6610	7
U+6C6B	汫	6611	7
U+23C98	𣲘	6612	7
U+23C97	𣲗	6613	7
U+6C84	沄	6614	7
U+6C98	沘	6615	7
U+2C1D9	𬇙	6616	7
U+6C6D	汭	6617	7
U+3CC7	㳇	6618	7
U+6C87	沇	6619	7
U+5FEE	忮	6620	7
U+5FF3	忳	6621	7
U+5FFA	忺	6622	7
U+2C8E1	𬣡	6623	7
U+7943	祃	6624	7
U+8BC7	诇	6625	7
U+90B2	邲	6626	7
U+8BCE	诎	6627	7
U+8BD0	诐	6628	7
U+5C43	屃	6629	7
U+2BE29	𫸩	6630	7
U+5C8A	岊	6631	7
U+963D	阽	6632	7
U+48BA	䢺	6633	8
U+963C	阼	6634	7
U+59A7	妧	6635	7
U+5998	妘	6636	7
U+28695	𨚕	6637	7
U+7EAE	纮	6638	7
U+9A72	驲	6639	7
U+2B61C	𫘜	6640	7
U+7EBB	纻	6641	7
U+2C618	𬘘	6642	7
U+2B61D	𫘝	6643	7
U+7EBC	纼	6644	7
U+73A4	玤	6645	8
U+739E	玞	6646	8
U+73B1	玱	6647	8
U+739F	玟	6648	8
U+90BD	邽	6649	8
U+90BF	邿	6650	8
U+5765	坥	6651	8
U+5770	坰	6652	8
U+576C	坬	6653	8
U+577D	坽	6654	8
U+5F06	弆	6655	8
U+8035	耵	6656	8
U+48BC	䢼	6657	9
U+26B5C	𦭜	6658	9
U+830B	茋	6659	8
U+82E7	苧	6660	8
U+82FE	苾	6661	8
U+82E0	苠	6662	8
U+6785	枅	6663	8
U+3B4E	㭎	6664	8
U+6798	枘	6665	8
U+678D	枍	6666	8
U+77FC	矼	6667	8
U+77FB	矻	6668	8
U+533C	匼	6669	8
U+2CA02	𬨂	6670	8
U+2C029	𬀩	6671	8
U+2C02A	𬀪	6672	8
U+65FF	旿	6673	8
U+6607	昇	6674	8
U+6604	昄	6675	8
U+6612	昒	6676	8
U+6608	昈	6677	8
U+5489	咉	6678	8
U+5487	咇	6679	8
U+548D	咍	6680	8
U+5CB5	岵	6681	8
U+5CBD	岽	6682	8
U+5CA8	岨	6683	8
U+5C9E	岞	6684	8
U+5CC2	峂	6685	8
U+37C3	㟃	6686	8
U+56F7	囷	6687	8
U+2CB29	𬬩	6688	8
U+9490	钐	6689	8
U+9494	钔	6690	8
U+9496	钖	6691	8
U+7265	牥	6692	8
U+4F74	佴	6693	8
U+5788	垈	6694	8
U+4F81	侁	6695	8
U+4FB9	侹	6696	8
U+4F78	佸	6697	8
U+4F7A	佺	6698	8
U+96B9	隹	6699	8
U+344A	㑊	6700	8
U+4F82	侂	6701	8
U+4F7D	佽	6702	8
U+4F98	侘	6703	8
U+90C8	郈	6704	8
U+8220	舠	6705	8
U+90D0	郐	6706	8
U+90C3	郃	6707	8
U+653D	攽	6708	8
U+80AD	肭	6709	8
U+80B8	肸	6710	8
U+80B7	肷	6711	8
U+72C9	狉	6712	8
U+72DD	狝	6713	8
U+9973	饳	6714	8
U+5FDE	忞	6715	8
U+65BC	於	6716	8
U+708C	炌	6717	8
U+7086	炆	6718	8
U+6CD9	泙	6719	8
U+6CBA	沺	6720	8
U+6CC2	泂	6721	8
U+6CDC	泜	6722	8
U+6CC3	泃	6723	8
U+6CC7	泇	6724	8
U+600A	怊	6725	8
U+5CC3	峃	6726	8
U+7A78	穸	6727	8
U+794B	祋	6728	8
U+794A	祊	6729	8
U+2B363	𫍣	6730	8
U+2C8F3	𬣳	6731	8
U+2CA7D	𬩽	6732	9
U+9E24	鸤	6733	8
U+5F22	弢	6734	8
U+5F28	弨	6735	8
U+9651	陑	6736	8
U+2CBBF	𬮿	6737	9
U+964E	陎	6738	8
U+2CBC0	𬯀	6739	9
U+537A	卺	6740	8
U+4E78	乸	6741	8
U+59AD	妭	6742	8
U+59C8	姈	6743	8
U+2BC1B	𫰛	6744	8
U+8FF3	迳	6745	8
U+53D5	叕	6746	8
U+2CCF5	𬳵	6747	8
U+9A75	驵	6748	8
U+2CCF6	𬳶	6749	8
U+4339	䌹	6750	11
U+9A7A	驺	6751	8
U+2B80A	𫠊	6752	8
U+7ECB	绋	6753	8
U+7ED0	绐	6754	8
U+7809	砉	6755	9
U+8014	耔	6756	9
U+36C3	㛃	6757	9
U+73B6	玶	6758	9
U+73C7	珇	6759	9
U+73C5	珅	6760	9
U+2C35B	𬍛	6761	9
U+73CB	珋	6762	9
U+73B9	玹	6763	9
U+73CC	珌	6764	9
U+73BF	玿	6765	9
U+97E8	韨	6766	9
U+579A	垚	6767	9
U+57AF	垯	6768	9
U+5799	垙	6769	9
U+57B2	垲	6770	9
U+57CF	埏	6771	9
U+578D	垍	6772	9
U+8007	耇	6773	9
U+9FCD	鿍	6774	9
U+578E	垎	6775	9
U+57B4	垴	6776	9
U+579F	垟	6777	9
U+579E	垞	6778	9
U+6313	挓	6779	9
U+57B5	垵	6780	9
U+578F	垏	6781	9
U+62F6	拶	6782	9
U+8356	荖	6783	9
U+8341	荁	6784	9
U+8359	荙	6785	9
U+835B	荛	6786	9
U+8308	茈	6787	9
U+833D	茽	6788	9
U+8344	荄	6789	9
U+833A	茺	6790	9
U+2C72C	𬜬	6791	9
U+8353	荓	6792	9
U+8333	茳	6793	9
U+26C21	𦰡	6794	11
U+831B	茛	6795	9
U+836D	荭	6796	9
U+3B55	㭕	6797	9
U+67F7	柷	6798	9
U+67C3	柃	6799	9
U+67CA	柊	6800	9
U+67B9	枹	6801	9
U+6810	栐	6802	9
U+67D6	柖	6803	9
U+90DA	郚	6804	9
U+5245	剅	6805	9
U+4D13	䴓	6806	15
U+8FFA	迺	6807	9
U+5396	厖	6808	9
U+7806	砆	6809	9
U+7811	砑	6810	9
U+7804	砄	6811	9
U+800F	耏	6812	9
U+5953	奓	6813	9
U+4DAE	䶮	6814	9
U+8F75	轵	6815	9
U+8F77	轷	6816	9
U+8F79	轹	6817	9
U+8F7A	轺	6818	9
U+663A	昺	6819	9
U+2AFA2	𪾢	6820	9
U+663D	昽	6821	9
U+76F7	盷	6822	9
U+54A1	咡	6823	9
U+54BA	咺	6824	9
U+6633	昳	6825	9
U+6623	昣	6826	9
U+54D2	哒	6827	9
U+6624	昤	6828	9
U+662B	昫	6829	9
U+6621	昡	6830	9
U+54A5	咥	6831	9
U+662A	昪	6832	9
U+8677	虷	6833	9
U+8678	虸	6834	9
U+54C3	哃	6835	9
U+5CD8	峘	6836	9
U+8011	耑	6837	9
U+5CDB	峛	6838	9
U+2AA30	𪨰	6839	9
U+5CD7	峗	6840	9
U+5CE7	峧	6841	9
U+5E21	帡	6842	9
U+9498	钘	6843	9
U+2B4E7	𫓧	6844	9
U+949C	钜	6845	9
U+2CB2E	𬬮	6846	9
U+2CB31	𬬱	6847	9
U+2CB2D	𬬭	6848	9
U+94AA	钪	6849	9
U+94AC	钬	6850	9
U+94AD	钭	6851	9
U+77E7	矧	6852	9
U+79EC	秬	6853	9
U+4FEB	俫	6854	9
U+8201	舁	6855	9
U+4FDC	俜	6856	9
U+4FD9	俙	6857	9
U+4FCD	俍	6858	9
U+5795	垕	6859	9
U+884E	衎	6860	9
U+8223	舣	6861	9
U+5F07	弇	6862	9
U+4FB4	侴	6863	9
U+9E27	鸧	6864	9
U+43E1	䏡	6865	9
U+80E0	胠	6866	9
U+26676	𦙶	6867	9
U+80C8	胈	6868	9
U+80E9	胩	6869	9
U+80E3	胣	6870	9
U+670F	朏	6871	9
U+98D0	飐	6872	9
U+8A04	訄	6873	9
U+997B	饻	6874	9
U+5EA4	庤	6875	9
U+75A2	疢	6876	9
U+70A3	炣	6877	9
U+709F	炟	6878	9
U+3DB2	㶲	6879	9
U+6D2D	洭	6880	9
U+6D18	洘	6881	9
U+6D13	洓	6882	9
U+6D3F	洿	6883	9
U+3CDA	㳚	6884	9
U+6CDA	泚	6885	9
U+6D48	浈	6886	9
U+6D49	浉	6887	9
U+6D38	洸	6888	9
U+6D11	洑	6889	9
U+6D22	洢	6890	9
U+6D08	洈	6891	9
U+6D1A	洚	6892	9
U+6D3A	洺	6893	9
U+6D28	洨	6894	9
U+6D50	浐	6895	9
U+3CD8	㳘	6896	9
U+6D34	洴	6897	9
U+6D23	洣	6898	9
U+6054	恔	6899	9
U+5BAC	宬	6900	9
U+7A80	窀	6901	9
U+6242	扂	6902	9
U+8886	袆	6903	9
U+794F	祏	6904	9
U+7950	祐	6905	9
U+7955	祕	6906	9
U+53DA	叚	6907	9
U+9667	陧	6908	9
U+965E	陞	6909	9
U+5A00	娀	6910	9
U+59DE	姞	6911	9
U+59F1	姱	6912	9
U+59E4	姤	6913	9
U+59F6	姶	6914	9
U+59FD	姽	6915	9
U+67B2	枲	6916	9
U+7ED6	绖	6917	9
U+9A83	骃	6918	9
U+2C621	𬘡	6919	9
U+2CCFD	𬳽	6920	9
U+2C629	𬘩	6921	9
U+2B127	𫄧	6922	10
U+5F56	彖	6923	9
U+9A89	骉	6924	9
U+605D	恝	6925	10
U+73EA	珪	6926	10
U+73DB	珛	6927	10
U+73F9	珹	6928	10
U+740A	琊	6929	10
U+73BC	玼	6930	10
U+73D6	珖	6931	10
U+2A7DD	𪟝	6932	10
U+73FD	珽	6933	10
U+73E6	珦	6934	10
U+73EB	珫	6935	10
U+73D2	珒	6936	10
U+2C364	𬍤	6937	10
U+73E2	珢	6938	10
U+73D5	珕	6939	10
U+73DD	珝	6940	10
U+2BB7C	𫭼	6941	10
U+57D7	埗	6942	10
U+57BE	垾	6943	10
U+57BA	垺	6944	10
U+57C6	埆	6945	10
U+57BF	垿	6946	10
U+57CC	埌	6947	10
U+57C7	埇	6948	10
U+83B0	莰	6949	10
U+831D	茝	6950	10
U+2C72F	𬜯	6951	10
U+9100	鄀	6952	10
U+83B6	莶	6953	10
U+839D	莝	6954	10
U+44D6	䓖	6955	11
U+8399	莙	6956	10
U+683B	栻	6957	10
U+6860	桠	6958	10
U+2C0A9	𬂩	6959	10
U+6844	桄	6960	10
U+68A0	梠	6961	10
U+6834	栴	6962	10
U+68B4	梴	6963	10
U+6812	栒	6964	10
U+914E	酎	6965	10
U+914F	酏	6966	10
U+2B806	𫠆	6967	10
U+7835	砵	6968	10
U+7820	砠	6969	10
U+782B	砫	6970	10
U+782C	砬	6971	10
U+7841	硁	6972	10
U+6067	恧	6973	10
U+7FC3	翃	6974	10
U+90EA	郪	6975	10
U+28408	𨐈	6976	10
U+8F80	辀	6977	10
U+8F81	辁	6978	10
U+2C317	𬌗	6979	10
U+5255	剕	6980	10
U+8D40	赀	6981	10
U+54E2	哢	6982	10
U+6645	晅	6983	10
U+664A	晊	6984	10
U+551D	唝	6985	10
U+54F3	哳	6986	10
U+54F1	哱	6987	10
U+5194	冔	6988	10
U+6654	晔	6989	10
U+6650	晐	6990	10
U+6656	晖	6991	10
U+7556	畖	6992	10
U+8684	蚄	6993	10
U+8686	蚆	6994	10
U+2B461	𫑡	6995	10
U+5E31	帱	6996	10
U+5D01	崁	6997	10
U+5CFF	峿	6998	10
U+2AA36	𪨶	6999	10
U+5D04	崄	7000	10
U+5E28	帨	7001	10
U+5D00	崀	7002	10
U+8D46	赆	7003	10
U+2CB38	𬬸	7004	10
U+94B7	钷	7005	10
U+2CB3B	𬬻	7006	10
U+2CB39	𬬹	7007	10
U+2CB3F	𬬿	7008	10
U+2CB41	𬭁	7009	10
U+771A	眚	7010	10
U+7521	甡	7011	10
U+7B2B	笫	7012	10
U+503B	倻	7013	10
U+5034	倴	7014	10
U+8129	脩	7015	10
U+502E	倮	7016	10
U+5015	倕	7017	10
U+501E	倞	7018	10
U+2B8B8	𫢸	7019	10
U+5013	倓	7020	10
U+5027	倧	7021	10
U+8843	衃	7022	10
U+8652	虒	7023	10
U+822D	舭	7024	10
U+822F	舯	7025	10
U+8225	舥	7026	10
U+74DE	瓞	7027	10
U+9B2F	鬯	7028	10
U+9E30	鸰	7029	10
U+810E	脎	7030	10
U+6713	朓	7031	10
U+80F2	胲	7032	10
U+8653	虓	7033	10
U+9C7D	鱽	7034	10
U+72F4	狴	7035	10
U+5CF1	峱	7036	10
U+72FB	狻	7037	10
U+7722	眢	7038	10
U+2B5E7	𫗧	7039	10
U+52CD	勍	7040	10
U+75C4	痄	7041	10
U+75B0	疰	7042	10
U+75C3	痃	7043	10
U+7AD8	竘	7044	10
U+7F96	羖	7045	10
U+7F93	羓	7046	10
U+684A	桊	7047	10
U+6549	敉	7048	10
U+70E0	烠	7049	10
U+70D4	烔	7050	10
U+70F6	烶	7051	10
U+70FB	烻	7052	10
U+2C288	𬊈	7053	10
U+6D8D	涍	7054	10
U+6D61	浡	7055	10
U+6D6D	浭	7056	10
U+6D6C	浬	7057	10
U+6D84	涄	7058	10
U+6DA2	涢	7059	10
U+6D90	涐	7060	10
U+6D70	浰	7061	10
U+6D5F	浟	7062	10
U+6D5B	浛	7063	10
U+6D7C	浼	7064	10
U+6D72	浲	7065	10
U+6D98	涘	7066	10
U+6088	悈	7067	10
U+6083	悃	7068	10
U+60A2	悢	7069	10
U+2C488	𬒈	7070	10
U+5BA7	宧	7071	10
U+7A85	窅	7072	10
U+7A8A	窊	7073	10
U+7A8E	窎	7074	10
U+6245	扅	7075	10
U+6246	扆	7076	10
U+88AA	袪	7077	10
U+8897	袗	7078	10
U+88AF	袯	7079	10
U+7967	祧	7080	10
U+96BA	隺	7081	10
U+5832	堲	7082	10
U+758D	疍	7083	10
U+28E99	𨺙	7084	10
U+9674	陴	7085	10
U+70DD	烝	7086	10
U+782E	砮	7087	10
U+36DA	㛚	7088	10
U+54FF	哿	7089	10
U+7FC0	翀	7090	10
U+7FC2	翂	7091	10
U+525F	剟	7092	10
U+2CCFF	𬳿	7093	10
U+2B128	𫄨	7094	10
U+7EE4	绤	7095	10
U+9A8D	骍	7096	10
U+2C62B	𬘫	7097	10
U+40AE	䂮	7098	11
U+740E	琎	7099	11
U+73F8	珸	7100	11
U+73F5	珵	7101	11
U+7404	琄	7102	11
U+7408	琈	7103	11
U+7400	琀	7104	11
U+73FA	珺	7105	11
U+63AD	掭	7106	11
U+580E	堎	7107	11
U+5810	堐	7108	11
U+57FC	埼	7109	11
U+638E	掎	7110	11
U+57EB	埫	7111	11
U+580C	堌	7112	11
U+6662	晢	7113	11
U+2BB83	𫮃	7114	11
U+639E	掞	7115	11
U+57EA	埪	7116	11
U+58F8	壸	7117	11
U+364D	㙍	7118	11
U+804D	聍	7119	11
U+83DD	菝	7120	11
U+841A	萚	7121	11
U+83E5	菥	7122	11
U+83BF	莿	7123	11
U+44EB	䓫	7124	12
U+52DA	勚	7125	11
U+44EC	䓬	7126	12
U+8406	萆	7127	11
U+83C2	菂	7128	11
U+83CD	菍	7129	11
U+83FC	菼	7130	11
U+8423	萣	7131	11
U+44E8	䓨	7132	12
U+83C9	菉	7133	11
U+44DB	䓛	7134	12
U+68BC	梼	7135	11
U+68BD	梽	7136	11
U+6872	桲	7137	11
U+68BE	梾	7138	11
U+686F	桯	7139	11
U+68A3	梣	7140	11
U+688C	梌	7141	11
U+6879	桹	7142	11
U+6554	敔	7143	11
U+53A3	厣	7144	11
U+7854	硔	7145	11
U+9FCE	鿎	7146	11
U+7859	硙	7147	11
U+785A	硚	7148	11
U+784A	硊	7149	11
U+784D	硍	7150	11
U+52D4	勔	7151	11
U+4D15	䴕	7152	17
U+9F81	龁	7153	11
U+9034	逴	7154	11
U+552A	唪	7155	11
U+556B	啫	7156	11
U+7FC8	翈	7157	11
U+3AF0	㫰	7158	11
U+6659	晙	7159	11
U+7564	畤	7160	11
U+2CC56	𬱖	7161	11
U+8DBC	趼	7162	11
U+8DC2	跂	7163	11
U+86C3	蛃	7164	11
U+86B2	蚲	7165	11
U+2C7FD	𬟽	7166	11
U+86BA	蚺	7167	11
U+5574	啴	7168	11
U+4383	䎃	7169	11
U+5D27	崧	7170	11
U+5D1F	崟	7171	11
U+5D1E	崞	7172	11
U+5D12	崒	7173	11
U+5D0C	崌	7174	11
U+5D21	崡	7175	11
U+94CF	铏	7176	11
U+2B4EF	𫓯	7177	11
U+2B7F9	𫟹	7178	11
U+94D5	铕	7179	11
U+2B7FC	𫟼	7180	12
U+94D6	铖	7181	11
U+94D8	铘	7182	11
U+94DA	铚	7183	11
U+94DE	铞	7184	11
U+94E5	铥	7185	11
U+94F4	铴	7186	11
U+727B	牻	7187	11
U+727F	牿	7188	11
U+7A06	稆	7189	11
U+7B31	笱	7190	11
U+7B2F	笯	7191	11
U+5070	偰	7192	11
U+5061	偡	7193	11
U+9E3A	鸺	7194	11
U+506D	偭	7195	11
U+5072	偲	7196	11
U+5041	偁	7197	11
U+3FE0	㿠	7198	11
U+9105	鄅	7199	11
U+5053	偓	7200	11
U+5F9B	徛	7201	11
U+8852	衒	7202	11
U+8233	舳	7203	11
U+8232	舲	7204	11
U+9E3C	鸼	7205	11
U+6086	悆	7206	11
U+9103	鄃	7207	11
U+74FB	瓻	7208	11
U+4759	䝙	7209	11
U+8136	脶	7210	11
U+811E	脞	7211	11
U+811F	脟	7212	11
U+43F2	䏲	7213	11
U+9C7E	鱾	7214	11
U+7307	猇	7215	11
U+730A	猊	7216	11
U+7304	猄	7217	11
U+89D6	觖	7218	11
U+20164	𠅤	7219	11
U+5EB1	庱	7220	11
U+5EBC	庼	7221	11
U+5EB3	庳	7222	11
U+75D3	痓	7223	11
U+4D14	䴔	7224	17
U+7AEB	竫	7225	11
U+5803	堃	7226	11
U+960C	阌	7227	11
U+7F9D	羝	7228	11
U+7F95	羕	7229	11
U+7106	焆	7230	11
U+70FA	烺	7231	11
U+710C	焌	7232	11
U+6DCF	淏	7233	11
U+2C1F9	𬇹	7234	11
U+6DDF	淟	7235	11
U+6DDC	淜	7236	11
U+6DF4	淴	7237	11
U+6DEF	淯	7238	11
U+6E74	湴	7239	11
U+6DB4	涴	7240	11
U+2C361	𬍡	7241	11
U+3944	㥄	7242	11
U+60DB	惛	7243	11
U+60D4	惔	7244	11
U+60B0	悰	7245	11
U+60D9	惙	7246	11
U+5BC1	寁	7247	11
U+902D	逭	7248	11
U+2C907	𬤇	7249	11
U+2B36F	𫍯	7250	11
U+88BC	袼	7251	11
U+88C8	裈	7252	11
U+7972	祲	7253	11
U+2C90A	𬤊	7254	11
U+2B372	𫍲	7255	11
U+8C1E	谞	7256	11
U+8274	艴	7257	11
U+5F38	弸	7258	11
U+5F36	弶	7259	11
U+2CBCE	𬯎	7260	12
U+9683	隃	7261	11
U+5A5E	婞	7262	11
U+5A35	娵	7263	11
U+5A7C	婼	7264	11
U+5A96	媖	7265	11
U+5A73	婳	7266	11
U+5A4D	婍	7267	11
U+5A4C	婌	7268	11
U+5A6B	婫	7269	11
U+5A64	婤	7270	11
U+5A58	婘	7271	11
U+5A60	婠	7272	11
U+2C62C	𬘬	7273	11
U+2C62D	𬘭	7274	11
U+2CD02	𬴂	7275	11
U+2B626	𫘦	7276	11
U+7EF9	绹	7277	11
U+2B7C5	𫟅	7278	11
U+2C62F	𬘯	7279	11
U+9A95	骕	7280	11
U+2B627	𫘧	7281	11
U+7D5C	絜	7282	12
U+73F7	珷	7283	12
U+7432	琲	7284	12
U+7421	琡	7285	12
U+741F	琟	7286	12
U+7414	琔	7287	12
U+742D	琭	7288	12
U+583E	堾	7289	12
U+583C	堼	7290	12
U+63D5	揕	7291	12
U+3658	㙘	7292	12
U+5827	堧	7293	12
U+5586	喆	7294	12
U+5828	堨	7295	12
U+5845	塅	7296	12
U+5820	堠	7297	12
U+7D77	絷	7298	12
U+2A8FB	𪣻	7299	12
U+2139A	𡎚	7300	12
U+845C	葜	7301	12
U+60CE	惎	7302	12
U+8433	萳	7303	12
U+8459	葙	7304	12
U+976C	靬	7305	12
U+8474	葴	7306	12
U+8487	蒇	7307	12
U+8488	蒈	7308	12
U+911A	鄚	7309	12
U+8489	蒉	7310	12
U+84C7	蓇	7311	12
U+8429	萩	7312	12
U+8490	蒐	7313	12
U+8470	葰	7314	12
U+844E	葎	7315	12
U+9111	鄑	7316	12
U+848E	蒎	7317	12
U+8456	葖	7318	12
U+8484	蒄	7319	12
U+8439	萹	7320	12
U+68E4	棤	7321	12
U+68FD	棽	7322	12
U+68EB	棫	7323	12
U+6913	椓	7324	12
U+6911	椑	7325	12
U+2C0CA	𬃊	7326	12
U+9E40	鹀	7327	12
U+6906	椆	7328	12
U+68D3	棓	7329	12
U+68EC	棬	7330	12
U+68EA	棪	7331	12
U+6900	椀	7332	12
U+6957	楗	7333	12
U+2CDD5	𬷕	7334	12
U+7526	甦	7335	12
U+9166	酦	7336	12
U+89CC	觌	7337	12
U+5961	奡	7338	12
U+7695	皕	7339	12
U+786A	硪	7340	12
U+6B39	欹	7341	12
U+8A5F	詟	7342	12
U+2B410	𫐐	7343	12
U+8F8C	辌	7344	12
U+68D0	棐	7345	12
U+9F82	龂	7346	12
U+2CE7C	𬹼	7347	12
U+9EF9	黹	7348	12
U+725A	牚	7349	12
U+774E	睎	7350	12
U+666B	晫	7351	12
U+666A	晪	7352	12
U+6671	晱	7353	12
U+27FF9	𧿹	7354	12
U+86D1	蛑	7355	12
U+756F	畯	7356	12
U+659D	斝	7357	12
U+55A4	喤	7358	12
U+5D36	崶	7359	12
U+5D41	嵁	7360	12
U+2BD87	𫶇	7361	12
U+5D3E	崾	7362	12
U+5D45	嵅	7363	12
U+5D3F	崿	7364	12
U+5D5A	嵚	7365	12
U+7FD9	翙	7366	12
U+2B5AE	𫖮	7367	12
U+570C	圌	7368	12
U+5710	圐	7369	12
U+8D51	赑	7370	12
U+6DFC	淼	7371	12
U+8D52	赒	7372	12
U+9FCF	鿏	7373	12
U+94F9	铹	7374	12
U+2CB4A	𬭊	7375	12
U+94FD	铽	7376	12
U+28C47	𨱇	7377	12
U+2B4F6	𫓶	7378	12
U+950A	锊	7379	12
U+950D	锍	7380	12
U+950E	锎	7381	12
U+2CB4E	𬭎	7382	12
U+9513	锓	7383	12
U+7287	犇	7384	12
U+988B	颋	7385	12
U+7A0C	稌	7386	12
U+7B40	筀	7387	12
U+7B58	筘	7388	12
U+7B5C	筜	7389	12
U+7B65	筥	7390	12
U+7B45	筅	7391	12
U+5083	傃	7392	12
U+5089	傉	7393	12
U+7FDB	翛	7394	12
U+5092	傒	7395	12
U+5095	傕	7396	12
U+823E	舾	7397	12
U+756C	畬	7398	12
U+2B5AF	𫖯	7399	12
U+813F	脿	7400	12
U+8158	腘	7401	12
U+4403	䐃	7402	12
U+8159	腙	7403	12
U+8152	腒	7404	12
U+2CC5F	𬱟	7405	12
U+9C83	鲃	7406	12
U+7330	猰	7407	12
U+2B6ED	𫛭	7408	12
U+732F	猯	7409	12
U+3E84	㺄	7410	12
U+9989	馉	7411	12
U+51D3	凓	7412	12
U+9117	鄗	7413	12
U+2BDF7	𫷷	7414	12
U+5ECB	廋	7415	12
U+5EC6	廆	7416	12
U+910C	鄌	7417	12
U+7CA2	粢	7418	12
U+9046	遆	7419	12
U+65D0	旐	7420	12
U+2CBB1	𬮱	7421	12
U+711E	焞	7422	12
U+2C2A4	𬊤	7423	12
U+6B3B	欻	7424	12
U+23E23	𣸣	7425	12
U+6E9A	溚	7426	12
U+6E81	溁	7427	12
U+6E5D	湝	7428	12
U+6E30	渰	7429	12
U+6E53	湓	7430	12
U+3D14	㴔	7431	12
U+6E1F	渟	7432	12
U+6EA0	溠	7433	12
U+6E3C	渼	7434	12
U+6E87	溇	7435	12
U+6E63	湣	7436	12
U+6E51	湑	7437	12
U+6E9E	溞	7438	12
U+6110	愐	7439	12
U+6103	愃	7440	12
U+6569	敩	7441	12
U+752F	甯	7442	12
U+68E8	棨	7443	12
U+624A	扊	7444	12
U+88E3	裣	7445	12
U+797C	祼	7446	12
U+5A7B	婻	7447	12
U+5A86	媆	7448	12
U+5A9E	媞	7449	12
U+36F9	㛹	7450	12
U+5A93	媓	7451	12
U+5A82	媂	7452	12
U+5A84	媄	7453	12
U+6BF5	毵	7454	12
U+77DE	矞	7455	12
U+2CD03	𬴃	7456	12
U+2B628	𫘨	7457	12
U+7F0A	缊	7458	12
U+7F10	缐	7459	12
U+9A99	骙	7460	12
U+7443	瑃	7461	13
U+7453	瑓	7462	13
U+7445	瑅	7463	13
U+7446	瑆	7464	13
U+4D16	䴖	7465	19
U+7456	瑖	7466	13
U+745D	瑝	7467	13
U+7454	瑔	7468	13
U+7440	瑀	7469	13
U+249DB	𤧛	7470	13
U+7473	瑳	7471	13
U+7442	瑂	7472	13
U+5D85	嶅	7473	13
U+7451	瑑	7474	13
U+9058	遘	7475	13
U+9AE2	髢	7476	13
U+5865	塥	7477	13
U+583D	堽	7478	13
U+8D6A	赪	7479	13
U+645B	摛	7480	13
U+585D	塝	7481	13
U+6412	搒	7482	13
U+640C	搌	7483	13
U+84B1	蒱	7484	13
U+84A8	蒨	7485	13
U+84CF	蓏	7486	13
U+8500	蔀	7487	13
U+84E2	蓢	7488	13
U+84C2	蓂	7489	13
U+84BB	蒻	7490	13
U+84E3	蓣	7491	13
U+6939	椹	7492	13
U+696A	楪	7493	13
U+6983	榃	7494	13
U+6985	榅	7495	13
U+6952	楒	7496	13
U+695E	楞	7497	13
U+6969	楩	7498	13
U+6987	榇	7499	13
U+6938	椸	7500	13
U+6959	楙	7501	13
U+6B45	歅	7502	13
U+2CAA9	𬪩	7503	13
U+7883	碃	7504	13
U+788F	碏	7505	13
U+2C494	𬒔	7506	13
U+7888	碈	7507	13
U+40C5	䃅	7508	13
U+787F	硿	7509	13
U+9120	鄠	7510	13
U+8F92	辒	7511	13
U+2CA0E	𬨎	7512	13
U+2B413	𫐓	7513	13
U+9F86	龆	7514	13
U+89DC	觜	7515	13
U+48D8	䣘	7516	14
U+6695	暕	7517	13
U+9E4D	鹍	7518	13
U+2BAC7	𫫇	7519	13
U+3B0A	㬊	7520	13
U+6685	暅	7521	13
U+8DF1	跱	7522	13
U+8710	蜐	7523	13
U+870E	蜎	7524	13
U+5D72	嵲	7525	13
U+8D57	赗	7526	13
U+9AB1	骱	7527	13
U+9516	锖	7528	13
U+2B4F9	𫓹	7529	13
U+9518	锘	7530	13
U+9533	锳	7531	13
U+9527	锧	7532	13
U+952A	锪	7533	13
U+2CB5A	𬭚	7534	13
U+952B	锫	7535	13
U+952C	锬	7536	13
U+2CB5B	𬭛	7537	13
U+7A11	稑	7538	13
U+7A19	稙	7539	13
U+415F	䅟	7540	13
U+2C542	𬕂	7541	13
U+7B7B	筻	7542	13
U+7B7C	筼	7543	13
U+7B76	筶	7544	13
U+7B66	筦	7545	13
U+7B64	筤	7546	13
U+50BA	傺	7547	13
U+9E4E	鹎	7548	13
U+50C7	僇	7549	13
U+8245	艅	7550	13
U+8249	艉	7551	13
U+8C3C	谼	7552	13
U+8C86	貆	7553	13
U+817D	腽	7554	13
U+8168	腨	7555	13
U+816F	腯	7556	13
U+9C89	鲉	7557	13
U+9C8A	鲊	7558	13
U+9C8C	鲌	7559	13
U+4C9F	䲟	7560	16
U+2CD8B	𬶋	7561	13
U+2CD8D	𬶍	7562	13
U+9C8F	鲏	7563	13
U+96CA	雊	7564	13
U+733A	猺	7565	13
U+98D4	飔	7566	13
U+89DF	觟	7567	13
U+2677C	𦝼	7568	13
U+998C	馌	7569	13
U+88DB	裛	7570	13
U+5ED2	廒	7571	13
U+7600	瘀	7572	13
U+7605	瘅	7573	13
U+9118	鄘	7574	13
U+9E52	鹒	7575	13
U+911C	鄜	7576	13
U+9E80	麀	7577	13
U+9123	鄣	7578	13
U+9618	阘	7579	13
U+2B536	𫔶	7580	13
U+7141	煁	7581	13
U+7143	煃	7582	13
U+7174	煴	7583	13
U+714B	煋	7584	13
U+715F	煟	7585	13
U+7153	煓	7586	13
U+6EE0	滠	7587	13
U+6E8D	溍	7588	13
U+6EB9	溹	7589	13
U+6EC6	滆	7590	13
U+6EC9	滉	7591	13
U+6EA6	溦	7592	13
U+6EB5	溵	7593	13
U+6F37	漷	7594	13
U+6EE7	滧	7595	13
U+6ED8	滘	7596	13
U+6ECD	滍	7597	13
U+612D	愭	7598	13
U+6165	慥	7599	13
U+6146	慆	7600	13
U+5871	塱	7601	13
U+2B300	𫌀	7602	13
U+88FC	裼	7603	13
U+798B	禋	7604	13
U+7994	禔	7605	13
U+7998	禘	7606	13
U+7992	禒	7607	13
U+8C2B	谫	7608	13
U+9E54	鹔	7609	13
U+2B5B3	𫖳	7610	13
U+610D	愍	7611	13
U+5AC4	嫄	7612	13
U+5AB1	媱	7613	13
U+6224	戤	7614	13
U+52E0	勠	7615	13
U+6223	戣	7616	13
U+2B62A	𫘪	7617	13
U+2B62C	𫘬	7618	13
U+7F1E	缞	7619	13
U+8024	耤	7620	14
U+7467	瑧	7621	14
U+2B7A9	𫞩	7622	15
U+7468	瑨	7623	14
U+7471	瑱	7624	14
U+7477	瑷	7625	14
U+7462	瑢	7626	14
U+65A0	斠	7627	14
U+644F	摏	7628	14
U+5895	墕	7629	14
U+5888	墈	7630	14
U+5890	墐	7631	14
U+5898	墘	7632	14
U+6474	摴	7633	14
U+928E	銎	7634	14
U+21413	𡐓	7635	14
U+589A	墚	7636	14
U+6496	撖	7637	14
U+2A917	𪤗	7638	14
U+977D	靽	7639	14
U+9781	鞁	7640	14
U+850C	蔌	7641	14
U+8508	蔈	7642	14
U+84F0	蓰	7643	14
U+8539	蔹	7644	14
U+850A	蔊	7645	14
U+560F	嘏	7646	14
U+69B0	榰	7647	14
U+6991	榑	7648	14
U+69DA	槚	7649	14
U+235CB	𣗋	7650	14
U+69DC	槜	7651	14
U+698D	榍	7652	14
U+7590	疐	7653	14
U+2CE18	𬸘	7654	14
U+917A	酺	7655	14
U+917E	酾	7656	14
U+9172	酲	7657	14
U+9174	酴	7658	14
U+78B6	碶	7659	14
U+40CE	䃎	7660	14
U+2C497	𬒗	7661	14
U+78A8	碨	7662	14
U+25532	𥔲	7663	15
U+78B9	碹	7664	14
U+78A5	碥	7665	14
U+5282	劂	7666	14
U+2B696	𫚖	7667	14
U+4D17	䴗	7668	20
U+5925	夥	7669	14
U+778D	瞍	7670	14
U+9E56	鹖	7671	14
U+3B0E	㬎	7672	14
U+8DFD	跽	7673	14
U+873E	蜾	7674	14
U+5E56	幖	7675	14
U+5D8D	嶍	7676	14
U+5719	圙	7677	14
U+28C4F	𨱏	7678	15
U+953A	锺	7679	14
U+953C	锼	7680	14
U+953D	锽	7681	14
U+2CB64	𬭤	7682	14
U+953E	锾	7683	14
U+953F	锿	7684	14
U+9543	镃	7685	14
U+9544	镄	7686	14
U+9545	镅	7687	14
U+999D	馝	7688	14
U+9E59	鹙	7689	14
U+7BA8	箨	7690	14
U+7B96	箖	7691	14
U+5284	劄	7692	14
U+50EC	僬	7693	14
U+50E6	僦	7694	14
U+50D4	僔	7695	14
U+50CE	僎	7696	14
U+69C3	槃	7697	14
U+3666	㙦	7698	14
U+9C92	鲒	7699	14
U+9C95	鲕	7700	14
U+2B695	𫚕	7701	14
U+9C96	鲖	7702	14
U+9C97	鲗	7703	14
U+9C98	鲘	7704	14
U+9C99	鲙	7705	14
U+2CD90	𬶐	7706	14
U+2CD8F	𬶏	7707	14
U+29F7E	𩽾	7708	14
U+5910	夐	7709	14
U+734D	獍	7710	14
U+98D7	飗	7711	14
U+2CE1A	𬸚	7712	14
U+51D8	凘	7713	14
U+5ED1	廑	7714	14
U+5ED9	廙	7715	14
U+7617	瘗	7716	14
U+7625	瘥	7717	14
U+7615	瘕	7718	14
U+9C9D	鲝	7719	14
U+912B	鄫	7720	14
U+7187	熇	7721	14
U+6F39	漹	7722	14
U+6F16	漖	7723	14
U+6F46	潆	7724	14
U+6F24	漤	7725	14
U+6F69	潩	7726	14
U+6F3C	漼	7727	14
U+6F34	漴	7728	14
U+3F4F	㽏	7729	14
U+6F08	漈	7730	14
U+6F0B	漋	7731	14
U+6F3B	漻	7732	14
U+616C	慬	7733	14
U+7AAC	窬	7734	14
U+7AAD	窭	7735	14
U+3BBE	㮾	7736	15
U+2C91D	𬤝	7737	14
U+8915	褕	7738	14
U+799B	禛	7739	14
U+799A	禚	7740	14
U+96A9	隩	7741	14
U+5AD5	嫕	7742	14
U+5AED	嫭	7743	14
U+5ADC	嫜	7744	14
U+5AEA	嫪	7745	14
U+2C642	𬙂	7746	14
U+3EEC	㻬	7747	15
U+9EB9	麹	7748	15
U+7486	璆	7749	15
U+6F26	漦	7750	15
U+53C7	叇	7751	15
U+58A3	墣	7752	15
U+58A6	墦	7753	15
U+58A1	墡	7754	15
U+5290	劐	7755	15
U+8581	薁	7756	15
U+8570	蕰	7757	15
U+8503	蔃	7758	15
U+9F12	鼒	7759	15
U+69F1	槱	7760	15
U+9E5D	鹝	7761	15
U+78CF	磏	7762	15
U+78C9	磉	7763	15
U+6BA3	殣	7764	15
U+616D	慭	7765	15
U+9705	霅	7766	15
U+66B5	暵	7767	15
U+66B2	暲	7768	15
U+66B6	暶	7769	15
U+8E26	踦	7770	15
U+8E23	踣	7771	15
U+45D6	䗖	7772	15
U+8758	蝘	7773	15
U+8772	蝲	7774	15
U+8764	蝤	7775	15
U+5647	噇	7776	15
U+5642	噂	7777	15
U+5640	噀	7778	15
U+7F76	罶	7779	15
U+5DB2	嶲	7780	15
U+5D93	嶓	7781	15
U+3807	㠇	7782	15
U+5D9F	嶟	7783	15
U+5D92	嶒	7784	15
U+9546	镆	7785	15
U+9548	镈	7786	15
U+954B	镋	7787	15
U+954E	镎	7788	15
U+2CB69	𬭩	7789	15
U+9555	镕	7790	15
U+7A39	稹	7791	15
U+5107	儇	7792	15
U+769E	皞	7793	15
U+769B	皛	7794	15
U+4D18	䴘	7795	21
U+824E	艎	7796	15
U+824F	艏	7797	15
U+9E5F	鹟	7798	15
U+29F83	𩾃	7799	15
U+9CA6	鲦	7800	15
U+9CAA	鲪	7801	15
U+9CAC	鲬	7802	15
U+6A65	橥	7803	15
U+89ED	觭	7804	15
U+9E60	鹠	7805	15
U+9E61	鹡	7806	15
U+7CC7	糇	7807	15
U+7CC8	糈	7808	15
U+7FE6	翦	7809	15
U+9E62	鹢	7810	15
U+9E63	鹣	7811	15
U+719B	熛	7812	15
U+6F56	潖	7813	15
U+6F75	潵	7814	15
U+3D50	㵐	7815	15
U+6F82	澂	7816	15
U+6F9B	澛	7817	15
U+746C	瑬	7818	15
U+6F7D	潽	7819	15
U+6F7E	潾	7820	15
U+6F4F	潏	7821	15
U+61AD	憭	7822	15
U+6195	憕	7823	15
U+2CE23	𬸣	7824	15
U+622D	戭	7825	15
U+892F	褯	7826	15
U+79A4	禤	7827	15
U+2B37D	𫍽	7828	15
U+5AFD	嫽	7829	15
U+9079	遹	7830	15
U+2CD0A	𬴊	7831	15
U+74A5	璥	7832	16
U+74B2	璲	7833	16
U+7492	璒	7834	16
U+6199	憙	7835	16
U+64D0	擐	7836	16
U+9139	鄹	7837	16
U+85B3	薳	7838	16
U+9794	鞔	7839	16
U+9EC7	黇	7840	16
U+2C79F	𬞟	7841	16
U+8557	蕗	7842	16
U+85A2	薢	7843	16
U+8579	蕹	7844	16
U+6A5E	橞	7845	16
U+6A51	橑	7846	16
U+6A66	橦	7847	16
U+9191	醑	7848	16
U+89F1	觱	7849	16
U+78E1	磡	7850	16
U+25562	𥕢	7851	16
U+78DC	磜	7852	16
U+8C6E	豮	7853	16
U+2B7E6	𫟦	7854	17
U+2CE88	𬺈	7855	16
U+2B81C	𫠜	7856	16
U+9E7E	鹾	7857	16
U+8664	虤	7858	16
U+66BF	暿	7859	16
U+66CC	曌	7860	16
U+66C8	曈	7861	16
U+3B1A	㬚	7862	16
U+8E45	蹅	7863	16
U+8E36	踶	7864	16
U+45DB	䗛	7865	16
U+8797	螗	7866	16
U+7581	疁	7867	16
U+3813	㠓	7868	16
U+5E6A	幪	7869	16
U+2AA58	𪩘	7870	16
U+5DA6	嶦	7871	16
U+2CB6C	𬭬	7872	16
U+28C51	𨱑	7873	17
U+2CB6F	𬭯	7874	16
U+999E	馞	7875	16
U+7A44	穄	7876	16
U+7BDA	篚	7877	16
U+7BEF	篯	7878	16
U+7C09	簉	7879	16
U+9F3D	鼽	7880	16
U+8860	衠	7881	16
U+76E6	盦	7882	16
U+87A3	螣	7883	16
U+7E22	縢	7884	16
U+9CAD	鲭	7885	16
U+9CAF	鲯	7886	16
U+9CB0	鲰	7887	16
U+9CBA	鲺	7888	16
U+9CB9	鲹	7889	16
U+2B5F4	𫗴	7890	16
U+4EB8	亸	7891	16
U+7640	癀	7892	16
U+762D	瘭	7893	16
U+2CE26	𬸦	7894	16
U+7FB1	羱	7895	16
U+7CD2	糒	7896	16
U+71CB	燋	7897	16
U+71BB	熻	7898	16
U+71CA	燊	7899	16
U+71DA	燚	7900	16
U+71CF	燏	7901	16
U+6FE9	濩	7902	16
U+6FCB	濋	7903	16
U+6FAA	澪	7904	16
U+6FBD	澽	7905	16
U+6FB4	澴	7906	16
U+6FAD	澭	7907	16
U+6FBC	澼	7908	16
U+61B7	憷	7909	16
U+61BA	憺	7910	16
U+61D4	懔	7911	16
U+9EC9	黉	7912	16
U+5B1B	嬛	7913	16
U+9E68	鹨	7914	16
U+7FEF	翯	7915	16
U+2B137	𫄷	7916	16
U+74B1	璱	7917	17
U+24A7D	𤩽	7918	17
U+74AC	璬	7919	17
U+74AE	璮	7920	17
U+9AFD	髽	7921	17
U+64FF	擿	7922	17
U+85BF	薿	7923	17
U+85B8	薸	7924	17
U+6A91	檑	7925	17
U+6AC6	櫆	7926	17
U+6A9E	檞	7927	17
U+91A8	醨	7928	17
U+7E44	繄	7929	17
U+78F9	磹	7930	17
U+78FB	磻	7931	17
U+77AB	瞫	7932	17
U+77B5	瞵	7933	17
U+8E50	蹐	7934	17
U+87CF	蟏	7935	17
U+360E	㘎	7936	18
U+2CB73	𬭳	7937	17
U+9564	镤	7938	17
U+2CB76	𬭶	7939	17
U+2B50D	𫔍	7940	17
U+9565	镥	7941	17
U+9568	镨	7942	17
U+2CB78	𬭸	7943	17
U+28C54	𨱔	7944	17
U+2CB7C	𬭼	7945	17
U+2B50E	𫔎	7946	17
U+77F0	矰	7947	17
U+7A59	穙	7948	17
U+7A5C	穜	7949	17
U+7A5F	穟	7950	17
U+7C15	簕	7951	17
U+7C03	簃	7952	17
U+7C0F	簏	7953	17
U+5126	儦	7954	17
U+9B4B	魋	7955	17
U+65B6	斶	7956	17
U+825A	艚	7957	17
U+2CE2A	𬸪	7958	17
U+8C3F	谿	7959	17
U+4CA0	䲠	7960	20
U+2CD9F	𬶟	7961	17
U+9CBE	鲾	7962	17
U+2CDA0	𬶠	7963	17
U+9CBF	鲿	7964	17
U+9CC1	鳁	7965	17
U+9CC2	鳂	7966	17
U+9CC8	鳈	7967	17
U+9CC9	鳉	7968	17
U+736F	獯	7969	17
U+45EA	䗪	7970	17
U+9998	馘	7971	17
U+8955	襕	7972	17
U+895A	襚	7973	17
U+2CDA8	𬶨	7974	17
U+87B1	螱	7975	17
U+7513	甓	7976	17
U+5B2C	嬬	7977	17
U+5B25	嬥	7978	17
U+26221	𦈡	7979	17
U+2B138	𫄸	7980	17
U+74C0	瓀	7981	18
U+91D0	釐	7982	18
U+9B36	鬶	7983	18
U+7207	爇	7984	18
U+97B3	鞳	7985	18
U+97AE	鞮	7986	18
U+2C7C1	𬟁	7987	18
U+85DF	藟	7988	18
U+85E6	藦	7989	18
U+85E8	藨	7990	18
U+9E72	鹲	7991	18
U+6AAB	檫	7992	18
U+9EE1	黡	7993	18
U+791E	礞	7994	18
U+790C	礌	7995	18
U+255A8	𥖨	7996	18
U+8E62	蹢	7997	18
U+8E5C	蹜	7998	18
U+87EB	蟫	7999	18
U+45F4	䗴	8000	19
U+569A	嚚	8001	18
U+9AC3	髃	8002	18
U+956E	镮	8003	18
U+9571	镱	8004	18
U+9142	酂	8005	18
U+99A7	馧	8006	18
U+7C20	簠	8007	18
U+7C1D	簝	8008	18
U+7C30	簰	8009	18
U+9F2B	鼫	8010	18
U+9F29	鼩	8011	18
U+76A6	皦	8012	18
U+81D1	臑	8013	18
U+4CA2	䲢	8014	21
U+9CD1	鳑	8015	18
U+9CD2	鳒	8016	18
U+9E71	鹱	8017	18
U+9E6F	鹯	8018	18
U+7657	癗	8019	18
U+2648D	𦒍	8020	18
U+65DE	旞	8021	18
U+7FF7	翷	8022	18
U+5181	冁	8023	18
U+4396	䎖	8024	18
U+7014	瀔	8025	18
U+700D	瀍	8026	18
U+700C	瀌	8027	18
U+895C	襜	8028	18
U+4D19	䴙	8029	24
U+2C64A	𬙊	8030	17
U+56AD	嚭	8031	19
U+3C00	㰀	8032	19
U+9B37	鬷	8033	19
U+91AD	醭	8034	19
U+8E6F	蹯	8035	19
U+880B	蠋	8036	19
U+7FFE	翾	8037	19
U+9CD8	鳘	8038	19
U+5133	儳	8039	19
U+5134	儴	8040	19
U+9F17	鼗	8041	19
U+2CDAD	𬶭	8042	19
U+29F8C	𩾌	8043	19
U+9CDA	鳚	8044	19
U+9CDB	鳛	8045	19
U+9E91	麑	8046	19
U+9E96	麖	8047	19
U+8803	蠃	8048	19
U+5F5F	彟	8049	19
U+5B3F	嬿	8050	19
U+9B12	鬒	8051	20
U+8618	蘘	8052	20
U+6B02	欂	8053	20
U+91B5	醵	8054	20
U+98A5	颥	8055	20
U+7517	甗	8056	20
U+287E0	𨟠	8057	20
U+5DC7	巇	8058	20
U+9145	酅	8059	20
U+9ACE	髎	8060	20
U+72A8	犨	8061	20
U+2CDAE	𬶮	8062	20
U+28B49	𨭉	8063	20
U+3E0C	㸌	8064	20
U+7214	爔	8065	20
U+7031	瀱	8066	20
U+7039	瀹	8067	20
U+703C	瀼	8068	20
U+7035	瀵	8069	20
U+896B	襫	8070	20
U+5B45	孅	8071	20
U+9AA6	骦	8072	20
U+2C64B	𬙋	8073	20
U+8030	耰	8074	21
U+24AC9	𤫉	8075	21
U+74D6	瓖	8076	21
U+9B18	鬘	8077	21
U+8DAF	趯	8078	21
U+2CE93	𬺓	8079	21
U+7F4D	罍	8080	21
U+9F31	鼱	8081	21
U+9CE0	鳠	8082	21
U+9CE1	鳡	8083	21
U+9CE3	鳣	8084	21
U+721F	爟	8085	21
U+721A	爚	8086	21
U+7048	灈	8087	21
U+97C2	韂	8088	22
U+7CF5	糵	8089	22
U+863C	蘼	8090	22
U+7935	礵	8091	22
U+9E74	鹴	8092	22
U+8E94	躔	8093	22
U+76AD	皭	8094	22
U+9FA2	龢	8095	22
U+9CE4	鳤	8096	22
U+4EB9	亹	8097	22
U+7C65	籥	8098	23
U+9F37	鼷	8099	23
U+2B6AD	𫚭	8100	23
U+7383	玃	8101	23
U+91BE	醾	8102	24
U+9F47	齇	8103	25
U+89FF	觿	8104	25
U+883C	蠼	8105	26
