# char	kTotalStrokes (zh-Hans value)	Kangxi radical (kRSUnicode) — Unicode Character Database (Unihan 15.1). Unicode License v3.
㐀	5	1
㐁	6	1
㐂	6	1
㐃	3	2
㐄	3	2
㐅	2	4
㐆	6	4
㐇	3	5
㐈	3	5
㐉	3	5
㐊	4	5
㐋	4	5
㐌	5	5
㐍	5	5
㐎	5	5
㐏	5	5
㐐	6	5
㐑	6	5
㐒	6	5
㐓	6	5
㐔	6	5
㐕	6	5
㐖	7	5
㐗	7	5
㐘	7	5
㐙	8	5
㐚	8	5
㐛	8	5
㐜	9	5
㐝	9	5
㐞	9	5
㐟	9	5
㐠	9	5
㐡	11	5
㐢	11	5
㐣	11	5
㐤	12	5
㐥	16	5
㐦	19	5
㐧	4	6
㐨	8	6
㐩	8	7
㐪	6	8
㐫	6	8
㐬	7	8
㐭	8	8
㐮	13	8
㐯	17	8
㐰	5	9
㐱	5	9
㐲	5	9
㐳	5	9
㐴	5	9
㐵	5	9
㐶	5	9
㐷	5	9
㐸	6	9
㐹	6	9
㐺	6	9
㐻	6	9
㐼	6	9
㐽	6	9
㐾	6	9
㐿	6	9
㑀	6	9
㑁	7	9
㑂	7	9
㑃	7	9
㑄	7	9
㑅	7	9
㑆	7	9
㑇	7	9
㑈	7	9
㑉	8	9
㑊	8	9
㑋	8	9
㑌	8	9
㑍	8	9
㑎	8	9
㑏	8	9
㑐	8	9
㑑	8	9
㑒	8	9
㑓	8	9
㑔	8	9
㑕	8	9
㑖	8	9
㑗	9	9
㑘	9	9
㑙	9	9
㑚	9	9
㑛	9	9
㑜	9	9
㑝	9	9
㑞	9	9
㑟	9	9
㑠	9	9
㑡	9	9
㑢	9	9
㑣	10	9
㑤	11	9
㑥	10	9
㑦	10	9
㑧	10	9
㑨	10	9
㑩	10	9
㑪	10	9
㑫	10	9
㑬	10	9
㑭	10	9
㑮	11	9
㑯	11	9
㑰	11	9
㑱	11	9
㑲	11	9
㑳	12	9
㑴	12	9
㑵	12	9
㑶	12	9
㑷	12	9
㑸	12	9
㑹	12	9
㑺	12	9
㑻	13	9
㑼	13	9
㑽	13	9
㑾	13	9
㑿	13	9
㒀	13	9
㒁	13	9
㒂	14	9
㒃	14	9
㒄	14	9
㒅	14	9
㒆	14	9
㒇	14	9
㒈	14	9
㒉	14	9
㒊	14	9
㒋	14	9
㒌	14	9
㒍	14	9
㒎	14	9
㒏	14	9
㒐	14	9
㒑	15	9
㒒	15	9
㒓	15	9
㒔	15	9
㒕	15	9
㒖	15	9
㒗	15	9
㒘	15	9
㒙	16	9
㒚	16	9
㒛	16	9
㒜	16	9
㒝	17	9
㒞	17	9
㒟	18	9
㒠	18	9
㒡	19	9
㒢	19	9
㒣	19	9
㒤	20	9
㒥	20	9
㒦	20	9
㒧	21	9
㒨	21	9
㒩	23	9
㒪	26	9
㒫	6	10
㒬	8	10
㒭	10	10
㒮	11	10
㒯	18	10
㒰	5	11
㒱	5	11
㒲	6	11
㒳	7	11
㒴	7	11
㒵	7	12
㒶	7	12
㒷	7	12
㒸	9	12
㒹	20	12
㒺	8	13
㒻	11	13
㒼	11	13
㒽	12	13
㒾	13	13
㒿	22	13
㓀	4	14
㓁	4	14
㓂	9	14
㓃	12	14
㓄	15	14
㓅	4	15
㓆	6	15
㓇	6	15
㓈	7	15
㓉	8	15
㓊	8	15
㓋	8	15
㓌	8	15
㓍	8	15
㓎	9	15
㓏	9	15
㓐	10	15
㓑	10	15
㓒	10	15
㓓	11	15
㓔	12	15
㓕	12	15
㓖	13	15
㓗	14	15
㓘	11	16
㓙	6	17
㓚	5	18
㓛	5	18
㓜	5	18
㓝	6	18
㓞	6	18
㓟	7	18
㓠	7	18
㓡	8	18
㓢	8	18
㓣	8	18
㓤	8	18
㓥	8	18
㓦	8	18
㓧	9	18
㓨	9	18
㓩	9	18
㓪	9	18
㓫	9	18
㓬	10	18
㓭	10	18
㓮	10	18
㓯	10	18
㓰	10	18
㓱	11	18
㓲	11	18
㓳	11	18
㓴	11	18
㓵	11	18
㓶	11	18
㓷	12	18
㓸	12	18
㓹	12	18
㓺	12	18
㓻	12	18
㓼	13	18
㓽	13	18
㓾	14	18
㓿	14	18
㔀	14	18
㔁	14	18
㔂	14	18
㔃	14	18
㔄	14	18
㔅	14	18
㔆	14	18
㔇	14	18
㔈	14	18
㔉	14	18
㔊	15	18
㔋	16	18
㔌	16	18
㔍	16	18
㔎	17	18
㔏	17	18
㔐	18	18
㔑	19	18
㔒	20	18
㔓	5	19
㔔	6	19
㔕	6	19
㔖	6	19
㔗	7	19
㔘	7	19
㔙	8	19
㔚	8	19
㔛	8	19
㔜	9	19
㔝	10	19
㔞	10	19
㔟	10	19
㔠	11	19
㔡	12	19
㔢	14	19
㔣	17	19
㔤	17	19
㔥	17	19
㔦	17	19
㔧	18	19
㔨	11	20
㔩	12	20
㔪	13	20
㔫	4	21
㔬	8	21
㔭	11	21
㔮	21	130
㔯	7	22
㔰	7	22
㔱	11	22
㔲	13	22
㔳	13	22
㔴	13	22
㔵	14	22
㔶	26	22
㔷	7	23
㔸	12	23
㔹	4	24
㔺	6	24
㔻	6	24
㔼	13	24
㔽	8	25
㔾	3	26
㔿	3	26
㕀	7	26
㕁	8	26
㕂	6	27
㕃	6	27
㕄	6	27
㕅	7	27
㕆	7	27
㕇	7	27
㕈	8	27
㕉	8	27
㕊	9	27
㕋	10	27
㕌	10	27
㕍	10	27
㕎	12	27
㕏	13	27
㕐	14	27
㕑	14	27
㕒	15	27
㕓	17	27
㕔	24	27
㕕	4	28
㕖	10	28
㕗	11	28
㕘	11	28
㕙	15	28
㕚	4	29
㕛	4	29
㕜	6	29
㕝	7	29
㕞	8	29
㕟	9	29
㕠	12	29
㕡	14	29
㕢	14	154
㕣	5	30
㕤	5	30
㕥	5	30
㕦	6	30
㕧	6	30
㕨	6	30
㕩	7	30
㕪	7	30
㕫	7	30
㕬	7	30
㕭	7	30
㕮	7	30
㕯	7	30
㕰	7	30
㕱	7	30
㕲	7	30
㕳	7	30
㕴	7	30
㕵	7	30
㕶	7	30
㕷	8	30
㕸	8	30
㕹	8	30
㕺	8	30
㕻	8	30
㕼	8	30
㕽	8	30
㕾	8	30
㕿	8	30
㖀	9	30
㖁	9	30
㖂	9	30
㖃	9	30
㖄	9	30
㖅	9	30
㖆	9	30
㖇	9	30
㖈	9	30
㖉	9	30
㖊	9	30
㖋	9	30
㖌	9	30
㖍	9	30
㖎	9	30
㖏	10	30
㖐	10	30
㖑	10	30
㖒	10	30
㖓	10	30
㖔	10	30
㖕	10	30
㖖	10	30
㖗	10	30
㖘	10	30
㖙	10	30
㖚	10	30
㖛	10	30
㖜	10	30
㖝	10	30
㖞	10	30
㖟	11	30
㖠	11	30
㖡	11	30
㖢	11	30
㖣	11	30
㖤	11	30
㖥	11	30
㖦	11	30
㖧	11	30
㖨	11	30
㖩	11	30
㖪	11	30
㖫	11	30
㖬	11	30
㖭	11	30
㖮	11	30
㖯	11	30
㖰	11	30
㖱	11	30
㖲	11	30
㖳	11	30
㖴	11	30
㖵	11	30
㖶	12	30
㖷	12	30
㖸	12	30
㖹	12	30
㖺	12	30
㖻	12	30
㖼	12	30
㖽	12	30
㖾	12	30
㖿	12	30
㗀	12	30
㗁	12	30
㗂	12	30
㗃	12	30
㗄	12	30
㗅	12	30
㗆	12	30
㗇	12	30
㗈	12	30
㗉	12	30
㗊	12	30
㗋	12	30
㗌	12	30
㗍	12	30
㗎	12	30
㗏	12	30
㗐	12	30
㗑	12	30
㗒	13	30
㗓	13	30
㗔	13	30
㗕	13	30
㗖	13	30
㗗	13	30
㗘	13	30
㗙	13	30
㗚	13	30
㗛	13	30
㗜	13	30
㗝	13	30
㗞	13	30
㗟	13	30
㗠	13	30
㗡	13	30
㗢	14	30
㗣	14	30
㗤	14	30
㗥	14	30
㗦	14	30
㗧	14	30
㗨	14	30
㗩	14	30
㗪	14	30
㗫	14	30
㗬	14	30
㗭	14	30
㗮	14	30
㗯	14	30
㗰	14	30
㗱	15	30
㗲	15	30
㗳	15	30
㗴	15	30
㗵	15	30
㗶	15	30
㗷	15	30
㗸	15	30
㗹	15	30
㗺	15	30
㗻	16	30
㗼	16	30
㗽	16	30
㗾	16	30
㗿	16	30
㘀	16	30
㘁	16	30
㘂	16	30
㘃	16	30
㘄	16	30
㘅	17	30
㘆	17	30
㘇	17	30
㘈	17	30
㘉	18	30
㘊	18	30
㘋	18	30
㘌	18	30
㘍	18	30
㘎	18	30
㘏	18	30
㘐	19	30
㘑	19	30
㘒	19	30
㘓	20	30
㘔	20	30
㘕	21	30
㘖	21	30
㘗	21	30
㘘	22	30
㘙	23	30
㘚	23	30
㘛	25	30
㘜	26	30
㘝	5	31
㘞	5	19
㘟	6	31
㘠	8	31
㘡	8	31
㘢	9	31
㘣	10	31
㘤	14	31
㘥	20	31
㘦	5	32
㘧	7	32
㘨	7	32
㘩	7	32
㘪	7	32
㘫	7	32
㘬	7	32
㘭	7	32
㘮	7	32
㘯	7	32
㘰	7	32
㘱	8	32
㘲	8	32
㘳	8	32
㘴	8	32
㘵	8	32
㘶	9	32
㘷	9	32
㘸	9	32
㘹	9	32
㘺	9	32
㘻	9	32
㘼	9	32
㘽	9	32
㘾	9	32
㘿	10	32
㙀	10	32
㙁	10	32
㙂	10	32
㙃	10	32
㙄	10	32
㙅	10	32
㙆	10	32
㙇	11	32
㙈	11	32
㙉	11	32
㙊	11	32
㙋	11	32
㙌	11	32
㙍	11	32
㙎	12	32
㙏	12	32
㙐	12	32
㙑	12	32
㙒	12	32
㙓	12	32
㙔	12	32
㙕	12	32
㙖	12	32
㙗	12	32
㙘	12	32
㙙	13	32
㙚	13	32
㙛	13	32
㙜	13	32
㙝	13	32
㙞	13	32
㙟	13	32
㙠	14	32
㙡	14	32
㙢	14	32
㙣	14	32
㙤	14	32
㙥	14	32
㙦	14	32
㙧	15	32
㙨	15	32
㙩	15	32
㙪	15	32
㙫	15	32
㙬	15	32
㙭	15	32
㙮	15	32
㙯	15	32
㙰	16	32
㙱	16	32
㙲	16	32
㙳	16	32
㙴	16	32
㙵	16	32
㙶	16	32
㙷	17	32
㙸	17	32
㙹	17	32
㙺	17	32
㙻	18	32
㙼	18	32
㙽	18	32
㙾	19	32
㙿	19	32
㚀	20	32
㚁	24	32
㚂	25	32
㚃	12	33
㚄	15	33
㚅	9	34
㚆	9	35
㚇	9	35
㚈	5	36
㚉	8	36
㚊	12	36
㚋	14	36
㚌	14	36
㚍	18	36
㚎	5	37
㚏	6	37
㚐	6	37
㚑	6	37
㚒	7	37
㚓	7	37
㚔	8	37
㚕	8	37
㚖	8	37
㚗	8	37
㚘	8	37
㚙	8	37
㚚	9	37
㚛	9	37
㚜	11	37
㚝	11	37
㚞	11	37
㚟	12	37
㚠	13	37
㚡	16	37
㚢	5	38
㚣	6	38
㚤	6	38
㚥	6	38
㚦	6	38
㚧	6	38
㚨	6	38
㚩	7	38
㚪	7	38
㚫	7	38
㚬	7	38
㚭	7	38
㚮	7	38
㚯	7	38
㚰	8	38
㚱	8	38
㚲	8	38
㚳	8	38
㚴	8	38
㚵	8	38
㚶	8	38
㚷	8	38
㚸	8	38
㚹	8	38
㚺	8	38
㚻	8	38
㚼	8	38
㚽	8	38
㚾	8	38
㚿	8	38
㛀	8	38
㛁	8	38
㛂	9	38
㛃	9	38
㛄	9	38
㛅	9	38
㛆	9	38
㛇	9	38
㛈	9	38
㛉	9	38
㛊	9	38
㛋	9	38
㛌	9	38
㛍	10	38
㛎	10	38
㛏	10	38
㛐	10	38
㛑	10	38
㛒	10	38
㛓	10	38
㛔	10	38
㛕	10	38
㛖	10	38
㛗	10	38
㛘	10	38
㛙	10	38
㛚	10	38
㛛	10	38
㛜	10	38
㛝	10	38
㛞	10	38
㛟	10	38
㛠	7	38
㛡	10	38
㛢	10	38
㛣	10	38
㛤	10	38
㛥	11	38
㛦	11	38
㛧	11	38
㛨	11	38
㛩	11	38
㛪	11	38
㛫	11	38
㛬	11	38
㛭	11	38
㛮	12	38
㛯	12	38
㛰	12	38
㛱	12	38
㛲	12	38
㛳	12	38
㛴	12	38
㛵	12	38
㛶	12	38
㛷	12	38
㛸	12	38
㛹	12	38
㛺	12	38
㛻	12	38
㛼	12	38
㛽	12	38
㛾	12	38
㛿	12	38
㜀	12	38
㜁	12	38
㜂	12	38
㜃	12	38
㜄	12	38
㜅	13	38
㜆	13	38
㜇	13	38
㜈	13	38
㜉	13	38
㜊	13	38
㜋	13	38
㜌	13	38
㜍	13	38
㜎	13	38
㜏	13	38
㜐	13	38
㜑	13	38
㜒	13	38
㜓	13	38
㜔	13	38
㜕	14	38
㜖	14	38
㜗	14	38
㜘	14	38
㜙	14	38
㜚	14	38
㜛	14	38
㜜	14	38
㜝	14	38
㜞	14	38
㜟	14	38
㜠	14	38
㜡	14	38
㜢	14	38
㜣	15	38
㜤	15	38
㜥	15	38
㜦	15	38
㜧	15	38
㜨	15	38
㜩	16	38
㜪	16	38
㜫	16	38
㜬	16	38
㜭	16	38
㜮	17	38
㜯	17	38
㜰	18	38
㜱	18	38
㜲	19	38
㜳	19	38
㜴	19	38
㜵	19	38
㜶	20	38
㜷	20	38
㜸	20	38
㜹	21	38
㜺	22	38
㜻	26	38
㜼	26	38
㜽	6	39
㜾	7	39
㜿	7	39
㝀	8	39
㝁	9	39
㝂	10	39
㝃	10	39
㝄	12	39
㝅	13	39
㝆	15	39
㝇	16	39
㝈	25	39
㝉	4	40
㝊	5	40
㝋	5	40
㝌	6	40
㝍	6	40
㝎	7	40
㝏	7	40
㝐	7	40
㝑	7	40
㝒	8	40
㝓	9	40
㝔	9	40
㝕	9	40
㝖	9	40
㝗	10	40
㝘	10	40
㝙	10	40
㝚	10	40
㝛	11	40
㝜	11	40
㝝	11	40
㝞	11	40
㝟	11	40
㝠	11	40
㝡	11	40
㝢	12	40
㝣	12	40
㝤	13	40
㝥	13	40
㝦	13	40
㝧	13	40
㝨	13	40
㝩	14	40
㝪	14	40
㝫	14	40
㝬	14	40
㝭	15	40
㝮	15	40
㝯	15	40
㝰	18	40
㝱	21	40
㝲	26	40
㝳	5	41
㝴	7	41
㝵	8	41
㝶	10	41
㝷	12	41
㝸	10	42
㝹	12	42
㝺	14	42
㝻	15	42
㝼	6	43
㝽	7	43
㝾	8	43
㝿	8	43
㞀	9	43
㞁	9	43
㞂	10	43
㞃	11	43
㞄	11	43
㞅	11	43
㞆	11	43
㞇	12	43
㞈	12	43
㞉	13	43
㞊	13	43
㞋	5	44
㞌	6	44
㞍	6	44
㞎	7	44
㞏	8	44
㞐	8	44
㞑	8	44
㞒	9	44
㞓	9	44
㞔	9	44
㞕	9	44
㞖	9	44
㞗	10	44
㞘	11	44
㞙	11	44
㞚	12	44
㞛	12	44
㞜	14	44
㞝	14	44
㞞	14	44
㞟	15	44
㞠	15	44
㞡	19	44
㞢	4	45
㞣	7	45
㞤	5	46
㞥	5	46
㞦	5	46
㞧	5	46
㞨	6	46
㞩	6	46
㞪	6	46
㞫	6	46
㞬	6	46
㞭	6	46
㞮	6	46
㞯	6	46
㞰	7	46
㞱	7	46
㞲	7	46
㞳	7	46
㞴	7	46
㞵	7	46
㞶	7	46
㞷	7	45
㞸	7	46
㞹	8	46
㞺	8	46
㞻	8	46
㞼	8	46
㞽	8	46
㞾	8	46
㞿	8	46
㟀	8	46
㟁	8	46
㟂	8	46
㟃	8	46
㟄	9	46
㟅	9	46
㟆	9	46
㟇	10	46
㟈	10	46
㟉	10	46
㟊	10	46
㟋	10	46
㟌	10	46
㟍	10	46
㟎	10	46
㟏	10	46
㟐	10	46
㟑	10	46
㟒	10	46
㟓	10	46
㟔	10	46
㟕	10	46
㟖	10	46
㟗	11	46
㟘	11	46
㟙	11	46
㟚	11	46
㟛	11	46
㟜	11	46
㟝	11	46
㟞	11	46
㟟	11	46
㟠	11	46
㟡	11	46
㟢	11	46
㟣	11	46
㟤	11	46
㟥	11	46
㟦	12	46
㟧	12	46
㟨	12	46
㟩	12	46
㟪	12	46
㟫	12	46
㟬	12	46
㟭	12	46
㟮	12	46
㟯	12	46
㟰	13	46
㟱	13	46
㟲	13	46
㟳	13	46
㟴	13	46
㟵	13	46
㟶	13	46
㟷	13	46
㟸	13	46
㟹	14	46
㟺	14	46
㟻	14	46
㟼	14	46
㟽	14	46
㟾	14	46
㟿	14	46
㠀	14	46
㠁	14	46
㠂	14	46
㠃	14	46
㠄	14	46
㠅	15	46
㠆	15	46
㠇	15	46
㠈	15	46
㠉	15	46
㠊	15	46
㠋	15	46
㠌	15	46
㠍	15	46
㠎	15	46
㠏	15	46
㠐	15	46
㠑	16	46
㠒	16	46
㠓	16	46
㠔	16	46
㠕	16	46
㠖	16	46
㠗	16	46
㠘	17	46
㠙	17	46
㠚	17	46
㠛	17	46
㠜	17	46
㠝	18	46
㠞	18	46
㠟	18	46
㠠	19	46
㠡	19	46
㠢	19	46
㠣	19	46
㠤	20	46
㠥	21	46
㠦	21	46
㠧	22	46
㠨	28	46
㠩	6	47
㠪	4	48
㠫	10	48
㠬	10	48
㠭	12	48
㠮	15	48
㠯	5	49
㠰	8	49
㠱	11	49
㠲	5	50
㠳	5	50
㠴	6	50
㠵	6	50
㠶	6	50
㠷	7	50
㠸	7	50
㠹	7	50
㠺	7	50
㠻	7	50
㠼	7	50
㠽	8	50
㠾	8	50
㠿	8	50
㡀	8	50
㡁	9	50
㡂	9	50
㡃	9	50
㡄	9	50
㡅	9	50
㡆	9	50
㡇	10	50
㡈	10	50
㡉	11	50
㡊	11	50
㡋	11	50
㡌	11	50
㡍	11	50
㡎	11	50
㡏	12	50
㡐	12	50
㡑	12	50
㡒	12	50
㡓	12	50
㡔	12	50
㡕	12	50
㡖	12	50
㡗	13	50
㡘	13	50
㡙	13	50
㡚	13	50
㡛	13	50
㡜	14	50
㡝	14	50
㡞	14	50
㡟	14	50
㡠	15	50
㡡	15	50
㡢	16	50
㡣	16	50
㡤	16	50
㡥	17	50
㡦	17	50
㡧	20	50
㡨	20	50
㡩	22	50
㡪	22	50
㡫	12	52
㡬	12	52
㡭	14	52
㡮	16	52
㡯	6	53
㡰	6	53
㡱	6	53
㡲	7	53
㡳	7	53
㡴	8	53
㡵	8	53
㡶	8	53
㡷	8	53
㡸	8	53
㡹	8	53
㡺	8	53
㡻	8	53
㡼	9	53
㡽	9	53
㡾	9	53
㡿	9	53
㢀	9	53
㢁	9	53
㢂	9	53
㢃	10	53
㢄	10	53
㢅	10	53
㢆	10	53
㢇	10	53
㢈	11	53
㢉	11	53
㢊	11	53
㢋	11	53
㢌	11	53
㢍	12	53
㢎	12	53
㢏	12	53
㢐	12	53
㢑	13	53
㢒	14	53
㢓	14	53
㢔	14	53
㢕	14	53
㢖	15	53
㢗	15	53
㢘	15	53
㢙	16	53
㢚	16	53
㢛	16	53
㢜	16	53
㢝	19	53
㢞	20	53
㢟	6	54
㢠	8	54
㢡	14	55
㢢	15	55
㢣	16	55
㢤	7	56
㢥	9	56
㢦	13	56
㢧	4	57
㢨	6	57
㢩	6	57
㢪	6	57
㢫	6	57
㢬	7	57
㢭	7	57
㢮	8	57
㢯	8	57
㢰	8	57
㢱	8	57
㢲	9	57
㢳	9	57
㢴	9	57
㢵	9	57
㢶	9	57
㢷	9	57
㢸	10	57
㢹	10	57
㢺	11	57
㢻	11	57
㢼	11	57
㢽	12	57
㢾	12	57
㢿	12	57
㣀	13	57
㣁	13	57
㣂	13	57
㣃	14	57
㣄	15	57
㣅	15	57
㣆	21	57
㣇	8	58
㣈	16	58
㣉	6	59
㣊	7	59
㣋	8	59
㣌	8	59
㣍	8	59
㣎	11	59
㣏	12	59
㣐	12	59
㣑	14	59
㣒	15	59
㣓	16	59
㣔	5	60
㣕	6	60
㣖	7	60
㣗	7	60
㣘	8	60
㣙	8	60
㣚	9	60
㣛	9	60
㣜	9	60
㣝	9	60
㣞	9	60
㣟	9	60
㣠	9	60
㣡	9	60
㣢	10	60
㣣	10	60
㣤	11	60
㣥	11	60
㣦	11	60
㣧	11	60
㣨	11	60
㣩	11	60
㣪	12	60
㣫	12	60
㣬	12	60
㣭	12	60
㣮	12	60
㣯	13	60
㣰	14	60
㣱	14	60
㣲	14	60
㣳	15	60
㣴	15	60
㣵	16	60
㣶	16	60
㣷	17	60
㣸	19	60
㣹	20	60
㣺	5	61
㣻	6	61
㣼	6	61
㣽	7	61
㣾	6	61
㣿	6	61
㤀	7	61
㤁	8	61
㤂	8	61
㤃	7	61
㤄	7	61
㤅	8	61
㤆	7	61
㤇	7	61
㤈	7	61
㤉	7	61
㤊	7	61
㤋	7	61
㤌	8	61
㤍	9	61
㤎	9	61
㤏	8	61
㤐	8	61
㤑	8	61
㤒	8	61
㤓	8	61
㤔	8	61
㤕	8	61
㤖	8	61
㤗	9	61
㤘	8	61
㤙	9	61
㤚	9	61
㤛	9	61
㤜	9	61
㤝	9	61
㤞	9	61
㤟	10	61
㤠	10	61
㤡	9	61
㤢	9	61
㤣	10	61
㤤	9	61
㤥	9	61
㤦	9	61
㤧	9	61
㤨	9	61
㤩	10	61
㤪	10	61
㤫	10	61
㤬	9	61
㤭	9	61
㤮	11	61
㤯	10	61
㤰	11	61
㤱	10	61
㤲	11	61
㤳	10	61
㤴	10	61
㤵	11	61
㤶	10	61
㤷	10	61
㤸	10	61
㤹	10	61
㤺	9	61
㤻	11	61
㤼	10	61
㤽	10	61
㤾	11	61
㤿	11	61
㥀	11	61
㥁	12	61
㥂	11	61
㥃	11	61
㥄	11	61
㥅	11	61
㥆	11	61
㥇	11	61
㥈	12	61
㥉	11	61
㥊	11	61
㥋	12	61
㥌	11	61
㥍	11	61
㥎	12	61
㥏	11	61
㥐	12	61
㥑	12	61
㥒	11	61
㥓	11	61
㥔	11	61
㥕	12	61
㥖	12	61
㥗	11	61
㥘	11	61
㥙	11	61
㥚	12	61
㥛	12	61
㥜	12	61
㥝	12	61
㥞	12	61
㥟	12	61
㥠	12	61
㥡	12	61
㥢	12	61
㥣	13	61
㥤	13	61
㥥	12	61
㥦	13	61
㥧	12	61
㥨	13	61
㥩	12	61
㥪	12	61
㥫	12	61
㥬	13	61
㥭	13	61
㥮	13	61
㥯	14	61
㥰	13	61
㥱	13	61
㥲	14	61
㥳	13	61
㥴	13	61
㥵	13	61
㥶	14	61
㥷	14	61
㥸	14	61
㥹	14	61
㥺	13	61
㥻	14	61
㥼	14	61
㥽	14	61
㥾	14	61
㥿	15	61
㦀	14	61
㦁	15	61
㦂	15	61
㦃	14	61
㦄	15	61
㦅	14	61
㦆	14	61
㦇	14	61
㦈	14	61
㦉	15	61
㦊	15	61
㦋	15	61
㦌	16	61
㦍	15	61
㦎	15	61
㦏	15	61
㦐	15	61
㦑	15	61
㦒	15	61
㦓	15	61
㦔	16	61
㦕	15	61
㦖	15	61
㦗	16	61
㦘	17	61
㦙	16	61
㦚	18	61
㦛	18	61
㦜	17	61
㦝	18	61
㦞	18	61
㦟	18	61
㦠	17	61
㦡	18	61
㦢	18	61
㦣	20	61
㦤	20	61
㦥	19	61
㦦	19	61
㦧	19	61
㦨	20	61
㦩	20	61
㦪	20	61
㦫	22	61
㦬	22	61
㦭	27	61
㦮	7	62
㦯	7	62
㦰	8	62
㦱	8	62
㦲	8	62
㦳	9	62
㦴	10	62
㦵	10	62
㦶	10	62
㦷	11	62
㦸	12	62
㦹	13	62
㦺	14	62
㦻	15	62
㦼	15	62
㦽	17	62
㦾	7	63
㦿	8	63
㧀	8	63
㧁	9	63
㧂	9	63
㧃	5	64
㧄	5	64
㧅	5	64
㧆	6	64
㧇	6	64
㧈	6	64
㧉	7	64
㧊	7	64
㧋	7	64
㧌	7	64
㧍	7	64
㧎	7	64
㧏	7	64
㧐	7	64
㧑	7	64
㧒	8	64
㧓	8	64
㧔	8	64
㧕	8	64
㧖	8	64
㧗	8	64
㧘	9	64
㧙	8	64
㧚	8	64
㧛	8	64
㧜	8	64
㧝	8	64
㧞	8	64
㧟	8	64
㧠	8	64
㧡	9	64
㧢	9	64
㧣	9	64
㧤	9	64
㧥	9	64
㧦	9	64
㧧	9	64
㧨	9	64
㧩	9	64
㧪	9	64
㧫	9	64
㧬	10	64
㧭	10	64
㧮	9	64
㧯	9	64
㧰	9	64
㧱	10	64
㧲	10	64
㧳	11	64
㧴	10	64
㧵	10	64
㧶	10	64
㧷	10	64
㧸	10	64
㧹	11	64
㧺	11	64
㧻	11	64
㧼	11	64
㧽	11	64
㧾	11	64
㧿	11	64
㨀	11	64
㨁	11	64
㨂	11	64
㨃	11	64
㨄	11	64
㨅	11	64
㨆	11	64
㨇	12	64
㨈	11	64
㨉	12	64
㨊	12	64
㨋	12	64
㨌	13	64
㨍	13	64
㨎	12	64
㨏	12	64
㨐	12	64
㨑	12	64
㨒	12	64
㨓	12	64
㨔	12	64
㨕	12	64
㨖	12	64
㨗	12	64
㨘	12	64
㨙	13	64
㨚	13	64
㨛	13	64
㨜	13	64
㨝	13	64
㨞	13	64
㨟	13	64
㨠	13	64
㨡	13	64
㨢	13	64
㨣	13	64
㨤	13	64
㨥	13	64
㨦	13	64
㨧	13	64
㨨	13	64
㨩	13	64
㨪	13	64
㨫	13	64
㨬	13	64
㨭	14	64
㨮	14	64
㨯	14	64
㨰	14	64
㨱	14	64
㨲	14	64
㨳	14	64
㨴	14	64
㨵	14	64
㨶	14	64
㨷	14	64
㨸	14	64
㨹	14	64
㨺	14	64
㨻	15	64
㨼	15	64
㨽	14	64
㨾	14	64
㨿	14	64
㩀	14	64
㩁	14	64
㩂	14	64
㩃	15	64
㩄	15	64
㩅	15	64
㩆	15	64
㩇	15	64
㩈	15	64
㩉	15	64
㩊	15	64
㩋	15	64
㩌	15	64
㩍	15	64
㩎	15	64
㩏	15	64
㩐	15	64
㩑	15	64
㩒	16	64
㩓	17	64
㩔	16	64
㩕	16	64
㩖	16	64
㩗	16	64
㩘	16	64
㩙	16	64
㩚	17	64
㩛	17	64
㩜	17	64
㩝	17	64
㩞	17	64
㩟	17	64
㩠	18	64
㩡	18	64
㩢	18	64
㩣	18	64
㩤	18	64
㩥	18	64
㩦	18	64
㩧	18	64
㩨	18	64
㩩	18	64
㩪	18	64
㩫	18	64
㩬	19	64
㩭	19	64
㩮	20	64
㩯	20	64
㩰	20	64
㩱	21	64
㩲	21	64
㩳	21	64
㩴	21	64
㩵	23	64
㩶	23	64
㩷	23	64
㩸	25	64
㩹	25	64
㩺	8	65
㩻	10	65
㩼	10	65
㩽	11	65
㩾	12	65
㩿	7	66
㪀	7	66
㪁	8	66
㪂	8	66
㪃	9	66
㪄	9	66
㪅	9	66
㪆	9	66
㪇	10	66
㪈	10	66
㪉	10	66
㪊	11	66
㪋	11	66
㪌	11	66
㪍	11	66
㪎	11	66
㪏	12	66
㪐	12	66
㪑	12	66
㪒	12	66
㪓	12	66
㪔	12	66
㪕	12	66
㪖	12	66
㪗	12	66
㪘	12	66
㪙	12	66
㪚	12	66
㪛	13	66
㪜	13	66
㪝	13	66
㪞	13	66
㪟	13	66
㪠	14	66
㪡	14	66
㪢	14	66
㪣	14	66
㪤	15	66
㪥	15	66
㪦	15	66
㪧	16	66
㪨	16	66
㪩	16	66
㪪	16	66
㪫	18	66
㪬	18	66
㪭	20	66
㪮	21	66
㪯	7	67
㪰	10	67
㪱	13	67
㪲	6	68
㪳	6	68
㪴	8	68
㪵	9	68
㪶	10	68
㪷	11	68
㪸	12	68
㪹	15	68
㪺	17	68
㪻	23	68
㪼	9	69
㪽	9	69
㪾	10	69
㪿	10	69
㫀	12	69
㫁	14	69
㫂	15	69
㫃	6	70
㫄	8	70
㫅	10	70
㫆	9	70
㫇	10	70
㫈	10	70
㫉	10	70
㫊	11	70
㫋	11	70
㫌	11	70
㫍	12	70
㫎	15	70
㫏	15	70
㫐	6	72
㫑	6	72
㫒	7	72
㫓	7	72
㫔	7	72
㫕	7	72
㫖	7	72
㫗	7	72
㫘	8	72
㫙	8	72
㫚	8	72
㫛	9	72
㫜	9	72
㫝	9	72
㫞	9	72
㫟	9	72
㫠	9	72
㫡	9	72
㫢	9	72
㫣	9	72
㫤	9	72
㫥	10	72
㫦	10	72
㫧	10	72
㫨	10	72
㫩	10	72
㫪	10	72
㫫	10	72
㫬	10	72
㫭	10	72
㫮	10	72
㫯	11	72
㫰	11	72
㫱	11	72
㫲	11	72
㫳	11	72
㫴	11	72
㫵	12	72
㫶	12	72
㫷	12	72
㫸	12	72
㫹	12	72
㫺	12	72
㫻	12	72
㫼	12	72
㫽	12	72
㫾	12	72
㫿	12	72
㬀	12	72
㬁	13	72
㬂	13	72
㬃	13	72
㬄	13	72
㬅	13	72
㬆	13	72
㬇	13	72
㬈	13	72
㬉	13	72
㬊	13	72
㬋	13	72
㬌	13	72
㬍	14	72
㬎	14	72
㬏	14	72
㬐	14	72
㬑	15	72
㬒	15	72
㬓	15	72
㬔	15	72
㬕	15	72
㬖	15	72
㬗	16	72
㬘	16	72
㬙	16	72
㬚	16	72
㬛	16	72
㬜	16	72
㬝	16	72
㬞	16	72
㬟	16	72
㬠	17	72
㬡	17	72
㬢	17	72
㬣	18	72
㬤	18	72
㬥	18	72
㬦	18	72
㬧	18	72
㬨	18	72
㬩	19	72
㬪	19	72
㬫	20	72
㬬	22	72
㬭	22	72
㬮	23	72
㬯	25	72
㬰	6	73
㬱	16	73
㬲	17	73
㬳	8	74
㬴	10	74
㬵	10	74
㬶	11	74
㬷	11	74
㬸	12	74
㬹	12	130
㬺	13	74
㬻	14	74
㬼	15	74
㬽	15	74
㬾	15	74
㬿	16	74
㭀	17	74
㭁	6	75
㭂	7	75
㭃	7	75
㭄	7	75
㭅	7	75
㭆	7	75
㭇	8	75
㭈	8	75
㭉	8	75
㭊	8	75
㭋	8	75
㭌	8	75
㭍	8	75
㭎	8	75
㭏	8	75
㭐	8	75
㭑	9	75
㭒	9	75
㭓	9	75
㭔	9	75
㭕	9	75
㭖	9	75
㭗	9	75
㭘	10	75
㭙	10	75
㭚	10	75
㭛	10	75
㭜	10	75
㭝	10	75
㭞	10	75
㭟	10	75
㭠	10	75
㭡	10	75
㭢	10	75
㭣	10	75
㭤	10	75
㭥	10	75
㭦	10	75
㭧	10	75
㭨	11	75
㭩	11	75
㭪	11	75
㭫	11	75
㭬	11	75
㭭	11	75
㭮	11	75
㭯	11	75
㭰	11	75
㭱	11	75
㭲	11	75
㭳	11	75
㭴	11	75
㭵	11	75
㭶	12	75
㭷	11	75
㭸	12	75
㭹	12	75
㭺	12	75
㭻	12	75
㭼	12	75
㭽	12	75
㭾	12	75
㭿	12	75
㮀	12	75
㮁	12	75
㮂	12	75
㮃	12	75
㮄	12	75
㮅	12	75
㮆	12	75
㮇	12	75
㮈	12	75
㮉	12	75
㮊	12	75
㮋	13	75
㮌	13	75
㮍	13	75
㮎	13	75
㮏	13	75
㮐	13	75
㮑	13	75
㮒	13	75
㮓	13	75
㮔	13	75
㮕	13	75
㮖	13	75
㮗	13	75
㮘	13	75
㮙	13	75
㮚	13	75
㮛	13	75
㮜	13	75
㮝	13	75
㮞	13	75
㮟	13	75
㮠	13	75
㮡	13	86
㮢	13	75
㮣	13	75
㮤	14	75
㮥	14	75
㮦	14	75
㮧	14	75
㮨	14	75
㮩	14	75
㮪	14	75
㮫	14	75
㮬	14	75
㮭	14	75
㮮	14	75
㮯	14	75
㮰	14	75
㮱	14	75
㮲	14	75
㮳	14	75
㮴	14	75
㮵	14	75
㮶	14	75
㮷	14	75
㮸	14	75
㮹	14	75
㮺	14	75
㮻	14	75
㮼	14	75
㮽	14	75
㮾	15	75
㮿	15	75
㯀	15	75
㯁	15	75
㯂	15	75
㯃	15	75
㯄	15	75
㯅	15	75
㯆	15	75
㯇	15	75
㯈	15	75
㯉	15	75
㯊	15	75
㯋	15	75
㯌	15	75
㯍	15	75
㯎	15	75
㯏	15	75
㯐	16	75
㯑	15	75
㯒	15	75
㯓	16	75
㯔	16	75
㯕	16	75
㯖	16	75
㯗	16	75
㯘	16	75
㯙	16	75
㯚	16	75
㯛	16	75
㯜	16	75
㯝	16	75
㯞	16	75
㯟	16	75
㯠	15	75
㯡	16	75
㯢	16	75
㯣	16	75
㯤	16	75
㯥	16	75
㯦	16	75
㯧	16	75
㯨	16	75
㯩	16	75
㯪	17	75
㯫	17	75
㯬	17	75
㯭	17	75
㯮	17	75
㯯	17	75
㯰	17	75
㯱	17	75
㯲	17	75
㯳	17	75
㯴	17	75
㯵	17	75
㯶	17	75
㯷	18	75
㯸	18	75
㯹	18	75
㯺	18	75
㯻	18	75
㯼	18	75
㯽	18	75
㯾	19	75
㯿	19	75
㰀	19	75
㰁	19	75
㰂	19	75
㰃	19	75
㰄	19	75
㰅	19	75
㰆	19	75
㰇	19	75
㰈	19	75
㰉	20	75
㰊	20	75
㰋	20	75
㰌	20	75
㰍	20	75
㰎	20	75
㰏	20	75
㰐	20	75
㰑	20	75
㰒	20	75
㰓	20	75
㰔	21	75
㰕	21	75
㰖	20	75
㰗	22	75
㰘	22	75
㰙	23	75
㰚	23	75
㰛	23	75
㰜	23	75
㰝	7	76
㰞	7	76
㰟	8	76
㰠	8	76
㰡	8	76
㰢	8	76
㰣	9	76
㰤	9	76
㰥	9	76
㰦	9	76
㰧	9	76
㰨	9	76
㰩	10	76
㰪	10	76
㰫	10	76
㰬	10	76
㰭	10	76
㰮	11	76
㰯	11	76
㰰	11	76
㰱	11	76
㰲	12	76
㰳	12	76
㰴	12	76
㰵	12	76
㰶	12	76
㰷	10	78
㰸	12	76
㰹	13	76
㰺	13	76
㰻	13	76
㰼	13	76
㰽	13	76
㰾	13	76
㰿	14	76
㱀	14	76
㱁	14	76
㱂	15	76
㱃	15	76
㱄	16	76
㱅	16	76
㱆	17	76
㱇	17	76
㱈	17	76
㱉	17	76
㱊	19	76
㱋	20	76
㱌	22	76
㱍	23	76
㱎	25	76
㱏	6	77
㱐	7	77
㱑	7	77
㱒	9	77
㱓	9	77
㱔	9	77
㱕	12	77
㱖	12	77
㱗	14	77
㱘	18	77
㱙	6	78
㱚	8	78
㱛	8	78
㱜	8	78
㱝	8	78
㱞	9	78
㱟	9	78
㱠	9	78
㱡	10	78
㱢	11	78
㱣	11	78
㱤	12	78
㱥	12	78
㱦	12	78
㱧	12	78
㱨	12	78
㱩	12	78
㱪	13	78
㱫	13	78
㱬	13	78
㱭	13	78
㱮	13	78
㱯	14	78
㱰	14	78
㱱	14	78
㱲	14	78
㱳	15	78
㱴	15	78
㱵	16	78
㱶	16	78
㱷	16	78
㱸	17	78
㱹	20	78
㱺	20	78
㱻	23	78
㱼	7	79
㱽	8	79
㱾	10	79
㱿	10	79
㲀	11	79
㲁	12	79
㲂	12	79
㲃	12	79
㲄	13	79
㲅	14	79
㲆	16	79
㲇	16	79
㲈	16	79
㲉	17	79
㲊	18	79
㲋	9	81
㲌	6	82
㲍	8	82
㲎	8	82
㲏	8	82
㲐	8	82
㲑	8	82
㲒	9	82
㲓	10	82
㲔	11	82
㲕	11	82
㲖	11	82
㲗	11	82
㲘	11	82
㲙	11	82
㲚	11	82
㲛	12	82
㲜	12	82
㲝	12	82
㲞	12	82
㲟	13	82
㲠	13	82
㲡	13	82
㲢	13	82
㲣	13	82
㲤	14	82
㲥	14	82
㲦	14	82
㲧	14	82
㲨	14	82
㲩	14	82
㲪	16	82
㲫	16	82
㲬	16	82
㲭	16	82
㲮	16	82
㲯	18	82
㲰	18	82
㲱	19	82
㲲	26	82
㲳	10	83
㲴	8	84
㲵	11	84
㲶	15	84
㲷	16	84
㲸	4	85
㲹	5	85
㲺	5	85
㲻	6	85
㲼	5	85
㲽	6	85
㲾	7	85
㲿	6	85
㳀	7	85
㳁	7	85
㳂	7	85
㳃	7	85
㳄	7	85
㳅	7	85
㳆	7	85
㳇	7	85
㳈	7	85
㳉	7	85
㳊	7	85
㳋	8	85
㳌	8	85
㳍	8	85
㳎	8	85
㳏	8	85
㳐	8	85
㳑	8	85
㳒	8	85
㳓	8	85
㳔	8	85
㳕	8	85
㳖	9	85
㳗	9	85
㳘	9	85
㳙	9	85
㳚	9	85
㳛	9	85
㳜	9	85
㳝	9	85
㳞	9	85
㳟	11	85
㳠	9	85
㳡	9	85
㳢	9	85
㳣	9	85
㳤	10	85
㳥	10	85
㳦	10	85
㳧	10	85
㳨	10	85
㳩	10	85
㳪	10	85
㳫	11	85
㳬	10	85
㳭	10	85
㳮	10	85
㳯	10	85
㳰	10	85
㳱	10	85
㳲	10	85
㳳	10	85
㳴	11	85
㳵	11	85
㳶	11	85
㳷	11	85
㳸	11	85
㳹	11	85
㳺	11	85
㳻	11	85
㳼	12	85
㳽	11	85
㳾	11	85
㳿	11	85
㴀	11	85
㴁	11	85
㴂	11	85
㴃	11	85
㴄	11	85
㴅	12	85
㴆	11	85
㴇	12	85
㴈	11	85
㴉	11	85
㴊	11	85
㴋	11	85
㴌	11	85
㴍	11	85
㴎	11	85
㴏	12	85
㴐	12	85
㴑	12	85
㴒	12	85
㴓	12	85
㴔	12	85
㴕	12	85
㴖	12	85
㴗	12	85
㴘	12	85
㴙	12	85
㴚	12	85
㴛	12	85
㴜	12	85
㴝	12	85
㴞	12	85
㴟	12	85
㴠	12	85
㴡	12	85
㴢	12	85
㴣	12	85
㴤	12	85
㴥	13	85
㴦	13	85
㴧	13	85
㴨	13	85
㴩	13	85
㴪	13	85
㴫	13	85
㴬	13	85
㴭	13	85
㴮	13	85
㴯	13	85
㴰	13	85
㴱	13	85
㴲	13	85
㴳	13	85
㴴	13	85
㴵	13	85
㴶	13	85
㴷	13	85
㴸	13	85
㴹	13	85
㴺	13	85
㴻	13	85
㴼	14	85
㴽	14	85
㴾	14	85
㴿	14	85
㵀	14	85
㵁	14	85
㵂	14	85
㵃	14	85
㵄	14	85
㵅	14	85
㵆	14	85
㵇	14	85
㵈	14	85
㵉	14	85
㵊	15	85
㵋	15	85
㵌	15	85
㵍	15	85
㵎	15	85
㵏	15	85
㵐	15	85
㵑	15	85
㵒	15	85
㵓	15	85
㵔	15	85
㵕	15	85
㵖	15	85
㵗	15	85
㵘	16	85
㵙	15	85
㵚	15	85
㵛	15	85
㵜	15	85
㵝	16	85
㵞	16	85
㵟	16	85
㵠	16	85
㵡	16	85
㵢	16	85
㵣	16	85
㵤	16	85
㵥	16	85
㵦	16	85
㵧	16	85
㵨	17	85
㵩	16	85
㵪	16	85
㵫	16	85
㵬	16	85
㵭	16	85
㵮	16	85
㵯	17	85
㵰	17	85
㵱	17	85
㵲	17	85
㵳	17	85
㵴	17	85
㵵	17	85
㵶	17	85
㵷	17	85
㵸	17	85
㵹	17	85
㵺	17	85
㵻	17	85
㵼	17	85
㵽	18	85
㵾	18	85
㵿	18	85
㶀	18	85
㶁	18	85
㶂	18	85
㶃	18	85
㶄	19	85
㶅	19	85
㶆	19	85
㶇	19	85
㶈	19	85
㶉	19	85
㶊	19	85
㶋	19	85
㶌	20	85
㶍	20	85
㶎	20	85
㶏	20	85
㶐	20	85
㶑	20	85
㶒	21	85
㶓	21	85
㶔	21	85
㶕	21	85
㶖	21	85
㶗	22	85
㶘	21	85
㶙	22	85
㶚	22	85
㶛	23	85
㶜	23	85
㶝	23	85
㶞	24	85
㶟	24	85
㶠	26	85
㶡	6	86
㶢	6	86
㶣	7	86
㶤	7	86
㶥	7	86
㶦	8	86
㶧	8	86
㶨	8	86
㶩	8	86
㶪	8	86
㶫	9	86
㶬	9	86
㶭	9	86
㶮	9	86
㶯	9	86
㶰	9	86
㶱	9	86
㶲	9	86
㶳	10	86
㶴	10	86
㶵	10	86
㶶	10	86
㶷	10	86
㶸	10	86
㶹	11	86
㶺	11	86
㶻	11	86
㶼	11	86
㶽	11	86
㶾	11	86
㶿	11	86
㷀	11	86
㷁	11	86
㷂	12	86
㷃	12	86
㷄	12	86
㷅	12	86
㷆	12	86
㷇	12	86
㷈	12	86
㷉	12	86
㷊	12	86
㷋	12	86
㷌	12	86
㷍	12	86
㷎	13	86
㷏	13	86
㷐	13	86
㷑	13	86
㷒	13	86
㷓	13	86
㷔	13	86
㷕	13	86
㷖	13	86
㷗	13	86
㷘	13	86
㷙	13	86
㷚	13	86
㷛	13	86
㷜	13	86
㷝	13	86
㷞	13	86
㷟	14	86
㷠	14	86
㷡	14	86
㷢	14	86
㷣	14	86
㷤	14	86
㷥	14	86
㷦	14	86
㷧	14	86
㷨	14	86
㷩	14	86
㷪	14	86
㷫	15	86
㷬	15	86
㷭	15	86
㷮	15	86
㷯	15	86
㷰	15	86
㷱	15	86
㷲	15	86
㷳	16	86
㷴	16	86
㷵	16	86
㷶	16	86
㷷	16	86
㷸	16	86
㷹	16	86
㷺	16	86
㷻	16	86
㷼	16	86
㷽	16	86
㷾	17	86
㷿	17	86
㸀	17	86
㸁	17	86
㸂	17	86
㸃	17	86
㸄	18	86
㸅	18	86
㸆	19	86
㸇	19	86
㸈	20	86
㸉	19	86
㸊	20	86
㸋	20	86
㸌	20	86
㸍	21	86
㸎	22	86
㸏	23	86
㸐	23	86
㸑	26	86
㸒	8	87
㸓	8	87
㸔	11	87
㸕	14	87
㸖	9	88
㸗	10	88
㸘	11	88
㸙	13	88
㸚	8	89
㸛	9	90
㸜	12	90
㸝	8	91
㸞	8	91
㸟	10	91
㸠	10	91
㸡	10	91
㸢	14	91
㸣	17	91
㸤	18	91
㸥	21	91
㸦	4	92
㸧	10	92
㸨	6	93
㸩	7	93
㸪	7	93
㸫	8	93
㸬	8	93
㸭	8	93
㸮	8	93
㸯	8	93
㸰	9	93
㸱	9	93
㸲	9	93
㸳	9	93
㸴	9	93
㸵	10	93
㸶	10	93
㸷	10	93
㸸	10	93
㸹	11	93
㸺	11	93
㸻	11	93
㸼	11	93
㸽	11	93
㸾	11	93
㸿	11	93
㹀	11	93
㹁	12	93
㹂	12	93
㹃	12	93
㹄	14	93
㹅	13	93
㹆	13	93
㹇	13	93
㹈	13	93
㹉	14	93
㹊	14	93
㹋	14	93
㹌	15	93
㹍	15	93
㹎	15	93
㹏	15	93
㹐	15	93
㹑	16	93
㹒	16	93
㹓	16	93
㹔	17	93
㹕	17	93
㹖	17	93
㹗	18	93
㹘	18	93
㹙	19	93
㹚	21	93
㹛	22	93
㹜	8	94
㹝	7	94
㹞	7	94
㹟	7	94
㹠	7	94
㹡	8	94
㹢	8	94
㹣	8	94
㹤	8	94
㹥	8	94
㹦	8	94
㹧	8	94
㹨	8	94
㹩	8	94
㹪	8	94
㹫	9	94
㹬	9	94
㹭	9	94
㹮	9	94
㹯	9	94
㹰	9	94
㹱	10	94
㹲	10	94
㹳	10	94
㹴	10	94
㹵	10	94
㹶	10	94
㹷	10	94
㹸	10	94
㹹	11	94
㹺	11	94
㹻	11	94
㹼	11	94
㹽	11	94
㹾	11	94
㹿	11	94
㺀	11	94
㺁	12	94
㺂	12	94
㺃	12	94
㺄	12	94
㺅	12	94
㺆	12	94
㺇	13	94
㺈	13	94
㺉	13	94
㺊	13	94
㺋	13	94
㺌	13	94
㺍	13	94
㺎	14	94
㺏	14	94
㺐	14	94
㺑	14	94
㺒	14	94
㺓	14	94
㺔	15	94
㺕	15	94
㺖	15	94
㺗	15	94
㺘	15	94
㺙	15	94
㺚	16	94
㺛	16	94
㺜	16	94
㺝	17	94
㺞	17	94
㺟	17	94
㺠	18	94
㺡	19	94
㺢	19	94
㺣	20	94
㺤	20	94
㺥	20	94
㺦	20	94
㺧	24	94
㺨	6	96
㺩	6	96
㺪	6	96
㺫	6	96
㺬	7	96
㺭	7	96
㺮	7	96
㺯	7	96
㺰	8	96
㺱	9	96
㺲	8	96
㺳	8	96
㺴	8	96
㺵	8	96
㺶	8	96
㺷	9	96
㺸	10	96
㺹	9	96
㺺	9	96
㺻	9	96
㺼	9	96
㺽	9	96
㺾	9	96
㺿	10	96
㻀	10	96
㻁	10	96
㻂	10	96
㻃	10	96
㻄	10	96
㻅	10	96
㻆	10	96
㻇	10	96
㻈	10	96
㻉	11	96
㻊	11	96
㻋	11	96
㻌	11	96
㻍	11	96
㻎	11	96
㻏	11	96
㻐	11	96
㻑	12	96
㻒	12	96
㻓	12	96
㻔	12	96
㻕	12	96
㻖	12	96
㻗	13	96
㻘	12	96
㻙	12	96
㻚	12	96
㻛	12	96
㻜	12	96
㻝	13	96
㻞	13	96
㻟	13	96
㻠	13	96
㻡	13	96
㻢	13	96
㻣	13	96
㻤	13	96
㻥	13	96
㻦	13	96
㻧	14	96
㻨	14	96
㻩	14	96
㻪	14	96
㻫	15	96
㻬	15	96
㻭	15	96
㻮	15	96
㻯	15	96
㻰	15	96
㻱	15	96
㻲	15	96
㻳	15	96
㻴	15	96
㻵	16	96
㻶	16	96
㻷	16	96
㻸	16	96
㻹	17	96
㻺	17	96
㻻	16	96
㻼	16	96
㻽	17	96
㻾	18	96
㻿	17	96
㼀	17	96
㼁	17	96
㼂	18	96
㼃	19	96
㼄	19	96
㼅	19	96
㼆	19	96
㼇	20	96
㼈	23	96
㼉	9	97
㼊	9	97
㼋	10	97
㼌	10	97
㼍	11	97
㼎	11	97
㼏	12	97
㼐	14	97
㼑	14	97
㼒	14	97
㼓	15	97
㼔	15	97
㼕	18	97
㼖	26	97
㼗	7	98
㼘	8	98
㼙	8	98
㼚	9	98
㼛	9	98
㼜	10	98
㼝	10	98
㼞	10	98
㼟	10	98
㼠	10	98
㼡	11	98
㼢	11	98
㼣	11	98
㼤	11	98
㼥	11	98
㼦	11	98
㼧	12	98
㼨	12	98
㼩	12	98
㼪	12	98
㼫	13	98
㼬	13	98
㼭	13	98
㼮	13	98
㼯	13	98
㼰	13	98
㼱	13	98
㼲	14	98
㼳	14	98
㼴	14	98
㼵	14	98
㼶	14	98
㼷	14	98
㼸	15	98
㼹	15	98
㼺	15	98
㼻	16	98
㼼	16	98
㼽	16	98
㼾	16	98
㼿	17	98
㽀	17	98
㽁	17	98
㽂	17	98
㽃	17	98
㽄	17	98
㽅	17	98
㽆	18	98
㽇	18	98
㽈	19	98
㽉	19	98
㽊	22	98
㽋	24	98
㽌	25	98
㽍	10	99
㽎	13	99
㽏	14	99
㽐	15	99
㽑	17	99
㽒	12	100
㽓	15	100
㽔	16	100
㽕	7	102
㽖	7	102
㽗	7	102
㽘	9	102
㽙	9	102
㽚	9	102
㽛	10	102
㽜	10	102
㽝	11	102
㽞	11	102
㽟	12	102
㽠	12	102
㽡	13	102
㽢	13	102
㽣	13	102
㽤	13	102
㽥	14	102
㽦	15	102
㽧	15	102
㽨	15	102
㽩	16	102
㽪	17	102
㽫	18	102
㽬	18	102
㽭	19	102
㽮	20	102
㽯	23	102
㽰	13	103
㽱	7	104
㽲	7	104
㽳	8	104
㽴	8	104
㽵	8	104
㽶	8	104
㽷	9	104
㽸	9	104
㽹	9	104
㽺	9	104
㽻	9	104
㽼	9	104
㽽	10	104
㽾	10	104
㽿	10	104
㾀	10	104
㾁	10	104
㾂	10	104
㾃	10	104
㾄	10	104
㾅	10	104
㾆	10	104
㾇	10	104
㾈	10	104
㾉	10	104
㾊	11	104
㾋	11	104
㾌	11	104
㾍	11	104
㾎	11	104
㾏	11	104
㾐	11	104
㾑	11	104
㾒	11	104
㾓	12	104
㾔	12	104
㾕	12	104
㾖	12	104
㾗	12	104
㾘	12	104
㾙	12	104
㾚	12	104
㾛	12	104
㾜	12	104
㾝	12	104
㾞	12	104
㾟	12	104
㾠	12	104
㾡	12	104
㾢	13	104
㾣	13	104
㾤	13	104
㾥	13	104
㾦	13	104
㾧	13	104
㾨	13	104
㾩	13	104
㾪	14	104
㾫	14	104
㾬	14	104
㾭	14	104
㾮	14	104
㾯	14	104
㾰	14	104
㾱	14	104
㾲	14	104
㾳	14	104
㾴	14	104
㾵	14	104
㾶	15	104
㾷	15	104
㾸	15	104
㾹	15	104
㾺	15	104
㾻	15	104
㾼	15	104
㾽	15	104
㾾	15	104
㾿	15	104
㿀	15	104
㿁	15	104
㿂	16	104
㿃	16	104
㿄	16	104
㿅	16	104
㿆	16	104
㿇	16	104
㿈	16	104
㿉	17	104
㿊	17	104
㿋	18	104
㿌	18	104
㿍	18	104
㿎	18	104
㿏	18	104
㿐	18	104
㿑	19	104
㿒	19	104
㿓	19	104
㿔	20	104
㿕	21	104
㿖	21	104
㿗	21	104
㿘	22	104
㿙	23	104
㿚	24	104
㿛	24	104
㿜	28	104
㿝	7	106
㿞	9	106
㿟	10	106
㿠	11	106
㿡	11	106
㿢	13	106
㿣	14	106
㿤	14	106
㿥	15	106
㿦	16	106
㿧	19	106
㿨	21	106
㿩	25	106
㿪	8	107
㿫	9	107
㿬	9	107
㿭	10	107
㿮	10	107
㿯	11	107
㿰	11	107
㿱	12	107
㿲	13	107
㿳	13	107
㿴	14	107
㿵	14	107
㿶	15	107
㿷	15	107
㿸	16	107
㿹	18	107
㿺	20	107
㿻	8	108
㿼	9	108
㿽	9	108
㿾	10	108
㿿	10	108
䀀	10	108
䀁	11	108
䀂	11	108
䀃	12	108
䀄	13	108
䀅	13	108
䀆	14	108
䀇	16	108
䀈	16	108
䀉	17	108
䀊	19	108
䀋	21	108
䀌	22	108
䀍	29	108
䀎	7	109
䀏	7	109
䀐	8	109
䀑	8	109
䀒	8	109
䀓	8	109
䀔	8	109
䀕	9	109
䀖	9	109
䀗	9	109
䀘	9	109
䀙	9	109
䀚	9	109
䀛	9	109
䀜	9	109
䀝	9	109
䀞	9	109
䀟	10	109
䀠	10	109
䀡	10	109
䀢	10	109
䀣	10	109
䀤	10	109
䀥	10	109
䀦	10	109
䀧	11	109
䀨	11	109
䀩	11	109
䀪	11	109
䀫	11	109
䀬	11	109
䀭	11	109
䀮	11	109
䀯	12	109
䀰	12	109
䀱	12	109
䀲	12	109
䀳	12	109
䀴	12	109
䀵	12	109
䀶	12	109
䀷	12	109
䀸	12	109
䀹	12	109
䀺	12	109
䀻	12	109
䀼	12	109
䀽	12	109
䀾	12	109
䀿	12	109
䁀	12	109
䁁	13	109
䁂	13	109
䁃	13	109
䁄	13	109
䁅	13	109
䁆	13	109
䁇	13	109
䁈	13	109
䁉	13	109
䁊	14	109
䁋	14	109
䁌	14	109
䁍	14	109
䁎	14	109
䁏	14	109
䁐	14	109
䁑	14	109
䁒	14	109
䁓	14	109
䁔	14	109
䁕	14	109
䁖	14	109
䁗	15	109
䁘	15	109
䁙	15	109
䁚	15	109
䁛	15	109
䁜	15	109
䁝	15	109
䁞	15	109
䁟	15	109
䁠	15	109
䁡	15	109
䁢	16	109
䁣	16	109
䁤	16	109
䁥	16	109
䁦	16	109
䁧	16	109
䁨	16	109
䁩	16	109
䁪	16	109
䁫	17	109
䁬	17	109
䁭	17	109
䁮	17	109
䁯	17	109
䁰	17	109
䁱	17	109
䁲	17	109
䁳	17	109
䁴	18	109
䁵	18	109
䁶	18	109
䁷	18	109
䁸	18	109
䁹	18	109
䁺	18	109
䁻	20	109
䁼	20	109
䁽	20	109
䁾	20	109
䁿	21	109
䂀	21	109
䂁	22	109
䂂	23	109
䂃	23	109
䂄	25	109
䂅	30	109
䂆	8	110
䂇	9	110
䂈	11	110
䂉	14	110
䂊	17	110
䂋	17	110
䂌	17	110
䂍	20	110
䂎	24	110
䂏	10	111
䂐	10	111
䂑	10	111
䂒	11	111
䂓	12	111
䂔	13	111
䂕	14	111
䂖	6	112
䂗	7	112
䂘	8	112
䂙	8	112
䂚	9	112
䂛	9	112
䂜	9	112
䂝	9	112
䂞	9	112
䂟	10	112
䂠	10	112
䂡	10	112
䂢	10	112
䂣	10	112
䂤	10	112
䂥	10	112
䂦	10	112
䂧	10	112
䂨	10	112
䂩	11	112
䂪	11	112
䂫	11	112
䂬	11	112
䂭	11	112
䂮	11	112
䂯	11	112
䂰	12	112
䂱	12	112
䂲	12	112
䂳	12	112
䂴	12	112
䂵	12	112
䂶	12	112
䂷	13	112
䂸	13	112
䂹	13	112
䂺	13	112
䂻	13	112
䂼	13	112
䂽	13	112
䂾	13	112
䂿	13	112
䃀	13	112
䃁	13	112
䃂	13	112
䃃	13	112
䃄	13	112
䃅	13	112
䃆	13	112
䃇	13	112
䃈	14	112
䃉	14	112
䃊	14	112
䃋	14	112
䃌	14	112
䃍	14	112
䃎	14	112
䃏	14	112
䃐	14	112
䃑	15	112
䃒	15	112
䃓	15	112
䃔	15	112
䃕	15	112
䃖	15	112
䃗	15	112
䃘	16	112
䃙	16	112
䃚	16	112
䃛	16	112
䃜	16	112
䃝	16	112
䃞	16	112
䃟	17	112
䃠	16	112
䃡	17	112
䃢	17	112
䃣	17	112
䃤	17	112
䃥	17	112
䃦	17	112
䃧	17	112
䃨	17	112
䃩	18	112
䃪	18	112
䃫	18	112
䃬	18	112
䃭	18	112
䃮	18	112
䃯	18	112
䃰	19	112
䃱	20	112
䃲	20	112
䃳	20	112
䃴	21	112
䃵	21	112
䃶	21	112
䃷	21	112
䃸	22	112
䃹	22	112
䃺	24	112
䃻	26	112
䃼	7	113
䃽	9	113
䃾	9	113
䃿	9	113
䄀	9	113
䄁	10	113
䄂	10	113
䄃	10	113
䄄	11	113
䄅	11	113
䄆	11	113
䄇	12	113
䄈	12	113
䄉	12	113
䄊	12	113
䄋	13	113
䄌	13	113
䄍	13	113
䄎	13	113
䄏	13	113
䄐	13	113
䄑	13	113
䄒	13	113
䄓	14	113
䄔	14	113
䄕	14	113
䄖	14	113
䄗	14	113
䄘	15	113
䄙	15	113
䄚	16	113
䄛	16	113
䄜	16	113
䄝	16	113
䄞	16	113
䄟	17	113
䄠	18	113
䄡	18	113
䄢	19	113
䄣	20	113
䄤	21	113
䄥	29	113
䄦	7	115
䄧	7	115
䄨	8	115
䄩	8	115
䄪	8	115
䄫	8	115
䄬	8	115
䄭	8	115
䄮	9	115
䄯	9	115
䄰	9	115
䄱	9	115
䄲	9	115
䄳	9	115
䄴	9	115
䄵	9	115
䄶	10	115
䄷	10	115
䄸	10	115
䄹	10	115
䄺	11	115
䄻	11	115
䄼	11	115
䄽	11	115
䄾	11	115
䄿	11	115
䅀	11	115
䅁	11	115
䅂	11	115
䅃	11	115
䅄	11	115
䅅	11	115
䅆	11	115
䅇	11	115
䅈	11	115
䅉	11	115
䅊	11	115
䅋	12	115
䅌	12	115
䅍	12	115
䅎	12	115
䅏	12	115
䅐	12	115
䅑	12	115
䅒	12	115
䅓	12	115
䅔	13	115
䅕	13	115
䅖	13	115
䅗	13	115
䅘	13	115
䅙	13	115
䅚	13	115
䅛	13	115
䅜	13	115
䅝	13	115
䅞	13	115
䅟	13	115
䅠	14	115
䅡	14	115
䅢	14	115
䅣	14	115
䅤	14	115
䅥	14	115
䅦	14	115
䅧	14	115
䅨	14	115
䅩	14	115
䅪	14	115
䅫	14	115
䅬	15	115
䅭	15	115
䅮	15	115
䅯	15	115
䅰	15	115
䅱	15	115
䅲	15	115
䅳	15	115
䅴	15	115
䅵	15	115
䅶	15	115
䅷	16	115
䅸	16	115
䅹	16	115
䅺	16	115
䅻	16	115
䅼	16	115
䅽	16	115
䅾	17	115
䅿	17	115
䆀	17	115
䆁	18	115
䆂	18	115
䆃	18	115
䆄	18	115
䆅	18	115
䆆	18	115
䆇	18	115
䆈	20	115
䆉	20	115
䆊	21	115
䆋	21	115
䆌	21	115
䆍	21	115
䆎	22	115
䆏	22	115
䆐	30	115
䆑	7	116
䆒	8	116
䆓	9	116
䆔	9	116
䆕	9	116
䆖	9	116
䆗	10	116
䆘	10	116
䆙	10	116
䆚	11	116
䆛	11	116
䆜	11	116
䆝	11	116
䆞	11	116
䆟	11	116
䆠	11	116
䆡	12	116
䆢	12	116
䆣	12	116
䆤	12	116
䆥	12	116
䆦	13	116
䆧	13	116
䆨	13	116
䆩	13	116
䆪	14	116
䆫	14	116
䆬	15	116
䆭	15	116
䆮	15	116
䆯	16	116
䆰	16	116
䆱	16	116
䆲	16	116
䆳	16	116
䆴	16	116
䆵	17	116
䆶	17	116
䆷	17	116
䆸	17	116
䆹	17	116
䆺	17	116
䆻	17	116
䆼	18	116
䆽	18	116
䆾	19	116
䆿	19	116
䇀	20	116
䇁	22	116
䇂	6	117
䇃	8	117
䇄	8	117
䇅	9	117
䇆	9	117
䇇	10	117
䇈	10	117
䇉	10	117
䇊	10	117
䇋	11	117
䇌	12	117
䇍	12	117
䇎	13	117
䇏	13	117
䇐	13	117
䇑	13	117
䇒	16	117
䇓	17	117
䇔	18	117
䇕	19	117
䇖	9	118
䇗	10	118
䇘	10	118
䇙	10	118
䇚	10	118
䇛	10	118
䇜	10	118
䇝	10	118
䇞	11	118
䇟	11	118
䇠	11	118
䇡	11	118
䇢	11	118
䇣	11	118
䇤	11	118
䇥	11	118
䇦	11	118
䇧	12	118
䇨	12	118
䇩	12	118
䇪	12	118
䇫	12	118
䇬	12	118
䇭	12	118
䇮	12	118
䇯	12	118
䇰	12	118
䇱	12	118
䇲	12	118
䇳	12	118
䇴	12	118
䇵	13	118
䇶	13	118
䇷	13	118
䇸	13	118
䇹	13	118
䇺	13	118
䇻	13	118
䇼	13	118
䇽	13	118
䇾	13	118
䇿	13	118
䈀	13	118
䈁	14	118
䈂	14	118
䈃	14	118
䈄	14	118
䈅	14	118
䈆	14	118
䈇	14	118
䈈	14	118
䈉	14	118
䈊	14	118
䈋	14	118
䈌	14	118
䈍	14	118
䈎	15	118
䈏	15	118
䈐	15	118
䈑	15	118
䈒	15	118
䈓	15	118
䈔	15	118
䈕	15	118
䈖	15	118
䈗	15	118
䈘	15	118
䈙	15	118
䈚	15	118
䈛	15	118
䈜	15	118
䈝	15	118
䈞	15	118
䈟	15	118
䈠	15	118
䈡	15	118
䈢	15	118
䈣	15	118
䈤	15	118
䈥	15	118
䈦	15	118
䈧	15	118
䈨	15	118
䈩	15	118
䈪	16	118
䈫	16	118
䈬	16	118
䈭	16	118
䈮	16	118
䈯	16	118
䈰	16	118
䈱	16	118
䈲	16	118
䈳	16	118
䈴	16	118
䈵	16	118
䈶	16	118
䈷	16	118
䈸	17	118
䈹	17	118
䈺	17	118
䈻	17	118
䈼	17	118
䈽	17	118
䈾	17	118
䈿	17	118
䉀	17	118
䉁	17	118
䉂	17	118
䉃	17	118
䉄	17	118
䉅	17	118
䉆	17	118
䉇	17	118
䉈	18	118
䉉	18	118
䉊	18	118
䉋	18	118
䉌	18	118
䉍	18	118
䉎	18	118
䉏	19	118
䉐	18	118
䉑	18	118
䉒	18	118
䉓	18	118
䉔	18	118
䉕	18	118
䉖	18	118
䉗	18	118
䉘	18	118
䉙	18	118
䉚	18	118
䉛	19	118
䉜	19	118
䉝	19	118
䉞	19	118
䉟	19	118
䉠	19	118
䉡	19	118
䉢	19	118
䉣	18	118
䉤	19	118
䉥	20	118
䉦	21	118
䉧	21	118
䉨	21	118
䉩	21	118
䉪	21	118
䉫	21	118
䉬	21	118
䉭	21	118
䉮	22	118
䉯	22	118
䉰	22	118
䉱	22	118
䉲	23	118
䉳	23	118
䉴	23	118
䉵	23	184
䉶	24	118
䉷	26	118
䉸	27	118
䉹	30	118
䉺	9	119
䉻	10	119
䉼	10	119
䉽	11	119
䉾	11	119
䉿	11	119
䊀	11	119
䊁	12	119
䊂	12	119
䊃	12	119
䊄	12	119
䊅	12	119
䊆	12	119
䊇	13	119
䊈	13	119
䊉	13	119
䊊	13	119
䊋	13	119
䊌	13	119
䊍	14	119
䊎	14	119
䊏	14	119
䊐	14	119
䊑	14	119
䊒	14	119
䊓	15	119
䊔	15	119
䊕	15	119
䊖	15	119
䊗	15	119
䊘	15	119
䊙	15	119
䊚	16	119
䊛	16	119
䊜	17	119
䊝	17	119
䊞	17	119
䊟	17	119
䊠	17	119
䊡	17	119
䊢	17	119
䊣	18	119
䊤	18	119
䊥	18	119
䊦	18	119
䊧	18	119
䊨	18	119
䊩	18	119
䊪	19	119
䊫	19	119
䊬	19	119
䊭	20	119
䊮	20	119
䊯	21	119
䊰	22	119
䊱	23	119
䊲	23	119
䊳	25	119
䊴	25	119
䊵	8	120
䊶	9	120
䊷	9	120
䊸	9	120
䊹	9	120
䊺	10	120
䊻	10	120
䊼	10	120
䊽	10	120
䊾	10	120
䊿	10	120
䋀	10	120
䋁	10	120
䋂	10	120
䋃	10	120
䋄	10	120
䋅	10	120
䋆	10	120
䋇	10	120
䋈	11	120
䋉	11	120
䋊	11	120
䋋	11	120
䋌	11	120
䋍	11	120
䋎	11	120
䋏	11	120
䋐	11	120
䋑	11	120
䋒	11	120
䋓	11	120
䋔	11	120
䋕	12	120
䋖	12	120
䋗	12	120
䋘	12	120
䋙	12	120
䋚	12	120
䋛	12	120
䋜	12	120
䋝	12	120
䋞	12	120
䋟	13	120
䋠	13	120
䋡	13	120
䋢	13	120
䋣	13	120
䋤	13	120
䋥	13	120
䋦	13	120
䋧	14	120
䋨	14	120
䋩	14	120
䋪	14	120
䋫	14	120
䋬	14	120
䋭	14	120
䋮	14	120
䋯	14	120
䋰	14	120
䋱	14	120
䋲	14	120
䋳	15	120
䋴	15	120
䋵	15	120
䋶	15	120
䋷	15	120
䋸	15	120
䋹	15	120
䋺	15	120
䋻	15	120
䋼	15	120
䋽	15	120
䋾	15	120
䋿	15	120
䌀	15	120
䌁	15	120
䌂	15	120
䌃	15	120
䌄	15	120
䌅	16	120
䌆	16	120
䌇	16	120
䌈	16	120
䌉	16	120
䌊	16	120
䌋	16	120
䌌	17	120
䌍	17	120
䌎	17	120
䌏	17	120
䌐	17	120
䌑	17	120
䌒	17	120
䌓	17	120
䌔	17	120
䌕	17	120
䌖	18	120
䌗	18	120
䌘	18	120
䌙	18	120
䌚	18	120
䌛	18	120
䌜	19	120
䌝	19	120
䌞	19	120
䌟	19	120
䌠	19	120
䌡	19	120
䌢	19	120
䌣	20	120
䌤	20	120
䌥	20	120
䌦	20	120
䌧	20	120
䌨	21	120
䌩	21	120
䌪	22	120
䌫	22	120
䌬	22	120
䌭	22	120
䌮	23	120
䌯	24	120
䌰	24	120
䌱	24	120
䌲	24	120
䌳	25	120
䌴	25	120
䌵	27	120
䌶	9	120
䌷	11	120
䌸	10	120
䌹	11	120
䌺	12	120
䌻	12	120
䌼	13	120
䌽	14	120
䌾	15	120
䌿	15	120
䍀	16	120
䍁	19	120
䍂	9	121
䍃	10	121
䍄	11	121
䍅	11	121
䍆	11	121
䍇	11	121
䍈	11	121
䍉	11	121
䍊	12	121
䍋	14	121
䍌	14	121
䍍	16	121
䍎	23	121
䍏	5	122
䍐	8	122
䍑	9	122
䍒	9	122
䍓	9	122
䍔	9	122
䍕	10	122
䍖	10	122
䍗	10	122
䍘	11	122
䍙	12	122
䍚	12	122
䍛	13	122
䍜	13	122
䍝	13	122
䍞	14	122
䍟	14	122
䍠	16	122
䍡	16	122
䍢	17	122
䍣	18	122
䍤	19	122
䍥	21	122
䍦	24	122
䍧	10	123
䍨	10	123
䍩	10	123
䍪	11	123
䍫	11	123
䍬	11	123
䍭	11	123
䍮	12	123
䍯	12	123
䍰	12	123
䍱	13	123
䍲	14	123
䍳	14	123
䍴	14	123
䍵	14	123
䍶	14	123
䍷	15	123
䍸	16	123
䍹	16	123
䍺	17	123
䍻	18	123
䍼	18	123
䍽	22	123
䍾	10	124
䍿	10	124
䎀	11	124
䎁	11	124
䎂	11	124
䎃	11	124
䎄	11	124
䎅	11	124
䎆	11	124
䎇	12	124
䎈	12	124
䎉	12	124
䎊	12	124
䎋	13	124
䎌	13	124
䎍	13	124
䎎	13	124
䎏	14	124
䎐	14	124
䎑	14	124
䎒	14	124
䎓	14	124
䎔	16	124
䎕	16	124
䎖	18	124
䎗	18	124
䎘	18	124
䎙	20	124
䎚	21	124
䎛	9	125
䎜	12	125
䎝	12	125
䎞	12	125
䎟	9	126
䎠	9	126
䎡	10	126
䎢	9	127
䎣	11	127
䎤	13	127
䎥	13	127
䎦	14	127
䎧	14	127
䎨	14	127
䎩	14	127
䎪	14	127
䎫	15	127
䎬	15	127
䎭	17	127
䎮	17	127
䎯	17	127
䎰	18	127
䎱	21	127
䎲	7	128
䎳	10	128
䎴	10	128
䎵	11	128
䎶	11	128
䎷	12	128
䎸	13	128
䎹	13	128
䎺	14	128
䎻	14	128
䎼	14	128
䎽	14	128
䎾	14	128
䎿	15	128
䏀	15	128
䏁	16	128
䏂	16	128
䏃	16	128
䏄	17	128
䏅	17	128
䏆	17	128
䏇	17	128
䏈	18	128
䏉	20	128
䏊	22	128
䏋	13	129
䏌	6	130
䏍	6	130
䏎	7	130
䏏	7	130
䏐	8	130
䏑	10	130
䏒	8	130
䏓	8	130
䏔	8	130
䏕	8	130
䏖	8	130
䏗	8	130
䏘	8	130
䏙	8	130
䏚	8	130
䏛	8	130
䏜	8	130
䏝	8	130
䏞	9	130
䏟	9	130
䏠	9	130
䏡	9	130
䏢	9	130
䏣	9	130
䏤	9	130
䏥	9	130
䏦	10	130
䏧	10	130
䏨	10	130
䏩	10	130
䏪	10	130
䏫	10	130
䏬	10	130
䏭	10	130
䏮	10	130
䏯	11	130
䏰	11	130
䏱	11	130
䏲	11	130
䏳	11	130
䏴	11	130
䏵	11	130
䏶	11	130
䏷	11	130
䏸	11	130
䏹	11	130
䏺	11	130
䏻	11	130
䏼	12	130
䏽	12	130
䏾	12	130
䏿	12	130
䐀	12	130
䐁	12	130
䐂	12	130
䐃	12	130
䐄	12	130
䐅	12	130
䐆	12	130
䐇	12	130
䐈	12	130
䐉	12	130
䐊	12	130
䐋	12	130
䐌	12	130
䐍	13	130
䐎	13	130
䐏	13	130
䐐	13	130
䐑	13	130
䐒	13	130
䐓	13	130
䐔	13	130
䐕	13	130
䐖	13	130
䐗	13	130
䐘	13	130
䐙	13	130
䐚	13	130
䐛	13	130
䐜	14	130
䐝	14	130
䐞	14	130
䐟	14	130
䐠	14	130
䐡	16	130
䐢	14	130
䐣	14	130
䐤	14	130
䐥	14	130
䐦	14	130
䐧	14	130
䐨	14	130
䐩	14	130
䐪	14	130
䐫	15	130
䐬	15	130
䐭	15	130
䐮	15	130
䐯	15	130
䐰	15	130
䐱	15	130
䐲	15	130
䐳	15	130
䐴	15	130
䐵	16	130
䐶	16	130
䐷	16	130
䐸	16	130
䐹	16	130
䐺	16	130
䐻	16	130
䐼	16	130
䐽	16	130
䐾	17	130
䐿	17	130
䑀	17	130
䑁	17	130
䑂	18	130
䑃	18	130
䑄	18	130
䑅	18	130
䑆	19	130
䑇	19	130
䑈	19	130
䑉	20	130
䑊	20	130
䑋	21	130
䑌	21	130
䑍	21	130
䑎	21	130
䑏	22	130
䑐	11	131
䑑	18	131
䑒	9	133
䑓	13	133
䑔	10	134
䑕	11	134
䑖	14	134
䑗	15	134
䑘	16	134
䑙	10	135
䑚	10	135
䑛	11	135
䑜	15	135
䑝	14	136
䑞	16	136
䑟	21	136
䑠	8	137
䑡	9	137
䑢	9	137
䑣	9	137
䑤	10	137
䑥	10	137
䑦	11	137
䑧	11	137
䑨	11	137
䑩	11	137
䑪	12	137
䑫	12	137
䑬	12	137
䑭	12	137
䑮	12	137
䑯	13	137
䑰	13	137
䑱	14	137
䑲	14	137
䑳	14	137
䑴	14	137
䑵	14	137
䑶	14	137
䑷	14	137
䑸	14	137
䑹	15	137
䑺	15	137
䑻	15	137
䑼	16	137
䑽	16	137
䑾	16	137
䑿	17	137
䒀	17	137
䒁	17	137
䒂	17	137
䒃	17	137
䒄	17	137
䒅	17	137
䒆	18	137
䒇	18	137
䒈	18	137
䒉	20	137
䒊	9	139
䒋	11	139
䒌	16	139
䒍	16	139
䒎	18	139
䒏	18	139
䒐	22	139
䒑	3	140
䒒	6	140
䒓	6	140
䒔	6	140
䒕	7	140
䒖	7	140
䒗	7	140
䒘	7	140
䒙	7	140
䒚	8	140
䒛	8	140
䒜	8	140
䒝	8	140
䒞	8	140
䒟	8	140
䒠	8	140
䒡	8	140
䒢	8	140
䒣	8	140
䒤	8	140
䒥	8	140
䒦	9	140
䒧	9	140
䒨	9	140
䒩	9	140
䒪	9	140
䒫	9	140
䒬	9	140
䒭	9	140
䒮	9	140
䒯	9	140
䒰	10	140
䒱	10	140
䒲	10	140
䒳	10	140
䒴	10	140
䒵	10	140
䒶	10	140
䒷	10	140
䒸	10	140
䒹	10	140
䒺	10	140
䒻	10	140
䒼	10	140
䒽	10	140
䒾	10	140
䒿	10	140
䓀	10	140
䓁	10	140
䓂	11	140
䓃	11	140
䓄	11	140
䓅	11	140
䓆	11	140
䓇	11	140
䓈	11	140
䓉	11	140
䓊	11	140
䓋	11	140
䓌	11	140
䓍	11	140
䓎	11	140
䓏	11	140
䓐	11	140
䓑	11	140
䓒	11	140
䓓	11	140
䓔	11	140
䓕	12	140
䓖	11	140
䓗	12	140
䓘	12	140
䓙	12	140
䓚	12	140
䓛	12	140
䓜	12	140
䓝	12	140
䓞	12	140
䓟	12	140
䓠	12	140
䓡	12	140
䓢	12	140
䓣	12	140
䓤	12	140
䓥	12	140
䓦	12	140
䓧	12	140
䓨	12	140
䓩	12	140
䓪	12	140
䓫	12	140
䓬	12	140
䓭	12	140
䓮	13	140
䓯	13	140
䓰	13	140
䓱	14	140
䓲	13	140
䓳	13	140
䓴	13	140
䓵	13	140
䓶	13	140
䓷	13	140
䓸	13	140
䓹	13	140
䓺	13	140
䓻	13	140
䓼	14	140
䓽	14	140
䓾	14	140
䓿	14	140
䔀	14	140
䔁	14	140
䔂	14	140
䔃	14	140
䔄	14	140
䔅	14	140
䔆	14	140
䔇	14	140
䔈	14	140
䔉	14	140
䔊	14	140
䔋	14	140
䔌	14	140
䔍	14	140
䔎	15	140
䔏	15	140
䔐	15	140
䔑	15	140
䔒	15	140
䔓	15	140
䔔	15	140
䔕	15	140
䔖	15	140
䔗	15	140
䔘	15	140
䔙	15	140
䔚	15	140
䔛	15	140
䔜	15	140
䔝	16	140
䔞	15	140
䔟	15	140
䔠	15	140
䔡	15	140
䔢	15	140
䔣	15	140
䔤	15	140
䔥	15	140
䔦	15	140
䔧	15	140
䔨	15	140
䔩	15	140
䔪	15	140
䔫	15	140
䔬	15	140
䔭	16	140
䔮	16	140
䔯	16	140
䔰	16	140
䔱	16	140
䔲	16	140
䔳	16	140
䔴	16	140
䔵	16	140
䔶	16	140
䔷	16	140
䔸	16	140
䔹	16	140
䔺	16	140
䔻	16	140
䔼	18	140
䔽	16	140
䔾	16	140
䔿	16	140
䕀	16	140
䕁	16	140
䕂	17	140
䕃	16	140
䕄	15	140
䕅	16	140
䕆	17	140
䕇	17	140
䕈	17	140
䕉	17	140
䕊	17	140
䕋	17	140
䕌	17	140
䕍	17	140
䕎	17	140
䕏	17	140
䕐	17	140
䕑	17	140
䕒	18	140
䕓	18	140
䕔	18	140
䕕	18	140
䕖	18	140
䕗	18	140
䕘	18	140
䕙	18	140
䕚	18	140
䕛	18	140
䕜	18	140
䕝	18	140
䕞	19	140
䕟	19	140
䕠	20	140
䕡	19	140
䕢	19	140
䕣	19	140
䕤	19	140
䕥	19	140
䕦	20	140
䕧	20	140
䕨	20	140
䕩	20	140
䕪	20	140
䕫	20	140
䕬	20	140
䕭	20	140
䕮	20	140
䕯	20	140
䕰	20	140
䕱	20	140
䕲	20	140
䕳	21	140
䕴	21	140
䕵	21	140
䕶	21	140
䕷	21	140
䕸	22	140
䕹	22	140
䕺	22	140
䕻	23	140
䕼	23	140
䕽	24	140
䕾	24	140
䕿	26	140
䖀	25	140
䖁	26	140
䖂	27	140
䖃	27	140
䖄	27	140
䖅	28	140
䖆	28	140
䖇	33	140
䖈	8	141
䖉	9	141
䖊	10	141
䖋	10	141
䖌	10	141
䖍	10	141
䖎	11	141
䖏	11	141
䖐	12	141
䖑	12	141
䖒	13	141
䖓	13	141
䖔	13	141
䖕	13	141
䖖	13	141
䖗	15	141
䖘	16	141
䖙	17	141
䖚	18	141
䖛	18	141
䖜	19	141
䖝	7	142
䖞	9	142
䖟	9	142
䖠	9	142
䖡	10	142
䖢	10	142
䖣	10	142
䖤	11	142
䖥	11	142
䖦	11	142
䖧	11	142
䖨	11	142
䖩	11	142
䖪	11	142
䖫	11	142
䖬	11	142
䖭	12	142
䖮	12	142
䖯	12	142
䖰	12	142
䖱	12	142
䖲	12	142
䖳	12	142
䖴	12	142
䖵	12	142
䖶	13	142
䖷	13	142
䖸	13	142
䖹	13	142
䖺	13	142
䖻	13	142
䖼	13	142
䖽	13	142
䖾	13	142
䖿	14	142
䗀	14	142
䗁	14	142
䗂	14	142
䗃	14	142
䗄	14	142
䗅	14	142
䗆	14	142
䗇	14	142
䗈	14	142
䗉	14	142
䗊	14	142
䗋	15	142
䗌	15	142
䗍	15	142
䗎	15	142
䗏	15	142
䗐	15	142
䗑	15	142
䗒	15	142
䗓	15	142
䗔	15	142
䗕	14	142
䗖	15	142
䗗	16	142
䗘	16	142
䗙	16	142
䗚	16	142
䗛	16	142
䗜	16	142
䗝	16	142
䗞	16	142
䗟	17	142
䗠	17	142
䗡	17	142
䗢	17	142
䗣	17	142
䗤	17	142
䗥	17	142
䗦	17	142
䗧	17	142
䗨	17	142
䗩	17	142
䗪	17	142
䗫	17	142
䗬	17	142
䗭	17	142
䗮	17	142
䗯	18	142
䗰	18	142
䗱	18	142
䗲	18	142
䗳	18	142
䗴	19	142
䗵	19	142
䗶	19	142
䗷	19	142
䗸	19	142
䗹	19	142
䗺	19	142
䗻	19	142
䗼	20	142
䗽	20	142
䗾	20	142
䗿	20	142
䘀	20	142
䘁	20	142
䘂	21	142
䘃	21	142
䘄	21	142
䘅	22	142
䘆	22	142
䘇	22	142
䘈	22	142
䘉	22	142
䘊	23	142
䘋	23	142
䘌	23	142
䘍	25	142
䘎	28	142
䘏	9	143
䘐	10	143
䘑	11	143
䘒	13	143
䘓	14	143
䘔	15	143
䘕	10	144
䘖	12	144
䘗	16	144
䘘	16	144
䘙	20	144
䘚	8	145
䘛	8	145
䘜	9	145
䘝	9	145
䘞	9	145
䘟	10	145
䘠	10	145
䘡	10	145
䘢	11	145
䘣	11	145
䘤	11	145
䘥	11	145
䘦	11	145
䘧	11	145
䘨	12	145
䘩	12	145
䘪	12	145
䘫	12	145
䘬	12	145
䘭	12	145
䘮	12	145
䘯	13	145
䘰	13	145
䘱	13	145
䘲	13	145
䘳	14	145
䘴	14	145
䘵	14	145
䘶	14	145
䘷	14	145
䘸	14	145
䘹	14	145
䘺	14	145
䘻	14	145
䘼	14	145
䘽	14	145
䘾	14	145
䘿	14	145
䙀	14	145
䙁	14	145
䙂	14	145
䙃	15	145
䙄	15	145
䙅	15	145
䙆	15	145
䙇	15	145
䙈	15	145
䙉	15	145
䙊	15	145
䙋	15	145
䙌	15	145
䙍	15	145
䙎	16	145
䙏	16	145
䙐	16	145
䙑	16	145
䙒	16	145
䙓	16	145
䙔	17	145
䙕	17	145
䙖	17	145
䙗	17	145
䙘	17	145
䙙	17	145
䙚	17	145
䙛	17	145
䙜	17	145
䙝	17	145
䙞	18	145
䙟	18	145
䙠	18	145
䙡	18	145
䙢	18	145
䙣	18	145
䙤	19	145
䙥	19	145
䙦	20	145
䙧	20	145
䙨	20	145
䙩	20	145
䙪	21	145
䙫	22	145
䙬	23	145
䙭	23	145
䙮	24	145
䙯	24	145
䙰	25	145
䙱	27	145
䙲	9	146
䙳	10	146
䙴	11	146
䙵	12	146
䙶	12	146
䙷	10	147
䙸	10	147
䙹	11	147
䙺	11	147
䙻	11	147
䙼	12	147
䙽	12	147
䙾	12	147
䙿	12	147
䚀	13	147
䚁	13	147
䚂	14	147
䚃	14	147
䚄	15	147
䚅	15	147
䚆	16	147
䚇	16	147
䚈	16	147
䚉	16	147
䚊	17	147
䚋	17	147
䚌	17	147
䚍	18	147
䚎	18	147
䚏	19	147
䚐	19	147
䚑	19	147
䚒	19	147
䚓	19	147
䚔	21	147
䚕	26	147
䚖	31	147
䚗	11	148
䚘	13	148
䚙	13	148
䚚	13	148
䚛	14	148
䚜	15	148
䚝	15	148
䚞	15	148
䚟	15	148
䚠	15	148
䚡	16	148
䚢	16	148
䚣	16	148
䚤	16	148
䚥	17	148
䚦	17	148
䚧	18	148
䚨	19	148
䚩	19	148
䚪	20	148
䚫	20	148
䚬	19	148
䚭	25	148
䚮	9	149
䚯	9	149
䚰	9	149
䚱	10	149
䚲	10	149
䚳	11	149
䚴	11	149
䚵	11	149
䚶	11	149
䚷	11	149
䚸	11	149
䚹	11	149
䚺	11	149
䚻	11	149
䚼	11	149
䚽	11	149
䚾	11	149
䚿	11	149
䛀	11	149
䛁	11	149
䛂	11	149
䛃	11	149
䛄	12	149
䛅	12	149
䛆	12	149
䛇	12	149
䛈	12	149
䛉	12	149
䛊	12	149
䛋	12	149
䛌	12	149
䛍	12	149
䛎	12	149
䛏	12	149
䛐	12	149
䛑	12	149
䛒	12	149
䛓	12	149
䛔	13	149
䛕	13	149
䛖	13	149
䛗	13	149
䛘	13	149
䛙	13	149
䛚	13	149
䛛	13	149
䛜	13	149
䛝	14	149
䛞	14	149
䛟	14	149
䛠	14	149
䛡	14	149
䛢	14	149
䛣	14	149
䛤	14	149
䛥	14	149
䛦	14	149
䛧	14	149
䛨	14	149
䛩	15	149
䛪	15	149
䛫	15	149
䛬	15	149
䛭	15	149
䛮	15	149
䛯	15	149
䛰	15	149
䛱	15	149
䛲	15	149
䛳	15	149
䛴	15	149
䛵	15	149
䛶	15	149
䛷	15	149
䛸	15	149
䛹	16	149
䛺	16	149
䛻	16	149
䛼	16	149
䛽	16	149
䛾	17	149
䛿	17	149
䜀	17	149
䜁	17	149
䜂	17	149
䜃	18	149
䜄	18	149
䜅	18	149
䜆	18	149
䜇	18	149
䜈	18	149
䜉	18	149
䜊	18	149
䜋	19	149
䜌	19	149
䜍	19	149
䜎	19	149
䜏	19	149
䜐	19	149
䜑	19	149
䜒	20	149
䜓	20	149
䜔	20	149
䜕	20	149
䜖	20	149
䜗	20	149
䜘	20	149
䜙	21	149
䜚	21	149
䜛	21	149
䜜	21	149
䜝	21	149
䜞	21	149
䜟	22	149
䜠	22	149
䜡	22	149
䜢	23	149
䜣	11	149
䜤	13	149
䜥	15	149
䜦	17	149
䜧	17	149
䜨	18	149
䜩	23	149
䜪	9	150
䜫	10	150
䜬	12	150
䜭	12	150
䜮	14	150
䜯	15	150
䜰	17	150
䜱	18	150
䜲	22	150
䜳	8	151
䜴	11	151
䜵	12	151
䜶	13	151
䜷	14	151
䜸	14	151
䜹	14	151
䜺	15	151
䜻	16	151
䜼	16	151
䜽	16	151
䜾	16	151
䜿	16	151
䝀	17	151
䝁	17	151
䝂	17	151
䝃	21	151
䝄	25	151
䝅	10	152
䝆	11	152
䝇	11	152
䝈	12	152
䝉	13	152
䝊	15	152
䝋	15	152
䝌	15	152
䝍	16	152
䝎	16	152
䝏	18	152
䝐	19	152
䝑	19	152
䝒	21	152
䝓	22	152
䝔	25	152
䝕	25	152
䝖	11	153
䝗	11	153
䝘	11	153
䝙	11	153
䝚	12	153
䝛	12	153
䝜	14	153
䝝	15	153
䝞	15	153
䝟	16	153
䝠	17	153
䝡	18	153
䝢	18	153
䝣	19	153
䝤	19	153
䝥	19	153
䝦	19	153
䝧	11	154
䝨	11	154
䝩	12	154
䝪	12	154
䝫	12	154
䝬	12	154
䝭	12	154
䝮	12	154
䝯	12	154
䝰	13	154
䝱	13	154
䝲	13	154
䝳	14	154
䝴	14	154
䝵	14	154
䝶	15	154
䝷	15	154
䝸	15	154
䝹	15	154
䝺	15	154
䝻	15	154
䝼	15	154
䝽	15	154
䝾	15	154
䝿	15	154
䞀	16	154
䞁	16	154
䞂	16	154
䞃	16	154
䞄	16	154
䞅	17	154
䞆	17	154
䞇	18	154
䞈	19	154
䞉	20	154
䞊	22	154
䞋	23	154
䞌	13	154
䞍	15	154
䞎	15	154
䞏	16	154
䞐	16	154
䞑	10	155
䞒	13	155
䞓	14	155
䞔	14	155
䞕	21	155
䞖	10	156
䞗	10	156
䞘	10	156
䞙	11	156
䞚	11	156
䞛	11	156
䞜	11	156
䞝	12	156
䞞	12	156
䞟	12	156
䞠	12	156
䞡	12	156
䞢	12	156
䞣	12	156
䞤	12	156
䞥	13	156
䞦	13	156
䞧	13	156
䞨	13	156
䞩	13	156
䞪	13	156
䞫	14	156
䞬	14	156
䞭	14	156
䞮	14	156
䞯	14	156
䞰	14	156
䞱	14	156
䞲	14	156
䞳	15	156
䞴	15	156
䞵	15	156
䞶	15	156
䞷	15	156
䞸	15	156
䞹	16	156
䞺	16	156
䞻	16	156
䞼	16	156
䞽	17	156
䞾	17	156
䞿	17	156
䟀	17	156
䟁	18	156
䟂	18	156
䟃	18	156
䟄	18	156
䟅	18	156
䟆	18	156
䟇	19	156
䟈	20	156
䟉	20	156
䟊	20	156
䟋	20	156
䟌	21	156
䟍	22	156
䟎	22	156
䟏	22	156
䟐	23	156
䟑	24	156
䟒	25	156
䟓	9	157
䟔	9	157
䟕	10	157
䟖	10	157
䟗	11	157
䟘	11	157
䟙	11	157
䟚	11	157
䟛	11	157
䟜	11	157
䟝	11	157
䟞	11	157
䟟	12	157
䟠	12	157
䟡	12	157
䟢	12	157
䟣	12	157
䟤	12	157
䟥	12	157
䟦	12	157
䟧	12	157
䟨	12	157
䟩	12	157
䟪	12	157
䟫	12	157
䟬	12	157
䟭	12	157
䟮	13	157
䟯	13	157
䟰	13	157
䟱	13	157
䟲	13	157
䟳	13	157
䟴	14	157
䟵	14	157
䟶	14	157
䟷	14	157
䟸	14	157
䟹	14	157
䟺	14	157
䟻	14	157
䟼	15	157
䟽	14	157
䟾	15	157
䟿	15	157
䠀	15	157
䠁	15	157
䠂	15	157
䠃	15	157
䠄	15	157
䠅	15	157
䠆	15	157
䠇	15	157
䠈	15	157
䠉	15	157
䠊	15	157
䠋	15	157
䠌	15	157
䠍	16	157
䠎	16	157
䠏	16	157
䠐	16	157
䠑	16	157
䠒	16	157
䠓	16	157
䠔	16	157
䠕	16	157
䠖	16	157
䠗	17	157
䠘	17	157
䠙	17	157
䠚	17	157
䠛	17	157
䠜	17	157
䠝	17	157
䠞	18	157
䠟	18	157
䠠	18	157
䠡	18	157
䠢	18	157
䠣	19	157
䠤	19	157
䠥	19	157
䠦	19	157
䠧	19	157
䠨	20	157
䠩	20	157
䠪	21	157
䠫	21	157
䠬	22	157
䠭	23	157
䠮	23	157
䠯	24	157
䠰	25	157
䠱	28	157
䠲	12	158
䠳	12	158
䠴	12	158
䠵	12	158
䠶	12	158
䠷	13	158
䠸	13	158
䠹	13	158
䠺	13	158
䠻	15	158
䠼	16	158
䠽	17	158
䠾	17	158
䠿	19	158
䡀	20	158
䡁	23	158
䡂	9	159
䡃	9	159
䡄	9	159
䡅	10	159
䡆	11	159
䡇	11	159
䡈	11	159
䡉	11	159
䡊	11	159
䡋	11	159
䡌	11	159
䡍	11	159
䡎	11	159
䡏	12	159
䡐	12	159
䡑	12	159
䡒	12	159
䡓	13	159
䡔	13	159
䡕	13	159
䡖	13	159
䡗	13	159
䡘	14	159
䡙	14	159
䡚	14	159
䡛	14	159
䡜	15	159
䡝	15	159
䡞	15	159
䡟	15	159
䡠	16	159
䡡	16	159
䡢	16	159
䡣	16	159
䡤	16	159
䡥	17	159
䡦	17	159
䡧	17	159
䡨	17	159
䡩	17	159
䡪	17	159
䡫	18	159
䡬	18	159
䡭	18	159
䡮	18	159
䡯	18	159
䡰	18	159
䡱	18	159
䡲	19	159
䡳	19	159
䡴	19	159
䡵	19	159
䡶	20	159
䡷	21	159
䡸	21	159
䡹	21	159
䡺	22	159
䡻	22	159
䡼	24	159
䡽	26	159
䡾	27	159
䡿	31	159
䢀	10	159
䢁	11	159
䢂	9	159
䢃	15	160
䢄	20	160
䢅	13	161
䢆	14	161
䢇	15	161
䢈	20	161
䢉	20	161
䢊	7	162
䢋	7	162
䢌	8	162
䢍	8	162
䢎	8	162
䢏	8	162
䢐	9	162
䢑	9	162
䢒	10	162
䢓	10	162
䢔	10	162
䢕	10	162
䢖	10	162
䢗	10	162
䢘	10	162
䢙	11	162
䢚	11	162
䢛	11	162
䢜	12	162
䢝	12	162
䢞	12	162
䢟	12	162
䢠	12	162
䢡	13	162
䢢	14	162
䢣	14	162
䢤	14	162
䢥	14	162
䢦	15	162
䢧	15	162
䢨	15	162
䢩	15	162
䢪	16	162
䢫	16	162
䢬	16	162
䢭	16	162
䢮	17	162
䢯	18	162
䢰	18	162
䢱	19	162
䢲	24	162
䢳	5	163
䢴	6	163
䢵	7	163
䢶	7	163
䢷	7	163
䢸	8	163
䢹	8	163
䢺	8	163
䢻	9	163
䢼	9	163
䢽	13	163
䢾	9	163
䢿	9	163
䣀	9	163
䣁	9	163
䣂	9	163
䣃	10	163
䣄	10	163
䣅	10	163
䣆	10	163
䣇	10	163
䣈	14	163
䣉	14	163
䣊	11	163
䣋	11	163
䣌	11	163
䣍	11	163
䣎	11	163
䣏	11	163
䣐	12	163
䣑	12	163
䣒	12	163
䣓	13	163
䣔	13	163
䣕	13	163
䣖	17	163
䣗	13	163
䣘	14	163
䣙	14	163
䣚	14	163
䣛	14	163
䣜	14	163
䣝	15	163
䣞	15	163
䣟	15	163
䣠	15	163
䣡	16	163
䣢	17	163
䣣	23	163
䣤	23	163
䣥	9	164
䣦	9	164
䣧	10	164
䣨	10	164
䣩	11	164
䣪	11	164
䣫	11	164
䣬	11	164
䣭	11	164
䣮	12	164
䣯	12	164
䣰	12	164
䣱	13	164
䣲	12	164
䣳	12	164
䣴	13	164
䣵	13	164
䣶	13	164
䣷	13	164
䣸	13	164
䣹	13	164
䣺	14	164
䣻	14	164
䣼	15	164
䣽	15	164
䣾	15	164
䣿	15	164
䤀	16	164
䤁	16	164
䤂	16	164
䤃	16	164
䤄	16	164
䤅	16	164
䤆	16	164
䤇	16	164
䤈	16	164
䤉	17	164
䤊	17	164
䤋	17	164
䤌	17	164
䤍	18	164
䤎	19	164
䤏	19	164
䤐	19	164
䤑	19	164
䤒	19	164
䤓	21	164
䤔	21	164
䤕	22	164
䤖	22	164
䤗	24	164
䤘	24	164
䤙	28	164
䤚	11	166
䤛	10	167
䤜	11	167
䤝	12	167
䤞	12	167
䤟	12	167
䤠	12	167
䤡	13	167
䤢	13	167
䤣	13	167
䤤	14	167
䤥	14	167
䤦	14	167
䤧	14	167
䤨	14	167
䤩	14	167
䤪	14	167
䤫	15	167
䤬	15	167
䤭	15	167
䤮	15	167
䤯	15	167
䤰	15	167
䤱	15	167
䤲	15	167
䤳	16	167
䤴	16	167
䤵	16	167
䤶	16	167
䤷	17	167
䤸	17	167
䤹	17	167
䤺	17	167
䤻	17	167
䤼	17	167
䤽	18	167
䤾	18	167
䤿	18	167
䥀	18	167
䥁	18	167
䥂	18	167
䥃	18	167
䥄	18	167
䥅	18	167
䥆	18	167
䥇	18	167
䥈	19	167
䥉	19	167
䥊	19	167
䥋	19	167
䥌	19	167
䥍	19	167
䥎	19	167
䥏	19	167
䥐	19	167
䥑	19	167
䥒	19	167
䥓	19	167
䥔	20	167
䥕	20	167
䥖	20	167
䥗	20	167
䥘	20	167
䥙	20	167
䥚	20	167
䥛	20	167
䥜	20	167
䥝	21	167
䥞	21	167
䥟	21	167
䥠	21	167
䥡	21	167
䥢	21	167
䥣	21	167
䥤	21	167
䥥	21	167
䥦	21	167
䥧	22	167
䥨	22	167
䥩	22	167
䥪	22	167
䥫	22	167
䥬	22	167
䥭	22	167
䥮	22	167
䥯	23	167
䥰	23	167
䥱	23	167
䥲	23	167
䥳	23	167
䥴	23	167
䥵	24	167
䥶	24	167
䥷	24	167
䥸	25	167
䥹	29	167
䥺	12	167
䥻	12	167
䥼	12	167
䥽	13	167
䥾	13	167
䥿	13	167
䦀	14	167
䦁	15	167
䦂	18	167
䦃	20	167
䦄	20	167
䦅	20	167
䦆	28	167
䦇	11	168
䦈	13	168
䦉	13	168
䦊	14	168
䦋	19	168
䦌	11	169
䦍	11	169
䦎	12	169
䦏	12	169
䦐	12	169
䦑	12	169
䦒	13	169
䦓	13	169
䦔	13	169
䦕	14	169
䦖	14	169
䦗	14	169
䦘	14	169
䦙	14	169
䦚	14	169
䦛	14	169
䦜	15	169
䦝	15	169
䦞	15	169
䦟	15	169
䦠	16	169
䦡	16	169
䦢	16	169
䦣	16	169
䦤	16	169
䦥	16	169
䦦	16	169
䦧	16	169
䦨	16	169
䦩	17	169
䦪	17	169
䦫	17	169
䦬	17	169
䦭	17	169
䦮	17	169
䦯	17	169
䦰	19	169
䦱	20	169
䦲	21	169
䦳	21	169
䦴	21	169
䦵	22	169
䦶	14	169
䦷	15	169
䦸	17	169
䦹	5	170
䦺	5	170
䦻	6	170
䦼	7	170
䦽	7	170
䦾	10	170
䦿	7	170
䧀	7	170
䧁	8	170
䧂	8	170
䧃	8	170
䧄	9	170
䧅	9	170
䧆	9	170
䧇	9	170
䧈	9	170
䧉	10	170
䧊	10	170
䧋	10	170
䧌	10	170
䧍	10	170
䧎	10	170
䧏	10	170
䧐	11	170
䧑	11	170
䧒	11	170
䧓	11	170
䧔	11	170
䧕	11	170
䧖	11	170
䧗	12	170
䧘	12	170
䧙	12	170
䧚	13	170
䧛	13	170
䧜	13	170
䧝	13	170
䧞	13	170
䧟	13	170
䧠	14	170
䧡	14	170
䧢	14	170
䧣	14	170
䧤	15	170
䧥	15	170
䧦	15	170
䧧	16	170
䧨	16	170
䧩	15	170
䧪	16	170
䧫	17	170
䧬	17	170
䧭	17	170
䧮	19	170
䧯	20	170
䧰	21	170
䧱	10	172
䧲	11	172
䧳	11	172
䧴	12	172
䧵	12	172
䧶	12	172
䧷	13	172
䧸	13	172
䧹	13	172
䧺	13	172
䧻	14	172
䧼	15	172
䧽	15	172
䧾	16	172
䧿	16	172
䨀	16	119
䨁	17	172
䨂	17	172
䨃	18	172
䨄	19	172
䨅	20	172
䨆	20	172
䨇	20	172
䨈	22	172
䨉	25	172
䨊	32	172
䨋	11	173
䨌	12	173
䨍	12	173
䨎	13	173
䨏	14	173
䨐	14	173
䨑	14	173
䨒	14	173
䨓	14	173
䨔	14	173
䨕	14	173
䨖	14	173
䨗	15	173
䨘	15	173
䨙	15	173
䨚	16	173
䨛	16	173
䨜	16	173
䨝	16	173
䨞	17	173
䨟	17	173
䨠	17	173
䨡	17	173
䨢	17	173
䨣	17	173
䨤	17	173
䨥	18	173
䨦	18	173
䨧	18	173
䨨	18	173
䨩	18	173
䨪	18	173
䨫	19	173
䨬	19	173
䨭	19	173
䨮	19	173
䨯	19	173
䨰	20	173
䨱	20	173
䨲	22	173
䨳	22	173
䨴	22	173
䨵	23	173
䨶	23	173
䨷	24	173
䨸	25	173
䨹	27	173
䨺	36	173
䨻	52	173
䨼	22	174
䨽	11	175
䨾	11	175
䨿	12	175
䩀	15	175
䩁	20	175
䩂	13	176
䩃	13	176
䩄	13	176
䩅	14	176
䩆	14	176
䩇	14	176
䩈	16	176
䩉	16	176
䩊	17	176
䩋	20	176
䩌	21	176
䩍	21	176
䩎	22	176
䩏	24	176
䩐	12	177
䩑	12	177
䩒	12	177
䩓	13	177
䩔	13	177
䩕	13	177
䩖	13	177
䩗	13	177
䩘	13	177
䩙	14	177
䩚	14	177
䩛	14	177
䩜	14	177
䩝	14	177
䩞	14	177
䩟	15	177
䩠	16	177
䩡	16	177
䩢	16	177
䩣	16	177
䩤	16	177
䩥	16	177
䩦	16	177
䩧	16	177
䩨	17	177
䩩	17	177
䩪	17	177
䩫	17	177
䩬	17	177
䩭	17	177
䩮	17	177
䩯	18	177
䩰	18	177
䩱	18	177
䩲	18	177
䩳	18	177
䩴	18	177
䩵	18	177
䩶	19	177
䩷	19	177
䩸	19	177
䩹	19	177
䩺	19	177
䩻	19	177
䩼	20	177
䩽	20	177
䩾	20	177
䩿	21	177
䪀	21	177
䪁	21	177
䪂	21	177
䪃	21	177
䪄	21	177
䪅	22	177
䪆	22	177
䪇	23	177
䪈	23	177
䪉	24	177
䪊	25	177
䪋	25	177
䪌	26	177
䪍	26	177
䪎	27	177
䪏	13	178
䪐	14	178
䪑	14	178
䪒	14	178
䪓	14	178
䪔	16	178
䪕	17	178
䪖	18	178
䪗	18	178
䪘	18	178
䪙	19	178
䪚	19	178
䪛	21	178
䪜	22	178
䪝	23	178
䪞	13	179
䪟	15	179
䪠	17	179
䪡	19	179
䪢	19	179
䪣	20	179
䪤	21	179
䪥	23	179
䪦	12	180
䪧	12	180
䪨	12	180
䪩	13	180
䪪	14	180
䪫	16	180
䪬	16	180
䪭	18	180
䪮	19	180
䪯	19	180
䪰	22	180
䪱	12	181
䪲	12	181
䪳	13	181
䪴	13	181
䪵	13	181
䪶	14	181
䪷	14	181
䪸	14	181
䪹	14	181
䪺	14	181
䪻	14	181
䪼	14	181
䪽	14	181
䪾	14	181
䪿	15	181
䫀	15	181
䫁	15	181
䫂	15	181
䫃	16	181
䫄	16	181
䫅	16	181
䫆	16	181
䫇	16	181
䫈	16	181
䫉	16	181
䫊	16	181
䫋	17	181
䫌	17	181
䫍	17	181
䫎	17	181
䫏	17	181
䫐	17	181
䫑	17	181
䫒	17	181
䫓	17	181
䫔	18	181
䫕	18	181
䫖	18	181
䫗	18	181
䫘	18	181
䫙	18	181
䫚	18	181
䫛	18	181
䫜	18	181
䫝	18	181
䫞	19	181
䫟	19	181
䫠	19	181
䫡	19	181
䫢	19	181
䫣	19	181
䫤	19	181
䫥	19	181
䫦	19	181
䫧	19	181
䫨	20	181
䫩	20	181
䫪	20	181
䫫	20	181
䫬	21	181
䫭	21	181
䫮	21	181
䫯	21	181
䫰	21	181
䫱	21	181
䫲	22	181
䫳	22	181
䫴	22	181
䫵	24	181
䫶	24	181
䫷	25	181
䫸	11	182
䫹	12	182
䫺	13	182
䫻	13	182
䫼	13	182
䫽	13	182
䫾	14	182
䫿	14	182
䬀	14	182
䬁	14	182
䬂	14	182
䬃	14	182
䬄	15	182
䬅	15	182
䬆	16	182
䬇	16	182
䬈	16	182
䬉	16	182
䬊	16	182
䬋	17	182
䬌	17	182
䬍	17	182
䬎	17	182
䬏	17	182
䬐	17	182
䬑	18	182
䬒	18	182
䬓	18	182
䬔	18	182
䬕	18	182
䬖	18	182
䬗	18	182
䬘	19	182
䬙	19	182
䬚	19	182
䬛	20	182
䬜	20	182
䬝	21	182
䬞	23	182
䬟	24	182
䬠	17	183
䬡	18	183
䬢	11	184
䬣	12	184
䬤	12	184
䬥	12	184
䬦	13	184
䬧	13	184
䬨	13	184
䬩	13	184
䬪	13	184
䬫	14	184
䬬	14	184
䬭	14	184
䬮	14	184
䬯	14	184
䬰	14	184
䬱	14	184
䬲	14	184
䬳	14	184
䬴	14	184
䬵	15	184
䬶	15	184
䬷	15	184
䬸	15	184
䬹	15	184
䬺	15	184
䬻	15	184
䬼	16	184
䬽	16	184
䬾	16	184
䬿	16	184
䭀	16	184
䭁	16	184
䭂	16	184
䭃	17	184
䭄	17	184
䭅	17	184
䭆	17	184
䭇	17	184
䭈	18	184
䭉	18	184
䭊	18	184
䭋	18	184
䭌	18	184
䭍	18	184
䭎	18	184
䭏	18	184
䭐	19	184
䭑	19	184
䭒	19	184
䭓	19	184
䭔	19	184
䭕	20	184
䭖	20	184
䭗	20	184
䭘	21	184
䭙	21	184
䭚	21	184
䭛	21	184
䭜	21	184
䭝	22	184
䭞	22	184
䭟	22	184
䭠	22	184
䭡	23	184
䭢	23	184
䭣	23	184
䭤	23	184
䭥	24	184
䭦	26	184
䭧	26	184
䭨	27	184
䭩	28	184
䭪	21	184
䭫	15	185
䭬	15	185
䭭	18	185
䭮	19	185
䭯	14	186
䭰	17	186
䭱	17	186
䭲	17	186
䭳	27	186
䭴	12	187
䭵	13	187
䭶	13	187
䭷	14	187
䭸	14	187
䭹	14	187
䭺	14	187
䭻	14	187
䭼	14	187
䭽	14	187
䭾	14	187
䭿	15	187
䮀	15	187
䮁	15	187
䮂	15	187
䮃	15	187
䮄	15	187
䮅	15	187
䮆	16	187
䮇	16	187
䮈	16	187
䮉	16	187
䮊	16	187
䮋	16	187
䮌	16	187
䮍	16	187
䮎	17	187
䮏	17	187
䮐	17	187
䮑	17	187
䮒	17	187
䮓	18	187
䮔	18	187
䮕	18	187
䮖	18	187
䮗	18	187
䮘	18	187
䮙	18	187
䮚	18	187
䮛	18	187
䮜	19	187
䮝	19	187
䮞	19	187
䮟	19	187
䮠	19	187
䮡	19	187
䮢	19	187
䮣	20	187
䮤	20	187
䮥	20	187
䮦	20	187
䮧	20	187
䮨	20	187
䮩	20	187
䮪	21	187
䮫	21	187
䮬	21	187
䮭	21	187
䮮	21	187
䮯	21	187
䮰	21	187
䮱	21	187
䮲	22	187
䮳	22	187
䮴	22	187
䮵	22	187
䮶	22	187
䮷	23	187
䮸	23	187
䮹	23	187
䮺	24	187
䮻	24	187
䮼	24	187
䮽	25	187
䮾	26	187
䮿	27	187
䯀	28	187
䯁	29	187
䯂	34	187
䯃	16	187
䯄	17	187
䯅	20	187
䯆	11	188
䯇	12	188
䯈	14	188
䯉	14	188
䯊	15	188
䯋	15	188
䯌	15	188
䯍	15	188
䯎	15	188
䯏	16	188
䯐	16	188
䯑	16	188
䯒	16	188
䯓	16	188
䯔	16	188
䯕	17	188
䯖	17	188
䯗	17	188
䯘	17	188
䯙	17	188
䯚	17	188
䯛	18	188
䯜	18	188
䯝	19	188
䯞	19	188
䯟	19	188
䯠	19	188
䯡	20	188
䯢	21	188
䯣	22	188
䯤	23	188
䯥	24	188
䯦	25	188
䯧	12	189
䯨	13	189
䯩	14	189
䯪	19	189
䯫	22	189
䯬	25	189
䯭	12	190
䯮	12	190
䯯	14	190
䯰	14	190
䯱	14	190
䯲	14	190
䯳	14	190
䯴	14	190
䯵	15	190
䯶	15	190
䯷	16	190
䯸	16	190
䯹	17	190
䯺	17	190
䯻	17	190
䯼	17	190
䯽	18	190
䯾	18	190
䯿	18	190
䰀	18	190
䰁	18	190
䰂	18	190
䰃	18	190
䰄	19	190
䰅	19	190
䰆	19	190
䰇	19	190
䰈	20	190
䰉	20	190
䰊	20	190
䰋	20	190
䰌	21	190
䰍	21	190
䰎	22	190
䰏	24	190
䰐	24	190
䰑	24	190
䰒	24	190
䰓	25	190
䰔	25	190
䰕	26	190
䰖	29	190
䰗	20	191
䰘	21	191
䰙	14	193
䰚	14	193
䰛	15	193
䰜	16	193
䰝	22	193
䰞	25	193
䰟	14	194
䰠	15	194
䰡	15	194
䰢	16	194
䰣	16	194
䰤	18	194
䰥	18	194
䰦	18	194
䰧	18	194
䰨	19	194
䰩	19	194
䰪	20	194
䰫	22	194
䰬	22	194
䰭	22	194
䰮	23	194
䰯	24	194
䰰	24	194
䰱	34	194
䰲	12	195
䰳	13	195
䰴	14	195
䰵	14	195
䰶	14	195
䰷	15	195
䰸	15	195
䰹	15	195
䰺	15	195
䰻	15	195
䰼	15	195
䰽	15	195
䰾	15	195
䰿	16	195
䱀	16	195
䱁	16	195
䱂	16	195
䱃	16	195
䱄	16	195
䱅	16	195
䱆	16	195
䱇	16	195
䱈	16	195
䱉	16	195
䱊	17	195
䱋	17	195
䱌	17	195
䱍	17	195
䱎	17	195
䱏	18	195
䱐	18	195
䱑	18	195
䱒	18	195
䱓	18	195
䱔	18	195
䱕	18	195
䱖	18	195
䱗	18	195
䱘	18	195
䱙	19	195
䱚	19	195
䱛	19	195
䱜	19	195
䱝	19	195
䱞	19	195
䱟	19	195
䱠	19	195
䱡	19	195
䱢	19	195
䱣	19	195
䱤	19	195
䱥	19	195
䱦	19	195
䱧	19	195
䱨	19	195
䱩	19	195
䱪	19	195
䱫	20	195
䱬	20	195
䱭	20	195
䱮	20	195
䱯	20	195
䱰	20	195
䱱	20	195
䱲	20	195
䱳	20	195
䱴	20	195
䱵	21	195
䱶	21	195
䱷	21	195
䱸	21	195
䱹	21	195
䱺	21	195
䱻	21	195
䱼	21	195
䱽	21	195
䱾	22	195
䱿	22	195
䲀	22	195
䲁	22	195
䲂	22	195
䲃	22	195
䲄	22	195
䲅	22	195
䲆	22	195
䲇	22	195
䲈	22	195
䲉	23	195
䲊	23	195
䲋	23	195
䲌	23	195
䲍	23	195
䲎	23	195
䲏	23	195
䲐	24	195
䲑	24	195
䲒	24	195
䲓	24	195
䲔	24	195
䲕	24	195
䲖	25	195
䲗	25	195
䲘	25	195
䲙	26	195
䲚	27	195
䲛	27	195
䲜	44	195
䲝	15	195
䲞	16	195
䲟	16	195
䲠	20	195
䲡	20	195
䲢	21	195
䲣	21	195
䲤	18	195
䲥	13	196
䲦	14	196
䲧	14	196
䲨	14	196
䲩	14	196
䲪	14	196
䲫	14	196
䲬	15	196
䲭	15	196
䲮	15	196
䲯	15	196
䲰	15	196
䲱	15	196
䲲	15	196
䲳	15	196
䲴	15	196
䲵	15	196
䲶	15	196
䲷	15	196
䲸	15	196
䲹	16	196
䲺	16	196
䲻	16	196
䲼	16	196
䲽	16	196
䲾	16	196
䲿	16	196
䳀	16	196
䳁	16	196
䳂	16	196
䳃	16	196
䳄	16	196
䳅	16	196
䳆	16	196
䳇	16	196
䳈	16	196
䳉	16	196
䳊	16	196
䳋	17	196
䳌	17	196
䳍	17	196
䳎	17	196
䳏	17	196
䳐	17	196
䳑	17	196
䳒	17	196
䳓	17	196
䳔	17	196
䳕	18	196
䳖	18	196
䳗	18	196
䳘	18	196
䳙	18	196
䳚	18	196
䳛	18	196
䳜	18	196
䳝	19	196
䳞	19	196
䳟	19	196
䳠	19	196
䳡	19	196
䳢	19	196
䳣	19	196
䳤	19	196
䳥	19	196
䳦	20	196
䳧	20	196
䳨	20	196
䳩	20	196
䳪	20	196
䳫	20	196
䳬	20	196
䳭	20	196
䳮	20	196
䳯	20	196
䳰	20	196
䳱	21	196
䳲	21	196
䳳	21	196
䳴	21	196
䳵	21	196
䳶	21	196
䳷	22	196
䳸	22	196
䳹	22	196
䳺	22	196
䳻	22	196
䳼	22	196
䳽	22	196
䳾	23	196
䳿	23	196
䴀	23	196
䴁	23	196
䴂	23	196
䴃	23	196
䴄	23	196
䴅	23	196
䴆	23	196
䴇	24	196
䴈	24	196
䴉	24	196
䴊	24	196
䴋	24	196
䴌	25	196
䴍	25	196
䴎	26	196
䴏	27	196
䴐	31	196
䴑	34	196
䴒	35	196
䴓	15	196
䴔	17	196
䴕	17	196
䴖	19	196
䴗	20	196
䴘	21	196
䴙	24	196
䴚	15	197
䴛	18	197
䴜	21	197
䴝	23	197
䴞	25	197
䴟	14	198
䴠	15	198
䴡	15	198
䴢	15	198
䴣	16	198
䴤	16	198
䴥	16	198
䴦	18	198
䴧	19	198
䴨	21	198
䴩	22	198
䴪	24	198
䴫	24	198
䴬	14	199
䴭	14	199
䴮	14	199
䴯	15	199
䴰	15	199
䴱	16	199
䴲	16	199
䴳	16	199
䴴	16	199
䴵	17	199
䴶	18	199
䴷	18	199
䴸	18	199
䴹	19	199
䴺	19	199
䴻	19	199
䴼	19	199
䴽	19	199
䴾	21	199
䴿	21	199
䵀	21	199
䵁	22	199
䵂	22	199
䵃	23	199
䵄	24	199
䵅	22	199
䵆	25	199
䵇	15	200
䵈	20	200
䵉	20	200
䵊	16	201
䵋	18	201
䵌	19	201
䵍	20	201
䵎	21	201
䵏	23	201
䵐	24	201
䵑	15	202
䵒	16	202
䵓	16	202
䵔	20	202
䵕	20	202
䵖	20	202
䵗	21	202
䵘	21	202
䵙	21	202
䵚	22	202
䵛	23	202
䵜	25	202
䵝	13	203
䵞	14	203
䵟	15	203
䵠	17	203
䵡	16	203
䵢	17	203
䵣	17	203
䵤	18	203
䵥	18	203
䵦	18	203
䵧	18	203
䵨	19	203
䵩	19	203
䵪	20	203
䵫	20	203
䵬	20	203
䵭	21	203
䵮	21	203
䵯	21	203
䵰	23	203
䵱	24	203
䵲	25	203
䵳	25	203
䵴	25	203
䵵	26	203
䵶	18	205
䵷	19	205
䵸	22	205
䵹	24	205
䵺	16	206
䵻	24	206
䵼	24	206
䵽	18	207
䵾	18	207
䵿	18	207
䶀	19	207
䶁	21	207
䶂	16	208
䶃	17	208
䶄	18	208
䶅	19	208
䶆	21	208
䶇	22	208
䶈	23	208
䶉	23	208
䶊	18	209
䶋	18	209
䶌	19	209
䶍	20	209
䶎	20	209
䶏	21	209
䶐	27	209
䶑	30	209
䶒	17	210
䶓	17	210
䶔	18	211
䶕	19	211
䶖	19	211
䶗	20	211
䶘	20	211
䶙	20	211
䶚	21	211
䶛	21	211
䶜	22	211
䶝	22	211
䶞	23	211
䶟	23	211
䶠	24	211
䶡	24	211
䶢	24	211
䶣	25	211
䶤	25	211
䶥	26	211
䶦	26	211
䶧	27	211
䶨	28	211
䶩	29	211
䶪	29	211
䶫	35	211
䶬	22	212
䶭	9	212
䶮	9	212
䶯	19	213
䶰	20	213
䶱	21	213
䶲	21	213
䶳	21	214
䶴	25	214
䶵	27	214
䶶	15	1
䶷	5	30
䶸	6	30
䶹	3	45
䶺	8	74
䶻	8	74
䶼	12	74
䶽	13	74
䶾	12	76
䶿	10	184
一	1	1
丁	2	1
丂	2	1
七	2	1
丄	2	1
丅	2	1
丆	2	1
万	3	1
丈	3	1
三	3	1
上	3	1
下	3	1
丌	3	1
不	4	1
与	3	1
丏	4	1
丐	4	1
丑	4	1
丒	4	1
专	4	1
且	5	1
丕	5	1
世	5	1
丗	5	1
丘	5	1
丙	5	1
业	5	1
丛	5	1
东	5	1
丝	5	1
丞	6	1
丟	6	1
丠	6	1
両	6	1
丢	6	1
丣	7	1
两	7	1
严	7	1
並	8	1
丧	8	1
丨	1	2
丩	2	2
个	3	2
丫	3	2
丬	3	90
中	4	2
丮	4	2
丯	4	2
丰	4	2
丱	5	2
串	7	2
丳	8	2
临	9	2
丵	10	2
丶	1	3
丷	2	3
丸	3	3
丹	4	3
为	4	3
主	5	3
丼	5	3
丽	7	1
举	9	3
丿	1	4
乀	1	4
乁	1	4
乂	2	4
乃	2	4
乄	2	4
久	3	4
乆	3	4
乇	3	4
么	3	4
义	3	3
乊	3	4
之	3	4
乌	4	4
乍	5	4
乎	5	4
乏	4	4
乐	5	4
乑	6	4
乒	6	4
乓	6	4
乔	6	4
乕	7	4
乖	8	4
乗	9	4
乘	10	4
乙	1	5
乚	1	5
乛	1	5
乜	2	5
九	2	5
乞	3	5
也	3	5
习	3	5
乡	3	52
乢	4	46
乣	4	5
乤	4	5
乥	4	5
书	4	5
乧	5	5
乨	6	5
乩	6	5
乪	6	5
乫	6	5
乬	6	5
乭	6	5
乮	6	5
乯	6	5
买	6	5
乱	7	5
乲	7	5
乳	8	5
乴	8	5
乵	8	5
乶	8	5
乷	8	5
乸	8	5
乹	9	5
乺	9	5
乻	9	5
乼	9	5
乽	10	5
乾	11	5
乿	11	5
亀	11	5
亁	12	5
亂	13	5
亃	13	5
亄	13	5
亅	1	6
了	2	6
亇	3	6
予	4	6
争	6	6
亊	7	6
事	8	6
二	2	7
亍	3	7
于	3	7
亏	3	7
亐	3	1
云	4	7
互	4	7
亓	4	7
五	4	7
井	4	7
亖	4	7
亗	5	7
亘	6	7
亙	6	7
亚	6	7
些	8	7
亜	7	7
亝	8	7
亞	8	7
亟	8	7
亠	2	8
亡	3	8
亢	4	8
亣	4	8
交	6	8
亥	6	8
亦	6	8
产	6	8
亨	7	8
亩	7	8
亪	7	8
享	8	8
京	8	8
亭	9	8
亮	9	8
亯	9	8
亰	9	8
亱	9	8
亲	9	8
亳	10	8
亴	12	8
亵	12	8
亶	13	8
亷	13	8
亸	16	8
亹	22	8
人	2	9
亻	2	9
亼	3	9
亽	3	9
亾	3	9
亿	3	9
什	4	9
仁	4	9
仂	4	9
仃	4	9
仄	4	9
仅	4	9
仆	4	9
仇	4	9
仈	4	9
仉	4	9
今	4	9
介	4	9
仌	4	9
仍	4	9
从	4	9
仏	4	9
仐	4	9
仑	4	9
仒	4	9
仓	4	9
仔	5	9
仕	5	9
他	5	9
仗	5	9
付	5	9
仙	5	9
仚	5	9
仛	5	9
仜	5	9
仝	5	9
仞	5	9
仟	5	9
仠	5	9
仡	5	9
仢	5	9
代	5	9
令	5	9
以	4	9
仦	5	9
仧	5	9
仨	5	9
仩	5	9
仪	5	9
仫	5	9
们	5	9
仭	5	9
仮	6	9
仯	6	9
仰	6	9
仱	6	9
仲	6	9
仳	6	9
仴	6	9
仵	6	9
件	6	9
价	6	9
仸	6	9
仹	6	9
仺	5	9
任	6	9
仼	6	9
份	6	9
仾	6	9
仿	6	9
伀	6	9
企	6	9
伂	6	9
伃	6	9
伄	6	9
伅	6	9
伆	6	9
伇	6	9
伈	6	9
伉	6	9
伊	6	9
伋	5	9
伌	6	9
伍	6	9
伎	6	9
伏	6	9
伐	6	9
休	6	9
伒	6	9
伓	6	9
伔	6	9
伕	6	9
伖	6	9
众	6	9
优	6	9
伙	6	9
会	6	9
伛	6	9
伜	6	9
伝	6	9
伞	6	9
伟	6	9
传	6	9
伡	6	9
伢	6	9
伣	6	9
伤	6	9
伥	6	9
伦	6	9
伧	6	9
伨	6	9
伩	6	9
伪	6	9
伫	6	9
伬	6	9
伭	7	9
伮	7	9
伯	7	9
估	7	9
伱	7	9
伲	7	9
伳	7	9
伴	7	9
伵	7	9
伶	7	9
伷	7	9
伸	7	9
伹	7	9
伺	7	9
伻	7	9
似	6	9
伽	7	9
伾	7	9
伿	7	9
佀	7	9
佁	7	9
佂	7	9
佃	7	9
佄	7	9
佅	7	9
但	7	9
佇	7	9
佈	7	9
佉	7	9
佊	7	9
佋	7	9
佌	8	9
位	7	9
低	7	9
住	7	9
佐	7	9
佑	7	9
佒	7	9
体	7	9
佔	7	9
何	7	9
佖	7	9
佗	7	9
佘	7	9
余	7	9
佚	7	9
佛	7	9
作	7	9
佝	7	9
佞	7	9
佟	7	9
你	7	9
佡	7	9
佢	6	9
佣	7	9
佤	6	9
佥	7	9
佦	7	9
佧	7	9
佨	7	9
佩	8	9
佪	8	9
佫	8	9
佬	8	9
佭	8	9
佮	8	9
佯	8	9
佰	8	9
佱	8	9
佲	8	9
佳	8	9
佴	8	9
併	8	9
佶	8	9
佷	8	9
佸	8	9
佹	8	9
佺	8	9
佻	8	9
佼	8	9
佽	8	9
佾	8	9
使	8	9
侀	8	9
侁	8	9
侂	8	9
侃	8	9
侄	8	9
侅	8	9
來	8	9
侇	8	9
侈	8	9
侉	8	9
侊	8	9
例	8	9
侌	8	9
侍	8	9
侎	8	9
侏	8	9
侐	8	9
侑	8	9
侒	8	9
侓	8	9
侔	8	9
侕	8	9
侖	8	9
侗	8	9
侘	8	9
侙	8	9
侚	8	9
供	8	9
侜	8	9
依	8	9
侞	8	9
侟	8	9
侠	8	9
価	8	9
侢	8	9
侣	8	9
侤	8	9
侥	8	9
侦	8	9
侧	8	9
侨	8	9
侩	8	9
侪	8	9
侫	8	9
侬	8	9
侭	8	9
侮	9	9
侯	9	9
侰	9	9
侱	9	9
侲	9	9
侳	9	9
侴	9	9
侵	9	9
侶	9	9
侷	9	9
侸	9	9
侹	8	9
侺	9	9
侻	9	9
侼	9	9
侽	9	9
侾	9	9
便	9	9
俀	9	9
俁	9	9
係	9	9
促	9	9
俄	9	9
俅	9	9
俆	9	9
俇	9	9
俈	9	9
俉	9	9
俊	9	9
俋	9	9
俌	9	9
俍	9	9
俎	9	9
俏	9	9
俐	9	9
俑	9	9
俒	9	9
俓	9	9
俔	9	9
俕	9	9
俖	9	9
俗	9	9
俘	9	9
俙	9	9
俚	9	9
俛	9	9
俜	9	9
保	9	9
俞	9	9
俟	9	9
俠	9	9
信	9	9
俢	8	9
俣	9	9
俤	9	9
俥	9	9
俦	9	9
俧	9	9
俨	9	9
俩	9	9
俪	9	9
俫	9	9
俬	9	9
俭	9	9
修	9	9
俯	10	9
俰	10	9
俱	10	9
俲	10	9
俳	10	9
俴	10	9
俵	10	9
俶	10	9
俷	10	9
俸	10	9
俹	10	9
俺	10	9
俻	10	9
俼	10	9
俽	10	9
俾	10	9
俿	10	9
倀	10	9
倁	10	9
倂	10	9
倃	10	9
倄	10	9
倅	10	9
倆	10	9
倇	10	9
倈	10	9
倉	10	9
倊	10	9
個	10	9
倌	10	9
倍	10	9
倎	10	9
倏	10	9
倐	10	9
們	10	9
倒	10	9
倓	10	9
倔	10	9
倕	10	9
倖	10	9
倗	10	9
倘	10	9
候	10	9
倚	10	9
倛	10	9
倜	10	9
倝	10	9
倞	10	9
借	10	9
倠	10	9
倡	10	9
倢	10	9
倣	10	9
値	10	9
倥	10	9
倦	10	9
倧	10	9
倨	10	9
倩	10	9
倪	10	9
倫	10	9
倬	10	9
倭	10	9
倮	10	9
倯	10	9
倰	10	9
倱	10	9
倲	10	9
倳	10	9
倴	10	9
倵	10	9
倶	10	9
倷	10	9
倸	10	9
倹	10	9
债	10	9
倻	10	9
值	10	9
倽	10	9
倾	10	9
倿	10	9
偀	10	9
偁	11	9
偂	11	9
偃	11	9
偄	11	9
偅	11	9
偆	11	9
假	11	9
偈	11	9
偉	11	9
偊	11	9
偋	11	9
偌	10	9
偍	11	9
偎	11	9
偏	11	9
偐	11	9
偑	11	9
偒	11	9
偓	11	9
偔	11	9
偕	11	9
偖	10	9
偗	11	9
偘	11	9
偙	11	9
做	11	9
偛	11	9
停	11	9
偝	11	9
偞	11	9
偟	11	9
偠	11	9
偡	11	9
偢	11	9
偣	11	9
偤	11	9
健	10	9
偦	11	9
偧	11	9
偨	12	9
偩	11	9
偪	11	9
偫	11	9
偬	11	9
偭	11	9
偮	11	9
偯	11	9
偰	11	9
偱	11	9
偲	11	9
偳	11	9
側	11	9
偵	11	9
偶	11	9
偷	11	9
偸	11	9
偹	11	9
偺	11	9
偻	11	9
偼	11	9
偽	11	9
偾	11	9
偿	11	9
傀	11	9
傁	11	9
傂	12	9
傃	12	9
傄	12	9
傅	12	9
傆	12	9
傇	11	9
傈	12	9
傉	12	9
傊	12	9
傋	12	9
傌	12	9
傍	12	9
傎	12	9
傏	12	9
傐	12	9
傑	12	9
傒	12	9
傓	12	9
傔	12	9
傕	12	9
傖	12	9
傗	12	9
傘	12	9
備	12	9
傚	12	9
傛	12	9
傜	12	9
傝	12	9
傞	11	9
傟	12	9
傠	12	9
傡	12	9
傢	12	9
傣	12	9
傤	12	9
傥	12	9
傦	11	9
傧	12	9
储	12	9
傩	12	9
傪	13	9
傫	13	9
催	13	9
傭	13	9
傮	13	9
傯	13	9
傰	13	9
傱	13	9
傲	12	9
傳	13	9
傴	13	9
債	13	9
傶	13	9
傷	13	9
傸	13	9
傹	13	9
傺	13	9
傻	13	9
傼	13	9
傽	13	9
傾	13	9
傿	13	9
僀	13	9
僁	13	9
僂	13	9
僃	12	9
僄	13	9
僅	13	9
僆	12	9
僇	13	9
僈	13	9
僉	13	9
僊	14	9
僋	13	9
僌	13	9
働	13	9
僎	14	9
像	13	9
僐	14	9
僑	14	9
僒	14	9
僓	14	9
僔	14	9
僕	14	9
僖	14	9
僗	14	9
僘	14	9
僙	13	9
僚	14	9
僛	14	9
僜	14	9
僝	14	9
僞	14	9
僟	14	9
僠	14	9
僡	14	9
僢	14	9
僣	14	9
僤	14	9
僥	14	9
僦	14	9
僧	14	9
僨	14	9
僩	14	9
僪	14	9
僫	14	9
僬	14	9
僭	14	9
僮	14	9
僯	14	9
僰	14	9
僱	14	9
僲	14	9
僳	14	9
僴	14	9
僵	15	9
僶	15	9
僷	14	9
僸	15	9
價	15	9
僺	15	9
僻	15	9
僼	15	9
僽	15	9
僾	15	9
僿	15	9
儀	15	9
儁	14	9
儂	15	9
儃	15	9
億	15	9
儅	15	9
儆	14	9
儇	15	9
儈	15	9
儉	15	9
儊	15	9
儋	15	9
儌	15	9
儍	15	9
儎	15	9
儏	15	9
儐	16	9
儑	16	9
儒	16	9
儓	16	9
儔	16	9
儕	16	9
儖	16	9
儗	16	9
儘	16	9
儙	15	9
儚	15	9
儛	16	9
儜	16	9
儝	16	9
儞	16	9
償	17	9
儠	17	9
儡	17	9
儢	17	9
儣	16	9
儤	17	9
儥	17	9
儦	17	9
儧	17	9
儨	17	9
儩	17	9
優	17	9
儫	16	9
儬	17	9
儭	18	9
儮	18	9
儯	18	9
儰	17	9
儱	18	9
儲	17	9
儳	19	9
儴	19	9
儵	18	9
儶	20	9
儷	21	9
儸	21	9
儹	21	9
儺	21	9
儻	22	9
儼	21	9
儽	23	9
儾	24	9
儿	2	10
兀	3	10
允	4	10
兂	4	10
元	4	10
兄	5	10
充	6	10
兆	6	10
兇	6	10
先	6	10
光	6	10
兊	6	10
克	7	10
兌	7	10
免	7	10
兎	7	10
兏	7	10
児	7	10
兑	7	10
兒	8	10
兓	8	10
兔	8	10
兕	7	10
兖	8	10
兗	9	10
兘	9	10
兙	9	10
党	10	10
兛	10	10
兜	11	10
兝	11	10
兞	11	10
兟	12	10
兠	12	10
兡	13	10
兢	14	10
兣	16	10
兤	20	10
入	2	11
兦	3	11
內	4	11
全	6	11
兩	8	11
兪	9	11
八	2	12
公	4	12
六	4	12
兮	4	12
兯	4	12
兰	5	12
共	6	12
兲	6	12
关	6	12
兴	6	12
兵	7	12
其	8	12
具	8	12
典	8	12
兹	9	12
兺	10	12
养	9	12
兼	10	12
兽	11	12
兾	13	12
兿	13	12
冀	16	12
冁	18	12
冂	2	13
冃	4	13
冄	4	13
内	4	13
円	4	13
冇	4	13
冈	4	13
冉	5	13
冊	5	13
冋	5	13
册	5	13
再	6	13
冎	5	13
冏	7	13
冐	8	13
冑	9	13
冒	9	13
冓	10	13
冔	10	13
冕	11	13
冖	2	14
冗	4	14
冘	4	14
写	5	14
冚	5	14
军	6	14
农	6	14
冝	7	14
冞	8	14
冟	9	14
冠	9	14
冡	10	14
冢	10	14
冣	10	14
冤	10	14
冥	10	14
冦	10	14
冧	10	14
冨	11	14
冩	14	14
冪	15	14
冫	2	15
冬	5	15
冭	5	15
冮	5	15
冯	5	15
冰	6	15
冱	6	15
冲	6	15
决	6	15
冴	6	15
况	7	15
冶	7	15
冷	7	15
冸	7	15
冹	7	15
冺	7	15
冻	7	15
冼	8	15
冽	8	15
冾	8	15
冿	8	15
净	8	15
凁	9	15
凂	9	15
凃	9	15
凄	10	15
凅	10	15
准	10	15
凇	10	15
凈	10	15
凉	10	15
凊	10	15
凋	10	15
凌	10	15
凍	10	15
凎	10	15
减	11	15
凐	11	15
凑	11	15
凒	12	15
凓	12	15
凔	12	15
凕	12	15
凖	12	15
凗	13	15
凘	14	15
凙	15	15
凚	15	15
凛	15	15
凜	15	15
凝	16	15
凞	16	15
凟	17	15
几	2	16
凡	3	16
凢	3	16
凣	3	16
凤	4	16
凥	5	16
処	5	16
凧	5	16
凨	6	16
凩	6	16
凪	6	16
凫	6	16
凬	7	16
凭	8	16
凮	8	16
凯	8	16
凰	11	16
凱	12	16
凲	12	16
凳	14	16
凴	14	16
凵	2	17
凶	4	17
凷	5	17
凸	5	17
凹	5	17
出	5	17
击	5	17
凼	6	17
函	8	17
凾	9	17
凿	12	17
刀	2	18
刁	2	18
刂	2	18
刃	3	18
刄	3	18
刅	4	18
分	4	18
切	4	18
刈	4	18
刉	5	18
刊	5	18
刋	5	18
刌	5	18
刍	5	18
刎	6	18
刏	6	18
刐	6	18
刑	6	18
划	6	18
刓	6	18
刔	6	18
刕	6	18
刖	6	18
列	6	18
刘	6	18
则	6	18
刚	6	18
创	6	18
刜	7	18
初	7	18
刞	7	18
刟	7	18
删	7	18
刡	7	18
刢	7	18
刣	7	18
判	7	18
別	7	18
刦	7	18
刧	7	18
刨	7	18
利	7	18
刪	7	18
别	7	18
刬	7	18
刭	7	18
刮	8	18
刯	8	18
到	8	18
刱	8	18
刲	8	18
刳	8	18
刴	8	18
刵	8	18
制	8	18
刷	8	18
券	8	18
刹	8	18
刺	8	18
刻	8	18
刼	8	18
刽	8	18
刾	8	18
刿	8	18
剀	8	18
剁	8	18
剂	8	18
剃	9	18
剄	9	18
剅	9	18
剆	8	18
則	9	18
剈	9	18
剉	9	18
削	9	18
剋	9	18
剌	9	18
前	9	18
剎	9	18
剏	9	18
剐	9	18
剑	9	18
剒	10	18
剓	10	18
剔	10	18
剕	10	18
剖	10	18
剗	10	18
剘	10	18
剙	10	18
剚	10	18
剛	10	18
剜	10	18
剝	10	18
剞	10	18
剟	10	18
剠	10	18
剡	10	18
剢	10	18
剣	10	18
剤	10	18
剥	10	18
剦	10	18
剧	10	18
剨	11	18
剩	12	18
剪	11	18
剫	11	18
剬	11	18
剭	11	18
剮	10	18
副	11	18
剰	11	18
剱	11	18
割	12	18
剳	11	18
剴	12	18
創	12	18
剶	11	18
剷	13	18
剸	13	18
剹	13	18
剺	13	18
剻	13	18
剼	13	18
剽	13	18
剾	13	18
剿	13	18
劀	14	18
劁	14	18
劂	14	18
劃	14	18
劄	14	18
劅	15	18
劆	15	18
劇	15	18
劈	15	18
劉	15	18
劊	15	18
劋	15	18
劌	15	18
劍	15	18
劎	15	18
劏	15	18
劐	15	18
劑	16	18
劒	16	18
劓	16	18
劔	16	18
劕	17	18
劖	19	18
劗	21	18
劘	21	18
劙	23	18
劚	23	18
力	2	19
劜	3	19
劝	4	19
办	4	19
功	5	19
加	5	19
务	5	19
劢	5	19
劣	6	19
劤	6	19
劥	6	19
劦	6	19
劧	6	19
动	6	19
助	7	19
努	7	19
劫	7	19
劬	7	19
劭	7	19
劮	7	19
劯	7	19
劰	7	19
励	7	19
劲	7	19
劳	7	19
労	7	19
劵	8	19
劶	8	19
劷	8	19
劸	8	19
効	8	19
劺	8	19
劻	8	19
劼	8	19
劽	8	19
劾	8	19
势	8	19
勀	9	19
勁	9	19
勂	9	19
勃	9	19
勄	9	19
勅	9	19
勆	8	19
勇	9	19
勈	9	19
勉	9	19
勊	9	19
勋	9	19
勌	10	19
勍	10	19
勎	10	19
勏	10	19
勐	10	19
勑	10	19
勒	11	19
勓	11	19
勔	11	19
動	11	19
勖	11	19
勗	11	72
勘	11	19
務	10	19
勚	11	19
勛	12	19
勜	12	19
勝	12	19
勞	12	19
募	12	19
勠	13	19
勡	13	19
勢	13	19
勣	13	19
勤	13	19
勥	14	19
勦	13	19
勧	13	19
勨	13	19
勩	14	19
勪	14	19
勫	14	19
勬	14	19
勭	14	19
勮	15	19
勯	15	19
勰	15	19
勱	14	19
勲	15	19
勳	16	19
勴	17	19
勵	16	19
勶	17	19
勷	19	19
勸	19	19
勹	2	20
勺	3	20
勻	4	20
勼	4	20
勽	4	20
勾	4	20
勿	4	20
匀	4	20
匁	4	20
匂	4	20
匃	5	20
匄	5	20
包	5	20
匆	5	20
匇	5	20
匈	6	20
匉	7	20
匊	8	20
匋	8	20
匌	8	20
匍	9	20
匎	10	20
匏	11	20
匐	11	20
匑	12	20
匒	11	20
匓	11	20
匔	15	20
匕	2	21
化	4	21
北	5	21
匘	11	21
匙	11	21
匚	2	22
匛	5	22
匜	5	22
匝	5	22
匞	5	22
匟	6	22
匠	6	22
匡	6	22
匢	6	22
匣	7	22
匤	7	22
匥	7	22
匦	8	22
匧	9	22
匨	9	22
匩	9	22
匪	10	22
匫	10	22
匬	11	22
匭	11	22
匮	11	22
匯	13	22
匰	14	22
匱	14	22
匲	14	22
匳	15	22
匴	16	22
匵	17	22
匶	19	22
匷	20	22
匸	2	23
匹	4	23
区	4	23
医	7	23
匼	8	23
匽	9	23
匾	11	23
匿	10	23
區	11	23
十	2	24
卂	3	24
千	3	24
卄	3	1
卅	4	24
卆	4	24
升	4	24
午	4	24
卉	5	24
半	5	24
卋	6	24
卌	5	24
卍	4	24
华	6	24
协	6	24
卐	4	24
卑	8	24
卒	8	24
卓	8	24
協	8	24
单	8	24
卖	8	24
南	9	24
単	9	24
卙	11	24
博	12	24
卛	21	24
卜	2	25
卝	4	25
卞	4	25
卟	5	25
占	5	25
卡	5	25
卢	5	25
卣	7	25
卤	7	25
卥	8	25
卦	8	25
卧	8	25
卨	10	25
卩	2	26
卪	3	26
卫	3	26
卬	4	26
卭	5	26
卮	5	26
卯	5	26
印	5	26
危	6	26
卲	7	26
即	7	26
却	7	26
卵	7	26
卶	8	26
卷	8	26
卸	9	26
卹	8	26
卺	8	26
卻	9	26
卼	9	26
卽	9	26
卾	11	26
卿	10	26
厀	13	26
厁	13	26
厂	2	27
厃	4	27
厄	4	27
厅	4	27
历	4	27
厇	5	27
厈	5	27
厉	5	27
厊	6	27
压	6	27
厌	6	27
厍	6	27
厎	7	27
厏	7	27
厐	7	27
厑	7	27
厒	8	27
厓	8	27
厔	8	27
厕	8	27
厖	9	27
厗	9	27
厘	9	27
厙	9	27
厚	9	27
厛	9	27
厜	10	27
厝	10	27
厞	10	27
原	10	27
厠	11	27
厡	11	27
厢	11	27
厣	11	27
厤	12	27
厥	12	27
厦	12	27
厧	12	27
厨	12	27
厩	11	27
厪	13	27
厫	12	27
厬	14	27
厭	14	27
厮	14	27
厯	13	27
厰	14	27
厱	15	27
厲	14	27
厳	16	27
厴	19	27
厵	30	27
厶	2	28
厷	4	28
厸	4	28
厹	4	28
厺	5	28
去	5	28
厼	5	28
厽	6	28
厾	6	28
县	7	28
叀	8	28
叁	8	28
参	8	28
參	11	28
叄	11	28
叅	12	28
叆	14	28
叇	15	28
又	2	29
叉	3	29
及	3	29
友	4	29
双	4	29
反	4	29
収	4	29
叏	5	29
叐	5	29
发	5	29
叒	6	29
叓	7	29
叔	8	29
叕	8	29
取	8	29
受	8	29
变	8	29
叙	9	29
叚	9	29
叛	9	29
叜	9	29
叝	9	29
叞	10	29
叟	9	29
叠	13	29
叡	16	29
叢	18	29
口	3	30
古	5	30
句	5	30
另	5	30
叧	5	30
叨	5	30
叩	5	30
只	5	30
叫	5	30
召	5	30
叭	5	30
叮	5	30
可	5	30
台	5	30
叱	5	30
史	5	30
右	5	30
叴	5	30
叵	5	30
叶	5	30
号	5	30
司	5	30
叹	5	30
叺	5	30
叻	5	30
叼	5	30
叽	5	30
叾	5	30
叿	6	30
吀	6	30
吁	6	30
吂	6	30
吃	6	30
各	6	30
吅	6	30
吆	6	30
吇	6	30
合	6	30
吉	6	30
吊	6	30
吋	6	30
同	6	30
名	6	30
后	6	30
吏	6	30
吐	6	30
向	6	30
吒	6	30
吓	6	30
吔	6	30
吕	6	30
吖	6	30
吗	6	30
吘	7	30
吙	7	30
吚	7	30
君	7	30
吜	7	30
吝	7	30
吞	7	30
吟	7	30
吠	7	30
吡	7	30
吢	7	30
吣	7	30
吤	7	30
吥	7	30
否	7	30
吧	7	30
吨	7	30
吩	7	30
吪	7	30
含	7	30
听	7	30
吭	7	30
吮	7	30
启	7	30
吰	7	30
吱	7	30
吲	7	30
吳	7	30
吴	7	30
吵	7	30
吶	7	30
吷	7	30
吸	6	30
吹	7	30
吺	7	30
吻	7	30
吼	7	30
吽	7	30
吾	7	30
吿	7	30
呀	7	30
呁	7	30
呂	7	30
呃	7	30
呄	7	30
呅	7	30
呆	7	30
呇	7	30
呈	7	30
呉	7	30
告	7	30
呋	7	30
呌	7	30
呍	7	30
呎	7	30
呏	7	30
呐	7	30
呑	7	30
呒	7	30
呓	7	30
呔	7	30
呕	7	30
呖	7	30
呗	7	30
员	7	30
呙	7	30
呚	7	30
呛	7	30
呜	7	30
呝	8	30
呞	8	30
呟	8	30
呠	8	30
呡	8	30
呢	8	30
呣	8	30
呤	8	30
呥	8	30
呦	8	30
呧	8	30
周	8	30
呩	8	30
呪	8	30
呫	8	30
呬	8	30
呭	8	30
呮	8	30
呯	8	30
呰	9	30
呱	8	30
呲	9	30
味	8	30
呴	8	30
呵	8	30
呶	8	30
呷	8	30
呸	8	30
呹	8	30
呺	8	30
呻	8	30
呼	8	30
命	8	30
呾	8	30
呿	8	30
咀	8	30
咁	8	30
咂	8	30
咃	8	30
咄	8	30
咅	8	30
咆	8	30
咇	8	30
咈	8	30
咉	8	30
咊	8	30
咋	8	30
和	8	30
咍	8	30
咎	8	30
咏	8	30
咐	8	30
咑	8	30
咒	8	30
咓	7	30
咔	8	30
咕	8	30
咖	8	30
咗	8	30
咘	8	30
咙	8	30
咚	8	30
咛	8	30
咜	8	30
咝	8	30
咞	7	30
咟	9	30
咠	9	30
咡	9	30
咢	9	30
咣	9	30
咤	9	30
咥	9	30
咦	9	30
咧	9	30
咨	9	30
咩	9	30
咪	9	30
咫	9	30
咬	9	30
咭	9	30
咮	9	30
咯	9	30
咰	9	30
咱	9	30
咲	9	30
咳	9	30
咴	9	30
咵	9	30
咶	9	30
咷	9	30
咸	9	30
咹	9	30
咺	9	30
咻	9	30
咼	8	30
咽	9	30
咾	9	30
咿	9	30
哀	9	30
品	9	30
哂	9	30
哃	9	30
哄	9	30
哅	9	30
哆	9	30
哇	9	30
哈	9	30
哉	9	30
哊	9	30
哋	9	30
哌	9	30
响	9	30
哎	8	30
哏	9	30
哐	9	30
哑	9	30
哒	9	30
哓	9	30
哔	9	30
哕	9	30
哖	9	30
哗	9	30
哘	9	30
哙	9	30
哚	9	30
哛	9	30
哜	9	30
哝	9	30
哞	9	30
哟	9	30
哠	10	30
員	10	30
哢	10	30
哣	10	30
哤	10	30
哥	10	30
哦	10	30
哧	10	30
哨	10	30
哩	10	30
哪	9	30
哫	10	30
哬	10	30
哭	10	30
哮	10	30
哯	10	30
哰	10	30
哱	10	30
哲	10	30
哳	10	30
哴	10	30
哵	10	30
哶	10	30
哷	10	30
哸	10	30
哹	10	30
哺	10	30
哻	10	30
哼	10	30
哽	10	30
哾	10	30
哿	10	30
唀	10	30
唁	10	30
唂	10	30
唃	10	30
唄	10	30
唅	10	30
唆	10	30
唇	10	30
唈	10	30
唉	10	30
唊	10	30
唋	10	30
唌	9	30
唍	10	30
唎	10	30
唏	10	30
唐	10	30
唑	10	30
唒	10	30
唓	10	30
唔	10	30
唕	10	30
唖	10	30
唗	10	30
唘	10	30
唙	10	30
唚	10	30
唛	10	30
唜	10	30
唝	10	30
唞	10	30
唟	10	30
唠	10	30
唡	10	30
唢	10	30
唣	10	30
唤	10	30
唥	10	30
唦	10	30
唧	10	30
唨	10	30
唩	11	30
唪	11	30
唫	11	30
唬	11	30
唭	11	30
售	11	30
唯	11	30
唰	11	30
唱	11	30
唲	11	30
唳	11	30
唴	10	30
唵	11	30
唶	11	30
唷	11	30
唸	11	30
唹	11	30
唺	11	30
唻	11	30
唼	11	30
唽	11	30
唾	11	30
唿	11	30
啀	11	30
啁	11	30
啂	11	30
啃	11	30
啄	11	30
啅	11	30
商	11	30
啇	11	30
啈	11	30
啉	11	30
啊	10	30
啋	11	30
啌	11	30
啍	11	30
啎	11	30
問	11	30
啐	11	30
啑	11	30
啒	11	30
啓	11	30
啔	11	30
啕	11	30
啖	11	30
啗	11	30
啘	11	30
啙	12	30
啚	11	30
啛	11	30
啜	11	30
啝	11	30
啞	11	30
啟	11	66
啠	11	30
啡	11	30
啢	11	30
啣	12	30
啤	11	30
啥	11	30
啦	11	30
啧	11	30
啨	11	30
啩	11	30
啪	11	30
啫	11	30
啬	11	30
啭	11	30
啮	11	30
啯	11	30
啰	11	30
啱	11	30
啲	11	30
啳	11	30
啴	11	30
啵	11	30
啶	11	30
啷	11	30
啸	11	30
啹	11	30
啺	12	30
啻	12	30
啼	12	30
啽	12	30
啾	12	30
啿	12	30
喀	12	30
喁	12	30
喂	12	30
喃	12	30
善	12	30
喅	12	30
喆	12	30
喇	12	30
喈	12	30
喉	12	30
喊	12	30
喋	12	30
喌	12	30
喍	13	30
喎	11	30
喏	11	30
喐	11	30
喑	12	30
喒	12	30
喓	12	30
喔	12	30
喕	12	30
喖	12	30
喗	12	30
喘	12	30
喙	12	30
喚	12	30
喛	12	30
喜	12	30
喝	12	30
喞	12	30
喟	12	30
喠	12	30
喡	12	30
喢	12	30
喣	12	30
喤	12	30
喥	12	30
喦	12	30
喧	12	30
喨	12	30
喩	12	30
喪	12	30
喫	12	30
喬	12	30
喭	12	30
單	12	30
喯	11	30
喰	12	30
喱	12	30
喲	12	30
喳	12	30
喴	12	30
喵	11	30
営	11	30
喷	12	30
喸	12	30
喹	12	30
喺	12	30
喻	12	30
喼	12	30
喽	12	30
喾	12	30
喿	13	30
嗀	13	30
嗁	13	30
嗂	13	30
嗃	13	30
嗄	13	30
嗅	13	30
嗆	13	30
嗇	13	30
嗈	13	30
嗉	13	30
嗊	13	30
嗋	13	30
嗌	13	30
嗍	13	30
嗎	13	30
嗏	12	30
嗐	13	30
嗑	13	30
嗒	12	30
嗓	13	30
嗔	13	30
嗕	13	30
嗖	12	30
嗗	12	30
嗘	13	30
嗙	13	30
嗚	13	30
嗛	13	30
嗜	13	30
嗝	13	30
嗞	12	30
嗟	12	30
嗠	13	30
嗡	13	30
嗢	12	30
嗣	13	30
嗤	13	30
嗥	13	30
嗦	13	30
嗧	13	30
嗨	13	30
嗩	13	30
嗪	13	30
嗫	13	30
嗬	13	30
嗭	13	30
嗮	13	30
嗯	13	30
嗰	13	30
嗱	13	30
嗲	13	30
嗳	13	30
嗴	12	30
嗵	13	30
嗶	13	30
嗷	13	30
嗸	13	30
嗹	13	30
嗺	14	30
嗻	14	30
嗼	13	30
嗽	14	30
嗾	14	30
嗿	14	30
嘀	14	30
嘁	14	30
嘂	14	30
嘃	14	30
嘄	14	30
嘅	12	30
嘆	14	30
嘇	14	30
嘈	14	30
嘉	14	30
嘊	14	30
嘋	14	30
嘌	14	30
嘍	14	30
嘎	14	30
嘏	14	30
嘐	14	30
嘑	14	30
嘒	14	30
嘓	14	30
嘔	14	30
嘕	14	30
嘖	14	30
嘗	14	30
嘘	14	30
嘙	14	30
嘚	14	30
嘛	14	30
嘜	14	30
嘝	14	30
嘞	14	30
嘟	13	30
嘠	15	30
嘡	14	30
嘢	14	30
嘣	14	30
嘤	14	30
嘥	14	30
嘦	14	30
嘧	14	30
嘨	14	30
嘩	13	30
嘪	15	30
嘫	15	30
嘬	15	30
嘭	15	30
嘮	15	30
嘯	16	30
嘰	15	30
嘱	15	30
嘲	15	30
嘳	15	30
嘴	16	30
嘵	15	30
嘶	15	30
嘷	15	30
嘸	15	30
嘹	15	30
嘺	15	30
嘻	15	30
嘼	15	30
嘽	15	30
嘾	15	30
嘿	15	30
噀	15	30
噁	15	30
噂	15	30
噃	15	30
噄	15	30
噅	15	30
噆	15	30
噇	15	30
噈	15	30
噉	14	30
噊	15	30
噋	15	30
噌	15	30
噍	15	30
噎	15	30
噏	15	30
噐	15	30
噑	14	30
噒	15	30
噓	15	30
噔	15	30
噕	15	87
噖	15	30
噗	15	30
噘	15	30
噙	15	30
噚	15	30
噛	15	30
噜	15	30
噝	15	30
噞	16	30
噟	16	30
噠	15	30
噡	16	30
噢	15	30
噣	16	30
噤	16	30
噥	16	30
噦	16	30
噧	15	30
器	16	30
噩	16	30
噪	16	30
噫	16	30
噬	16	30
噭	16	30
噮	16	30
噯	16	30
噰	16	30
噱	16	30
噲	16	30
噳	16	30
噴	15	30
噵	15	30
噶	15	30
噷	16	30
噸	16	30
噹	16	30
噺	16	30
噻	16	30
噼	16	30
噽	17	30
噾	17	30
噿	17	30
嚀	17	30
嚁	17	30
嚂	17	30
嚃	16	30
嚄	16	30
嚅	17	30
嚆	16	30
嚇	17	30
嚈	17	30
嚉	17	30
嚊	17	30
嚋	17	30
嚌	17	30
嚍	17	30
嚎	17	30
嚏	17	30
嚐	17	30
嚑	17	30
嚒	17	30
嚓	17	30
嚔	18	30
嚕	18	30
嚖	18	30
嚗	18	30
嚘	18	30
嚙	18	30
嚚	18	30
嚛	18	30
嚜	18	30
嚝	17	30
嚞	18	30
嚟	18	30
嚠	18	30
嚡	18	30
嚢	18	30
嚣	18	30
嚤	18	30
嚥	19	30
嚦	19	30
嚧	19	30
嚨	19	30
嚩	19	30
嚪	19	30
嚫	19	30
嚬	19	30
嚭	19	30
嚮	17	30
嚯	19	30
嚰	19	30
嚱	20	30
嚲	20	30
嚳	20	30
嚴	19	30
嚵	20	30
嚶	20	30
嚷	20	30
嚸	20	30
嚹	20	30
嚺	20	30
嚻	21	30
嚼	20	30
嚽	20	30
嚾	20	30
嚿	20	30
囀	21	30
囁	21	30
囂	21	30
囃	21	30
囄	21	30
囅	22	30
囆	21	30
囇	22	30
囈	21	30
囉	22	30
囊	22	30
囋	22	30
囌	22	30
囍	21	30
囎	22	30
囏	23	30
囐	23	30
囑	24	30
囒	23	30
囓	24	30
囔	25	30
囕	25	30
囖	28	30
囗	3	31
囘	5	13
囙	5	31
囚	5	31
四	5	31
囜	5	31
囝	6	31
回	6	31
囟	6	31
因	6	31
囡	6	31
团	6	31
団	6	31
囤	7	31
囥	7	31
囦	7	31
囧	7	31
囨	7	31
囩	7	31
囪	7	31
囫	7	31
囬	7	31
园	7	31
囮	7	31
囯	7	31
困	7	31
囱	7	31
囲	7	31
図	7	31
围	7	31
囵	7	31
囶	8	31
囷	8	31
囸	8	31
囹	8	31
固	8	31
囻	8	31
囼	8	31
国	8	31
图	8	31
囿	9	31
圀	9	31
圁	10	31
圂	10	31
圃	10	31
圄	10	31
圅	10	31
圆	10	31
圇	11	31
圈	11	31
圉	11	31
圊	11	31
國	11	31
圌	12	31
圍	12	31
圎	12	31
圏	12	31
圐	12	31
圑	13	31
園	13	31
圓	13	31
圔	13	31
圕	13	31
圖	14	31
圗	14	31
團	14	31
圙	14	31
圚	15	31
圛	16	31
圜	16	31
圝	22	31
圞	26	31
土	3	32
圠	4	32
圡	4	32
圢	5	32
圣	5	32
圤	5	32
圥	5	32
圦	5	32
圧	5	32
在	6	32
圩	6	32
圪	6	32
圫	6	32
圬	6	32
圭	6	32
圮	6	32
圯	6	32
地	6	32
圱	6	32
圲	6	32
圳	6	32
圴	6	32
圵	6	32
圶	6	32
圷	6	32
圸	6	32
圹	6	32
场	6	32
圻	7	32
圼	7	32
圽	7	32
圾	6	32
圿	7	32
址	7	32
坁	7	32
坂	7	32
坃	7	32
坄	7	32
坅	7	32
坆	7	32
均	7	32
坈	7	32
坉	7	32
坊	7	32
坋	7	32
坌	7	32
坍	7	32
坎	7	32
坏	7	32
坐	7	32
坑	7	32
坒	7	32
坓	7	32
坔	7	32
坕	7	32
坖	7	32
块	7	32
坘	7	32
坙	7	32
坚	7	32
坛	7	32
坜	7	32
坝	7	32
坞	7	32
坟	7	32
坠	7	32
坡	8	32
坢	8	32
坣	8	32
坤	8	32
坥	8	32
坦	8	32
坧	8	32
坨	8	32
坩	8	32
坪	8	32
坫	8	32
坬	8	32
坭	8	32
坮	8	32
坯	8	32
坰	8	32
坱	8	32
坲	8	32
坳	8	32
坴	8	32
坵	8	32
坶	8	32
坷	8	32
坸	8	32
坹	8	32
坺	8	32
坻	8	32
坼	8	32
坽	8	32
坾	8	32
坿	8	32
垀	8	32
垁	8	32
垂	8	32
垃	8	32
垄	8	32
垅	8	32
垆	8	32
垇	8	32
垈	8	32
垉	8	32
垊	8	32
型	9	32
垌	9	32
垍	9	32
垎	9	32
垏	9	32
垐	9	32
垑	9	32
垒	9	32
垓	9	32
垔	9	32
垕	9	32
垖	9	32
垗	9	32
垘	9	32
垙	9	32
垚	9	32
垛	9	32
垜	9	32
垝	9	32
垞	9	32
垟	9	32
垠	9	32
垡	9	32
垢	9	32
垣	9	32
垤	9	32
垥	9	32
垦	9	32
垧	9	32
垨	9	32
垩	9	32
垪	9	32
垫	9	32
垬	9	32
垭	9	32
垮	9	32
垯	9	32
垰	9	32
垱	9	32
垲	9	32
垳	9	32
垴	9	32
垵	9	32
垶	10	32
垷	10	32
垸	10	32
垹	9	32
垺	10	32
垻	10	32
垼	10	32
垽	10	32
垾	10	32
垿	10	32
埀	10	32
埁	10	32
埂	10	32
埃	10	32
埄	10	32
埅	9	32
埆	10	32
埇	10	32
埈	10	32
埉	10	32
埊	10	32
埋	10	32
埌	10	32
埍	10	32
城	9	32
埏	9	32
埐	10	32
埑	10	32
埒	10	32
埓	10	32
埔	10	32
埕	10	32
埖	10	32
埗	10	32
埘	10	32
埙	10	32
埚	10	32
埛	10	32
埜	11	32
埝	11	32
埞	11	32
域	11	32
埠	11	32
埡	11	32
埢	11	32
埣	11	32
埤	11	32
埥	11	32
埦	11	32
埧	11	32
埨	11	32
埩	9	32
埪	11	32
埫	11	32
埬	11	32
埭	11	32
埮	11	32
埯	11	32
埰	11	32
埱	11	32
埲	11	32
埳	11	32
埴	11	32
埵	11	32
埶	11	32
執	11	32
埸	11	32
培	11	32
基	11	32
埻	11	32
埼	11	32
埽	11	32
埾	11	32
埿	11	32
堀	11	32
堁	11	32
堂	11	32
堃	11	32
堄	11	32
堅	11	32
堆	11	32
堇	11	32
堈	11	32
堉	11	32
堊	11	32
堋	11	32
堌	11	32
堍	11	32
堎	11	32
堏	11	32
堐	11	32
堑	11	32
堒	11	32
堓	11	32
堔	11	32
堕	11	32
堖	12	32
堗	12	32
堘	12	32
堙	12	32
堚	12	32
堛	12	32
堜	12	32
堝	11	32
堞	12	32
堟	12	32
堠	12	32
堡	12	32
堢	12	32
堣	12	32
堤	12	32
堥	12	32
堦	12	32
堧	12	32
堨	12	32
堩	12	32
堪	12	32
堫	12	32
堬	12	32
堭	12	32
堮	12	32
堯	12	32
堰	12	32
報	12	32
堲	10	32
堳	12	32
場	12	32
堵	11	32
堶	12	32
堷	12	32
堸	12	32
堹	12	32
堺	12	32
堻	12	32
堼	12	32
堽	13	32
堾	12	32
堿	12	32
塀	12	32
塁	12	32
塂	12	32
塃	12	32
塄	12	32
塅	12	32
塆	12	32
塇	12	32
塈	12	32
塉	13	32
塊	12	32
塋	13	32
塌	13	32
塍	13	32
塎	13	32
塏	13	32
塐	13	32
塑	13	32
塒	13	32
塓	13	32
塔	12	32
塕	13	32
塖	13	32
塗	13	32
塘	13	32
塙	13	32
塚	13	32
塛	13	32
塜	13	32
塝	13	32
塞	13	32
塟	12	32
塠	12	32
塡	13	32
塢	13	32
塣	13	32
塤	13	32
塥	13	32
塦	12	32
塧	13	32
塨	13	32
塩	13	32
塪	13	32
填	13	32
塬	13	32
塭	12	32
塮	13	32
塯	13	32
塰	13	32
塱	13	32
塲	14	32
塳	13	32
塴	14	32
塵	14	32
塶	14	32
塷	14	32
塸	14	32
塹	14	32
塺	14	32
塻	13	32
塼	14	32
塽	14	32
塾	14	32
塿	14	32
墀	15	32
墁	14	32
墂	14	32
境	14	32
墄	14	32
墅	14	32
墆	14	32
墇	14	32
墈	14	32
墉	14	32
墊	14	32
墋	14	32
墌	14	32
墍	14	32
墎	13	32
墏	14	32
墐	14	32
墑	14	32
墒	14	32
墓	13	32
墔	14	32
墕	14	32
墖	14	32
増	14	32
墘	14	32
墙	14	32
墚	14	32
墛	14	32
墜	14	32
墝	15	32
增	15	32
墟	14	32
墠	15	32
墡	15	32
墢	15	32
墣	15	32
墤	15	32
墥	15	32
墦	15	32
墧	15	32
墨	15	203
墩	15	32
墪	15	32
墫	15	32
墬	14	32
墭	14	32
墮	14	32
墯	15	32
墰	15	32
墱	15	32
墲	15	32
墳	15	32
墴	14	32
墵	15	32
墶	15	32
墷	13	32
墸	14	32
墹	15	32
墺	15	32
墻	16	32
墼	16	32
墽	16	32
墾	16	32
墿	16	32
壀	16	32
壁	16	32
壂	16	32
壃	16	32
壄	16	32
壅	16	32
壆	16	32
壇	16	32
壈	16	32
壉	16	32
壊	16	32
壋	16	32
壌	16	32
壍	17	32
壎	17	32
壏	17	32
壐	17	32
壑	17	32
壒	16	32
壓	17	32
壔	17	32
壕	17	32
壖	17	32
壗	17	32
壘	18	32
壙	17	32
壚	19	32
壛	19	32
壜	19	32
壝	18	32
壞	19	32
壟	19	32
壠	19	32
壡	19	29
壢	19	32
壣	20	32
壤	20	32
壥	20	32
壦	20	32
壧	22	32
壨	23	32
壩	24	32
壪	25	32
士	3	33
壬	4	33
壭	5	33
壮	6	33
壯	7	33
声	7	33
壱	7	33
売	7	33
壳	7	33
壴	9	33
壵	9	33
壶	10	33
壷	11	33
壸	11	33
壹	12	33
壺	12	33
壻	12	33
壼	13	33
壽	14	33
壾	13	33
壿	15	33
夀	14	33
夁	16	33
夂	3	34
夃	4	34
处	5	34
夅	6	34
夆	7	34
备	8	34
夈	9	34
変	9	35
夊	3	35
夋	7	35
夌	8	35
复	9	35
夎	10	35
夏	10	35
夐	14	35
夑	18	35
夒	19	35
夓	19	35
夔	21	35
夕	3	36
外	5	36
夗	5	36
夘	5	36
夙	6	36
多	6	36
夛	6	36
夜	8	36
夝	8	36
夞	10	36
够	11	36
夠	11	36
夡	12	36
夢	13	36
夣	14	36
夤	14	36
夥	14	36
夦	15	36
大	3	37
夨	3	37
天	4	37
太	4	37
夫	4	37
夬	4	37
夭	4	37
央	5	37
夯	5	37
夰	5	37
失	5	37
夲	5	37
夳	5	37
头	5	37
夵	6	37
夶	6	37
夷	6	37
夸	6	37
夹	6	37
夺	6	37
夻	6	37
夼	6	37
夽	7	37
夾	7	37
夿	7	37
奀	7	37
奁	7	37
奂	7	37
奃	8	37
奄	8	37
奅	8	37
奆	7	37
奇	8	37
奈	8	37
奉	8	37
奊	9	37
奋	8	37
奌	8	37
奍	8	37
奎	9	37
奏	9	37
奐	9	37
契	9	37
奒	9	37
奓	9	37
奔	8	37
奕	9	37
奖	9	37
套	10	37
奘	10	37
奙	10	37
奚	10	37
奛	11	37
奜	11	37
奝	11	37
奞	11	37
奟	11	37
奠	12	37
奡	12	37
奢	11	37
奣	12	37
奤	12	37
奥	12	37
奦	13	37
奧	13	37
奨	13	37
奩	14	37
奪	14	37
奫	15	37
奬	14	37
奭	15	37
奮	16	37
奯	16	37
奰	18	37
奱	22	37
奲	23	37
女	3	38
奴	5	38
奵	5	38
奶	5	38
奷	6	38
奸	6	38
她	6	38
奺	6	38
奻	6	38
奼	6	38
好	6	38
奾	6	38
奿	6	38
妀	6	38
妁	6	38
如	6	38
妃	6	38
妄	6	38
妅	6	38
妆	6	38
妇	6	38
妈	6	38
妉	7	38
妊	7	38
妋	7	38
妌	7	38
妍	7	38
妎	7	38
妏	7	38
妐	7	38
妑	7	38
妒	7	38
妓	7	38
妔	7	38
妕	7	38
妖	7	38
妗	7	38
妘	7	38
妙	7	38
妚	7	38
妛	7	38
妜	7	38
妝	7	38
妞	7	38
妟	7	38
妠	7	38
妡	7	38
妢	7	38
妣	7	38
妤	7	38
妥	7	38
妦	7	38
妧	7	38
妨	7	38
妩	7	38
妪	7	38
妫	7	38
妬	8	38
妭	8	38
妮	8	38
妯	8	38
妰	8	38
妱	8	38
妲	8	38
妳	8	38
妴	8	38
妵	8	38
妶	8	38
妷	8	38
妸	8	38
妹	8	38
妺	8	38
妻	8	38
妼	8	38
妽	8	38
妾	8	38
妿	8	38
姀	8	38
姁	8	38
姂	7	38
姃	8	38
姄	8	38
姅	8	38
姆	8	38
姇	8	38
姈	8	38
姉	7	38
姊	7	38
始	8	38
姌	8	38
姍	8	38
姎	8	38
姏	8	38
姐	8	38
姑	8	38
姒	7	38
姓	8	38
委	8	38
姕	9	38
姖	7	38
姗	8	38
姘	9	38
姙	9	38
姚	9	38
姛	9	38
姜	9	38
姝	9	38
姞	9	38
姟	9	38
姠	9	38
姡	9	38
姢	9	38
姣	9	38
姤	9	38
姥	9	38
姦	9	38
姧	9	38
姨	9	38
姩	9	38
姪	9	38
姫	9	38
姬	10	38
姭	9	38
姮	9	38
姯	9	38
姰	9	38
姱	9	38
姲	9	38
姳	9	38
姴	9	38
姵	9	38
姶	9	38
姷	9	38
姸	9	38
姹	9	38
姺	9	38
姻	9	38
姼	9	38
姽	9	38
姾	9	38
姿	9	38
娀	9	38
威	9	38
娂	9	38
娃	9	38
娄	9	119
娅	9	38
娆	9	38
娇	9	38
娈	9	38
娉	10	38
娊	10	38
娋	10	38
娌	10	38
娍	9	38
娎	10	38
娏	10	38
娐	10	38
娑	10	38
娒	10	38
娓	10	38
娔	10	38
娕	10	38
娖	10	38
娗	9	38
娘	10	38
娙	10	38
娚	10	38
娛	10	38
娜	9	38
娝	10	38
娞	10	38
娟	10	38
娠	10	38
娡	10	38
娢	10	38
娣	10	38
娤	10	38
娥	10	38
娦	10	38
娧	10	38
娨	10	38
娩	10	38
娪	10	38
娫	9	38
娬	11	38
娭	10	38
娮	10	38
娯	10	38
娰	9	38
娱	10	38
娲	10	38
娳	10	38
娴	10	38
娵	11	38
娶	11	38
娷	11	38
娸	11	38
娹	11	38
娺	11	38
娻	11	38
娼	11	38
娽	11	38
娾	11	38
娿	10	38
婀	10	38
婁	11	38
婂	11	38
婃	11	38
婄	11	38
婅	11	38
婆	11	38
婇	11	38
婈	11	38
婉	11	38
婊	11	38
婋	11	38
婌	11	38
婍	11	38
婎	11	38
婏	11	38
婐	11	38
婑	11	38
婒	11	38
婓	11	38
婔	11	38
婕	11	38
婖	11	38
婗	11	38
婘	11	38
婙	9	38
婚	11	38
婛	11	38
婜	11	38
婝	11	38
婞	11	38
婟	11	38
婠	11	38
婡	11	38
婢	11	38
婣	12	38
婤	11	38
婥	11	38
婦	11	38
婧	11	38
婨	11	38
婩	11	38
婪	11	38
婫	11	38
婬	11	38
婭	11	38
婮	11	38
婯	11	38
婰	11	38
婱	11	38
婲	10	38
婳	11	38
婴	11	38
婵	11	38
婶	11	38
婷	12	38
婸	12	38
婹	12	38
婺	12	38
婻	12	38
婼	11	38
婽	12	38
婾	12	38
婿	12	38
媀	12	38
媁	12	38
媂	12	38
媃	12	38
媄	12	38
媅	12	38
媆	12	38
媇	12	38
媈	12	38
媉	12	38
媊	12	38
媋	12	38
媌	11	38
媍	12	38
媎	11	38
媏	12	38
媐	13	38
媑	12	38
媒	12	38
媓	12	38
媔	12	38
媕	12	38
媖	11	38
媗	12	38
媘	12	38
媙	12	38
媚	12	38
媛	12	38
媜	12	38
媝	12	38
媞	12	38
媟	12	38
媠	12	38
媡	12	38
媢	12	38
媣	12	38
媤	12	38
媥	12	38
媦	12	38
媧	11	38
媨	12	38
媩	12	38
媪	12	38
媫	12	38
媬	12	38
媭	12	38
媮	12	38
媯	12	38
媰	13	38
媱	13	38
媲	13	38
媳	13	38
媴	13	38
媵	13	38
媶	12	38
媷	13	38
媸	13	38
媹	13	38
媺	13	38
媻	13	38
媼	13	38
媽	13	38
媾	13	38
媿	12	38
嫀	13	38
嫁	13	38
嫂	12	38
嫃	13	38
嫄	13	38
嫅	12	38
嫆	13	38
嫇	13	38
嫈	13	38
嫉	13	38
嫊	13	38
嫋	13	38
嫌	13	38
嫍	13	38
嫎	13	38
嫏	11	38
嫐	13	38
嫑	13	38
嫒	13	38
嫓	13	38
嫔	13	38
嫕	14	38
嫖	14	38
嫗	14	38
嫘	14	38
嫙	14	38
嫚	14	38
嫛	14	38
嫜	14	38
嫝	14	38
嫞	14	38
嫟	13	38
嫠	14	38
嫡	14	38
嫢	14	38
嫣	14	38
嫤	14	38
嫥	14	38
嫦	14	38
嫧	14	38
嫨	14	38
嫩	14	38
嫪	14	38
嫫	13	38
嫬	14	38
嫭	14	38
嫮	14	38
嫯	13	38
嫰	14	38
嫱	14	38
嫲	14	38
嫳	14	38
嫴	15	38
嫵	15	38
嫶	15	38
嫷	14	38
嫸	15	38
嫹	14	38
嫺	15	38
嫻	15	38
嫼	15	38
嫽	15	38
嫾	15	38
嫿	15	38
嬀	15	38
嬁	15	38
嬂	15	38
嬃	15	38
嬄	15	38
嬅	13	38
嬆	15	38
嬇	15	38
嬈	15	38
嬉	15	38
嬊	15	38
嬋	15	38
嬌	15	38
嬍	15	38
嬎	15	38
嬏	15	38
嬐	16	38
嬑	16	38
嬒	16	38
嬓	16	38
嬔	16	38
嬕	16	38
嬖	16	38
嬗	16	38
嬘	15	38
嬙	16	38
嬚	16	38
嬛	16	38
嬜	16	38
嬝	16	38
嬞	15	38
嬟	16	38
嬠	16	38
嬡	16	38
嬢	16	38
嬣	17	38
嬤	17	38
嬥	17	38
嬦	17	38
嬧	17	38
嬨	16	38
嬩	16	38
嬪	17	38
嬫	17	38
嬬	17	38
嬭	17	38
嬮	17	38
嬯	17	38
嬰	17	38
嬱	17	38
嬲	17	38
嬳	16	38
嬴	16	38
嬵	17	38
嬶	17	38
嬷	17	38
嬸	18	38
嬹	19	38
嬺	17	38
嬻	18	38
嬼	18	38
嬽	19	38
嬾	19	38
嬿	19	38
孀	20	38
孁	20	38
孂	20	38
孃	20	38
孄	20	38
孅	20	38
孆	20	38
孇	21	38
孈	21	38
孉	20	38
孊	22	38
孋	22	38
孌	22	38
孍	22	38
孎	24	38
孏	23	38
子	3	39
孑	3	39
孒	3	39
孓	3	39
孔	4	39
孕	5	39
孖	6	39
字	6	39
存	6	39
孙	6	39
孚	7	39
孛	7	39
孜	7	39
孝	7	39
孞	7	39
孟	8	39
孠	8	39
孡	8	39
孢	8	39
季	8	39
孤	8	39
孥	8	39
学	8	39
孧	8	39
孨	9	39
孩	9	39
孪	9	39
孫	10	39
孬	10	39
孭	10	39
孮	11	39
孯	11	39
孰	11	39
孱	12	39
孲	11	39
孳	12	39
孴	13	39
孵	14	39
孶	13	39
孷	14	39
學	16	39
孹	16	39
孺	17	39
孻	17	39
孼	19	39
孽	19	39
孾	20	39
孿	22	39
宀	3	40
宁	5	40
宂	5	40
它	5	40
宄	5	40
宅	6	40
宆	6	40
宇	6	40
守	6	40
安	6	40
宊	7	40
宋	7	40
完	7	40
宍	7	40
宎	7	40
宏	7	40
宐	7	40
宑	7	40
宒	7	40
宓	8	40
宔	8	40
宕	8	40
宖	8	40
宗	8	40
官	8	40
宙	8	40
定	8	40
宛	8	40
宜	8	40
宝	8	40
实	8	40
実	8	40
宠	8	40
审	8	40
客	9	40
宣	9	40
室	9	40
宥	9	40
宦	9	40
宧	10	40
宨	9	40
宩	9	40
宪	9	40
宫	9	40
宬	9	40
宭	10	40
宮	10	40
宯	10	40
宰	10	40
宱	10	40
宲	10	40
害	10	40
宴	10	40
宵	10	40
家	10	40
宷	10	40
宸	10	40
容	10	40
宺	10	40
宻	10	40
宼	10	40
宽	10	40
宾	10	40
宿	11	40
寀	11	40
寁	11	40
寂	11	40
寃	11	40
寄	11	40
寅	11	40
密	11	40
寇	11	40
寈	11	40
寉	11	40
寊	12	40
寋	12	40
富	12	40
寍	12	40
寎	12	40
寏	12	40
寐	12	40
寑	12	40
寒	12	40
寓	12	40
寔	12	40
寕	12	40
寖	13	40
寗	13	40
寘	13	40
寙	13	40
寚	13	40
寛	13	40
寜	13	40
寝	13	40
寞	13	40
察	14	40
寠	14	40
寡	14	40
寢	14	40
寣	14	40
寤	14	40
寥	14	40
實	14	40
寧	14	40
寨	14	40
審	15	40
寪	15	40
寫	15	40
寬	14	40
寭	15	40
寮	15	40
寯	15	40
寰	16	40
寱	17	40
寲	17	40
寳	19	40
寴	19	40
寵	19	40
寶	20	40
寷	21	40
寸	3	41
对	5	41
寺	6	41
寻	6	41
导	6	41
寽	7	41
対	7	41
寿	7	41
尀	8	41
封	9	41
専	9	41
尃	10	41
射	10	41
尅	10	41
将	9	41
將	11	41
專	11	41
尉	11	41
尊	12	41
尋	12	41
尌	12	41
對	14	41
導	15	41
小	3	42
尐	4	42
少	4	42
尒	5	42
尓	5	42
尔	5	42
尕	5	42
尖	6	42
尗	6	42
尘	6	42
尙	8	42
尚	8	42
尛	9	42
尜	9	42
尝	9	42
尞	12	42
尟	13	42
尠	13	42
尡	14	42
尢	3	43
尣	4	43
尤	4	43
尥	6	43
尦	7	43
尧	6	43
尨	7	43
尩	8	43
尪	7	43
尫	7	43
尬	7	43
尭	8	43
尮	9	43
尯	9	43
尰	12	43
就	12	43
尲	13	43
尳	12	43
尴	13	43
尵	15	43
尶	17	43
尷	17	43
尸	3	44
尹	4	4
尺	4	44
尻	5	44
尼	5	44
尽	6	44
尾	7	44
尿	7	44
局	7	44
屁	7	44
层	7	44
屃	7	44
屄	8	44
居	8	44
屆	8	44
屇	8	44
屈	8	44
屉	8	44
届	8	44
屋	9	44
屌	9	44
屍	9	44
屎	9	44
屏	9	44
屐	10	44
屑	10	44
屒	10	44
屓	10	44
屔	10	44
展	10	44
屖	10	44
屗	10	44
屘	10	44
屙	10	44
屚	11	44
屛	11	44
屜	11	44
屝	11	44
属	12	44
屟	12	44
屠	11	44
屡	12	44
屢	14	44
屣	14	44
層	15	44
履	15	44
屦	15	44
屧	15	44
屨	17	44
屩	18	44
屪	18	44
屫	19	44
屬	21	44
屭	24	44
屮	3	45
屯	4	45
屰	6	45
山	3	46
屲	4	46
屳	5	46
屴	5	46
屵	5	46
屶	5	46
屷	5	46
屸	6	46
屹	6	46
屺	6	46
屻	6	46
屼	6	46
屽	6	46
屾	6	46
屿	6	46
岀	6	46
岁	6	46
岂	6	46
岃	6	46
岄	7	46
岅	7	46
岆	7	46
岇	7	46
岈	7	46
岉	7	46
岊	7	46
岋	6	46
岌	6	46
岍	7	46
岎	7	46
岏	7	46
岐	7	46
岑	7	46
岒	7	46
岓	7	46
岔	7	46
岕	7	46
岖	7	46
岗	7	46
岘	7	46
岙	7	46
岚	7	46
岛	7	46
岜	7	46
岝	8	46
岞	8	46
岟	8	46
岠	7	46
岡	8	46
岢	8	46
岣	8	46
岤	8	46
岥	8	46
岦	8	46
岧	8	46
岨	8	46
岩	8	46
岪	8	46
岫	8	46
岬	8	46
岭	8	46
岮	8	46
岯	8	46
岰	8	46
岱	8	46
岲	8	46
岳	8	46
岴	8	46
岵	8	46
岶	8	46
岷	8	46
岸	8	46
岹	8	46
岺	8	46
岻	8	46
岼	8	46
岽	8	46
岾	8	46
岿	8	46
峀	8	46
峁	8	46
峂	8	46
峃	8	46
峄	8	46
峅	8	46
峆	9	46
峇	9	46
峈	9	46
峉	9	46
峊	9	46
峋	9	46
峌	9	46
峍	9	46
峎	9	46
峏	9	46
峐	9	46
峑	9	46
峒	9	46
峓	9	46
峔	9	46
峕	9	46
峖	9	46
峗	9	46
峘	9	46
峙	9	46
峚	9	46
峛	9	46
峜	9	46
峝	9	46
峞	9	46
峟	9	46
峠	9	46
峡	9	46
峢	9	46
峣	9	46
峤	9	46
峥	9	46
峦	9	46
峧	9	46
峨	10	46
峩	10	46
峪	10	46
峫	9	46
峬	10	46
峭	10	46
峮	10	46
峯	10	46
峰	10	46
峱	10	46
峲	10	46
峳	10	46
峴	10	46
峵	10	46
島	10	46
峷	10	46
峸	9	46
峹	10	46
峺	10	46
峻	10	46
峼	10	46
峽	10	46
峾	10	46
峿	10	46
崀	10	46
崁	10	46
崂	10	46
崃	10	46
崄	10	46
崅	10	46
崆	11	46
崇	11	46
崈	11	46
崉	11	46
崊	11	46
崋	10	46
崌	11	46
崍	11	46
崎	11	46
崏	11	46
崐	11	46
崑	11	46
崒	11	46
崓	11	46
崔	11	46
崕	11	46
崖	11	46
崗	11	46
崘	11	46
崙	11	46
崚	11	46
崛	11	46
崜	11	46
崝	11	46
崞	11	46
崟	11	46
崠	11	46
崡	11	46
崢	11	46
崣	11	46
崤	11	46
崥	11	46
崦	11	46
崧	11	46
崨	11	46
崩	11	46
崪	11	46
崫	11	46
崬	11	46
崭	11	46
崮	11	46
崯	11	46
崰	11	46
崱	12	46
崲	12	46
崳	12	46
崴	12	46
崵	12	46
崶	12	46
崷	12	46
崸	12	46
崹	12	46
崺	12	46
崻	12	46
崼	12	46
崽	12	46
崾	12	46
崿	12	46
嵀	12	46
嵁	12	46
嵂	12	46
嵃	12	46
嵄	12	46
嵅	12	46
嵆	12	46
嵇	12	46
嵈	12	46
嵉	12	46
嵊	13	46
嵋	12	46
嵌	12	46
嵍	12	46
嵎	12	46
嵏	12	46
嵐	12	46
嵑	12	46
嵒	12	46
嵓	12	46
嵔	12	46
嵕	12	46
嵖	12	46
嵗	12	46
嵘	12	46
嵙	12	46
嵚	12	46
嵛	12	46
嵜	12	46
嵝	12	46
嵞	13	46
嵟	13	46
嵠	13	46
嵡	13	46
嵢	13	46
嵣	13	46
嵤	13	46
嵥	13	46
嵦	13	46
嵧	13	46
嵨	13	46
嵩	13	46
嵪	13	46
嵫	12	46
嵬	12	46
嵭	13	46
嵮	13	46
嵯	12	46
嵰	13	46
嵱	13	46
嵲	13	46
嵳	12	46
嵴	13	46
嵵	13	46
嵶	13	46
嵷	14	46
嵸	14	46
嵹	15	46
嵺	14	46
嵻	14	46
嵼	14	46
嵽	14	46
嵾	14	46
嵿	14	46
嶀	14	46
嶁	14	46
嶂	14	46
嶃	14	46
嶄	14	46
嶅	13	46
嶆	14	46
嶇	14	46
嶈	14	46
嶉	14	46
嶊	14	46
嶋	14	46
嶌	14	46
嶍	14	46
嶎	14	46
嶏	15	46
嶐	14	46
嶑	14	46
嶒	15	46
嶓	15	46
嶔	15	46
嶕	15	46
嶖	15	46
嶗	15	46
嶘	15	46
嶙	15	46
嶚	15	46
嶛	15	46
嶜	15	46
嶝	15	46
嶞	14	46
嶟	15	46
嶠	15	46
嶡	15	46
嶢	15	46
嶣	15	46
嶤	15	46
嶥	15	46
嶦	16	46
嶧	16	46
嶨	16	46
嶩	16	46
嶪	16	46
嶫	16	46
嶬	16	46
嶭	16	46
嶮	16	46
嶯	15	46
嶰	16	46
嶱	15	46
嶲	15	46
嶳	16	46
嶴	15	46
嶵	16	46
嶶	16	46
嶷	17	46
嶸	17	46
嶹	17	46
嶺	17	46
嶻	17	46
嶼	16	46
嶽	17	46
嶾	17	46
嶿	17	46
巀	18	46
巁	17	46
巂	18	46
巃	19	46
巄	19	46
巅	19	46
巆	19	46
巇	20	46
巈	20	46
巉	20	46
巊	20	46
巋	21	46
巌	19	46
巍	20	46
巎	22	46
巏	20	46
巐	21	46
巑	22	46
巒	22	46
巓	22	46
巔	22	46
巕	22	46
巖	22	46
巗	22	46
巘	23	46
巙	24	46
巚	23	46
巛	3	47
巜	2	47
川	3	47
州	6	47
巟	6	47
巠	7	47
巡	6	162
巢	11	47
巣	11	47
巤	15	47
工	3	48
左	5	48
巧	5	48
巨	4	48
巩	6	48
巪	6	48
巫	7	48
巬	9	48
巭	9	48
差	9	48
巯	12	48
巰	14	48
己	3	49
已	3	49
巳	3	49
巴	4	49
巵	7	49
巶	8	49
巷	9	49
巸	10	49
巹	9	49
巺	9	49
巻	9	49
巼	10	49
巽	12	49
巾	3	50
巿	4	50
帀	4	50
币	4	50
市	5	50
布	5	50
帄	5	50
帅	5	50
帆	6	50
帇	6	50
师	6	50
帉	7	50
帊	7	50
帋	7	50
希	7	50
帍	7	50
帎	7	50
帏	7	50
帐	7	50
帑	8	50
帒	8	50
帓	8	50
帔	8	50
帕	8	50
帖	8	50
帗	8	50
帘	8	50
帙	8	50
帚	8	50
帛	8	50
帜	8	50
帝	9	50
帞	9	50
帟	9	50
帠	9	50
帡	9	50
帢	9	50
帣	9	50
帤	9	50
帥	9	50
带	9	50
帧	9	50
帨	10	50
帩	10	50
帪	10	50
師	10	50
帬	10	50
席	10	50
帮	9	50
帯	10	50
帰	10	50
帱	10	50
帲	11	50
帳	11	50
帴	11	50
帵	11	50
帶	11	50
帷	11	50
常	11	50
帹	11	50
帺	11	50
帻	11	50
帼	11	50
帽	12	50
帾	11	50
帿	12	50
幀	12	50
幁	12	50
幂	12	50
幃	12	50
幄	12	50
幅	12	50
幆	12	50
幇	12	50
幈	12	50
幉	12	50
幊	13	50
幋	13	50
幌	13	50
幍	13	50
幎	13	50
幏	13	50
幐	13	130
幑	14	50
幒	14	50
幓	14	50
幔	14	50
幕	13	50
幖	14	50
幗	14	50
幘	14	50
幙	13	50
幚	14	50
幛	14	50
幜	15	50
幝	15	50
幞	15	50
幟	15	50
幠	15	50
幡	15	50
幢	15	50
幣	14	50
幤	15	50
幥	15	50
幦	16	50
幧	16	50
幨	16	50
幩	15	50
幪	16	50
幫	17	50
幬	17	50
幭	17	50
幮	18	50
幯	16	50
幰	19	50
幱	20	50
干	3	51
平	5	51
年	6	51
幵	6	51
并	6	51
幷	8	51
幸	8	51
幹	13	51
幺	3	52
幻	4	52
幼	5	52
幽	9	52
幾	12	52
广	3	53
庀	5	53
庁	5	53
庂	5	53
広	5	53
庄	6	53
庅	6	53
庆	6	53
庇	7	53
庈	7	53
庉	7	53
床	7	53
庋	7	53
庌	7	53
庍	7	53
庎	7	53
序	7	53
庐	7	53
庑	7	53
庒	7	53
库	7	53
应	7	53
底	8	53
庖	8	53
店	8	53
庘	8	53
庙	8	53
庚	8	53
庛	9	53
府	8	53
庝	8	53
庞	8	53
废	8	53
庠	9	53
庡	9	53
庢	9	53
庣	9	53
庤	9	53
庥	9	53
度	9	53
座	10	53
庨	10	53
庩	10	53
庪	10	53
庫	10	53
庬	10	53
庭	9	53
庮	10	53
庯	10	53
庰	9	53
庱	11	53
庲	11	53
庳	11	53
庴	11	53
庵	11	53
庶	11	53
康	11	53
庸	11	53
庹	11	53
庺	11	53
庻	11	53
庼	11	53
庽	12	53
庾	11	53
庿	11	53
廀	12	53
廁	12	53
廂	12	53
廃	12	53
廄	12	53
廅	13	53
廆	12	53
廇	13	53
廈	13	53
廉	13	53
廊	11	53
廋	12	53
廌	13	53
廍	13	53
廎	14	53
廏	14	53
廐	12	53
廑	14	53
廒	13	53
廓	13	53
廔	14	53
廕	13	53
廖	14	53
廗	14	53
廘	14	53
廙	14	53
廚	15	53
廛	15	53
廜	14	53
廝	15	53
廞	15	53
廟	15	53
廠	15	53
廡	15	53
廢	15	53
廣	14	53
廤	15	53
廥	16	53
廦	16	53
廧	16	53
廨	16	53
廩	16	53
廪	16	53
廫	18	53
廬	19	53
廭	19	53
廮	20	53
廯	20	53
廰	20	53
廱	21	53
廲	22	53
廳	25	53
廴	2	54
廵	5	54
延	6	54
廷	6	54
廸	7	54
廹	7	54
建	8	54
廻	8	54
廼	8	54
廽	9	54
廾	3	55
廿	4	55
开	4	55
弁	5	55
异	6	55
弃	7	55
弄	7	55
弅	7	55
弆	8	55
弇	9	55
弈	9	55
弉	10	55
弊	14	55
弋	3	56
弌	4	56
弍	5	56
弎	6	56
式	6	56
弐	6	56
弑	12	56
弒	13	56
弓	3	57
弔	4	57
引	4	57
弖	4	57
弗	5	57
弘	5	57
弙	6	57
弚	6	57
弛	6	57
弜	6	57
弝	7	57
弞	7	57
弟	7	57
张	7	57
弡	7	57
弢	8	57
弣	8	57
弤	8	57
弥	8	57
弦	8	57
弧	8	57
弨	8	57
弩	8	57
弪	8	57
弫	9	57
弬	10	57
弭	9	57
弮	9	57
弯	9	57
弰	10	57
弱	10	57
弲	10	57
弳	10	57
弴	11	57
張	11	57
弶	11	57
強	11	57
弸	11	57
弹	11	57
强	12	57
弻	12	57
弼	12	57
弽	12	57
弾	12	57
弿	13	57
彀	13	57
彁	13	57
彂	13	57
彃	13	57
彄	14	57
彅	14	57
彆	14	57
彇	16	57
彈	15	57
彉	14	57
彊	16	57
彋	16	57
彌	17	57
彍	17	57
彎	22	57
彏	23	57
彐	3	58
彑	3	58
归	5	58
当	6	58
彔	8	58
录	8	58
彖	9	58
彗	11	58
彘	12	58
彙	13	58
彚	13	58
彛	16	58
彜	16	58
彝	18	58
彞	18	58
彟	19	58
彠	25	58
彡	3	59
形	7	59
彣	7	59
彤	7	59
彥	9	59
彦	9	59
彧	10	59
彨	10	59
彩	11	59
彪	11	141
彫	11	59
彬	11	59
彭	12	59
彮	13	59
彯	14	59
彰	14	59
影	15	59
彲	22	59
彳	3	60
彴	6	60
彵	6	60
彶	6	60
彷	7	60
彸	7	60
役	7	60
彺	7	60
彻	7	60
彼	8	60
彽	8	60
彾	8	60
彿	8	60
往	8	60
征	8	60
徂	8	60
徃	8	60
径	8	60
待	9	60
徆	9	60
徇	9	60
很	9	60
徉	9	60
徊	9	60
律	9	60
後	9	60
徍	9	60
徎	10	60
徏	10	60
徐	10	60
徑	10	60
徒	10	60
従	10	60
徔	9	60
徕	10	60
徖	11	60
得	11	60
徘	11	60
徙	11	60
徚	12	60
徛	11	60
徜	11	60
徝	11	60
從	11	60
徟	11	60
徠	11	60
御	12	60
徢	11	60
徣	11	60
徤	11	60
徥	12	60
徦	12	60
徧	12	60
徨	12	60
復	12	60
循	12	60
徫	12	60
徬	13	60
徭	13	60
微	13	60
徯	13	60
徰	13	60
徱	14	60
徲	15	60
徳	14	60
徴	14	60
徵	15	60
徶	14	60
德	15	60
徸	15	60
徹	15	60
徺	15	60
徻	16	60
徼	16	60
徽	17	60
徾	17	60
徿	19	60
忀	20	60
忁	20	60
忂	21	60
心	4	61
忄	3	61
必	5	61
忆	4	61
忇	5	61
忈	6	61
忉	5	61
忊	5	61
忋	6	61
忌	7	61
忍	7	61
忎	7	61
忏	6	61
忐	7	61
忑	7	61
忒	7	61
忓	6	61
忔	6	61
忕	6	61
忖	6	61
志	7	61
忘	7	61
忙	6	61
忚	6	61
忛	6	61
応	7	61
忝	8	61
忞	8	61
忟	7	61
忠	8	61
忡	7	61
忢	8	61
忣	6	61
忤	7	61
忥	8	61
忦	7	61
忧	7	61
忨	7	61
忩	8	61
忪	7	61
快	7	61
忬	7	61
忭	7	61
忮	7	61
忯	7	61
忰	7	61
忱	7	61
忲	7	61
忳	7	61
忴	7	61
念	8	61
忶	7	61
忷	7	61
忸	7	61
忹	7	61
忺	7	61
忻	7	61
忼	7	61
忽	8	61
忾	7	61
忿	8	61
怀	7	61
态	8	61
怂	8	61
怃	7	61
怄	7	61
怅	7	61
怆	7	61
怇	7	61
怈	8	61
怉	8	61
怊	8	61
怋	8	61
怌	8	61
怍	8	61
怎	9	61
怏	8	61
怐	8	61
怑	8	61
怒	9	61
怓	8	61
怔	8	61
怕	8	61
怖	8	61
怗	8	61
怘	9	61
怙	8	61
怚	8	61
怛	8	61
怜	8	61
思	9	61
怞	8	61
怟	8	61
怠	9	61
怡	8	61
怢	8	61
怣	9	61
怤	9	61
急	9	61
怦	8	61
性	8	61
怨	9	61
怩	8	61
怪	8	61
怫	8	61
怬	8	61
怭	8	61
怮	8	61
怯	8	61
怰	8	61
怱	9	61
怲	8	61
怳	8	61
怴	8	61
怵	8	61
怶	8	61
怷	9	61
怸	9	61
怹	9	61
怺	8	61
总	9	61
怼	9	61
怽	8	61
怾	8	61
怿	8	61
恀	9	61
恁	10	61
恂	9	61
恃	9	61
恄	9	61
恅	9	61
恆	9	61
恇	9	61
恈	9	61
恉	9	61
恊	9	61
恋	10	61
恌	9	61
恍	9	61
恎	9	61
恏	10	61
恐	10	61
恑	9	61
恒	9	61
恓	9	61
恔	9	61
恕	10	61
恖	10	61
恗	9	61
恘	9	61
恙	10	61
恚	10	61
恛	9	61
恜	9	61
恝	10	61
恞	9	61
恟	9	61
恠	9	61
恡	9	61
恢	9	61
恣	10	61
恤	9	61
恥	10	61
恦	9	61
恧	10	61
恨	9	61
恩	10	61
恪	9	61
恫	9	61
恬	9	61
恭	10	61
恮	9	61
息	10	61
恰	9	61
恱	9	61
恲	9	61
恳	10	61
恴	10	61
恵	10	61
恶	10	61
恷	10	61
恸	9	61
恹	9	61
恺	9	61
恻	9	61
恼	9	61
恽	9	61
恾	9	61
恿	11	61
悀	10	61
悁	10	61
悂	10	61
悃	10	61
悄	10	61
悅	10	61
悆	11	61
悇	10	61
悈	10	61
悉	11	61
悊	11	61
悋	10	61
悌	10	61
悍	10	61
悎	10	61
悏	10	61
悐	11	61
悑	10	61
悒	10	61
悓	10	61
悔	10	61
悕	10	61
悖	10	61
悗	10	61
悘	11	61
悙	10	61
悚	10	61
悛	10	61
悜	10	61
悝	10	61
悞	10	61
悟	10	61
悠	11	61
悡	11	61
悢	10	61
患	11	61
悤	11	61
悥	11	61
悦	10	61
悧	10	61
您	11	61
悩	10	61
悪	11	61
悫	11	61
悬	11	61
悭	10	61
悮	10	61
悯	10	61
悰	11	61
悱	11	61
悲	12	61
悳	12	61
悴	11	61
悵	11	61
悶	12	61
悷	11	61
悸	11	61
悹	12	61
悺	11	61
悻	11	61
悼	11	61
悽	11	61
悾	11	61
悿	11	61
惀	11	61
惁	12	61
惂	11	61
惃	11	61
惄	12	61
情	11	61
惆	11	61
惇	11	61
惈	11	61
惉	12	61
惊	11	61
惋	11	61
惌	12	61
惍	11	61
惎	12	61
惏	11	61
惐	11	61
惑	12	61
惒	12	61
惓	11	61
惔	11	61
惕	11	61
惖	12	61
惗	11	61
惘	11	61
惙	11	61
惚	11	61
惛	11	61
惜	11	61
惝	11	61
惞	11	61
惟	11	61
惠	12	61
惡	12	61
惢	12	61
惣	12	61
惤	11	61
惥	12	61
惦	11	61
惧	11	61
惨	11	61
惩	12	61
惪	12	61
惫	12	61
惬	11	61
惭	11	61
惮	11	61
惯	11	61
惰	12	61
惱	12	61
惲	12	61
想	13	61
惴	12	61
惵	12	61
惶	12	61
惷	13	61
惸	12	61
惹	12	61
惺	12	61
惻	12	61
惼	12	61
惽	12	61
惾	12	61
惿	12	61
愀	12	61
愁	13	61
愂	13	61
愃	12	61
愄	12	61
愅	12	61
愆	13	61
愇	12	61
愈	13	61
愉	12	61
愊	12	61
愋	12	61
愌	12	61
愍	13	61
愎	12	61
意	13	61
愐	12	61
愑	12	61
愒	12	61
愓	12	61
愔	12	61
愕	12	61
愖	12	61
愗	13	61
愘	12	61
愙	13	61
愚	13	61
愛	13	61
愜	12	61
愝	12	61
愞	12	61
感	13	61
愠	12	61
愡	12	61
愢	12	61
愣	12	61
愤	12	61
愥	11	61
愦	12	61
愧	12	61
愨	14	61
愩	13	61
愪	13	61
愫	13	61
愬	14	61
愭	13	61
愮	13	61
愯	13	61
愰	13	61
愱	13	61
愲	12	61
愳	14	61
愴	13	61
愵	13	61
愶	13	61
愷	13	61
愸	14	61
愹	13	61
愺	12	61
愻	14	61
愼	13	61
愽	13	61
愾	13	61
愿	14	61
慀	13	61
慁	14	61
慂	14	61
慃	13	61
慄	13	61
慅	12	61
慆	13	61
慇	14	61
慈	13	61
慉	13	61
慊	13	61
態	14	61
慌	12	61
慍	13	61
慎	13	61
慏	13	61
慐	14	61
慑	13	61
慒	14	61
慓	14	61
慔	13	61
慕	14	61
慖	14	61
慗	15	61
慘	14	61
慙	15	61
慚	14	61
慛	14	61
慜	15	61
慝	14	61
慞	14	61
慟	14	61
慠	13	61
慡	14	61
慢	14	61
慣	14	61
慤	15	61
慥	13	61
慦	15	61
慧	15	61
慨	12	61
慩	13	61
慪	14	61
慫	15	61
慬	14	61
慭	15	61
慮	15	61
慯	14	61
慰	15	61
慱	14	61
慲	14	61
慳	14	61
慴	14	61
慵	14	61
慶	15	61
慷	14	61
慸	15	61
慹	15	61
慺	14	61
慻	14	61
慼	15	61
慽	14	61
慾	15	61
慿	15	61
憀	14	61
憁	14	61
憂	15	61
憃	15	61
憄	15	61
憅	15	61
憆	14	61
憇	15	61
憈	14	61
憉	15	61
憊	16	61
憋	15	61
憌	16	61
憍	15	61
憎	15	61
憏	14	61
憐	15	61
憑	16	61
憒	15	61
憓	15	61
憔	15	61
憕	15	61
憖	16	61
憗	16	61
憘	15	61
憙	16	61
憚	15	61
憛	15	61
憜	14	61
憝	16	61
憞	15	61
憟	15	61
憠	16	61
憡	15	61
憢	15	61
憣	15	61
憤	15	61
憥	16	61
憦	15	61
憧	15	61
憨	15	61
憩	16	61
憪	15	61
憫	15	61
憬	15	61
憭	15	61
憮	15	61
憯	15	61
憰	15	61
憱	15	61
憲	16	61
憳	15	61
憴	16	61
憵	17	61
憶	16	61
憷	16	61
憸	16	61
憹	16	61
憺	16	61
憻	16	61
憼	16	61
憽	15	61
憾	16	61
憿	16	61
懀	16	61
懁	16	61
懂	15	61
懃	17	61
懄	16	61
懅	16	61
懆	16	61
懇	17	61
懈	16	61
應	17	61
懊	15	61
懋	17	61
懌	16	61
懍	16	61
懎	16	61
懏	15	61
懐	16	61
懑	17	61
懒	16	61
懓	16	61
懔	16	61
懕	18	61
懖	18	61
懗	17	61
懘	18	61
懙	16	61
懚	17	61
懛	17	61
懜	16	61
懝	17	61
懞	16	61
懟	18	61
懠	17	61
懡	17	61
懢	17	61
懣	18	61
懤	17	61
懥	17	61
懦	17	61
懧	17	61
懨	17	61
懩	17	61
懪	18	61
懫	18	61
懬	18	61
懭	17	61
懮	18	61
懯	19	61
懰	18	61
懱	17	61
懲	19	61
懳	18	61
懴	18	61
懵	18	61
懶	19	61
懷	19	61
懸	20	61
懹	20	61
懺	20	61
懻	19	61
懼	21	61
懽	20	61
懾	21	61
懿	22	61
戀	23	61
戁	23	61
戂	22	61
戃	23	61
戄	23	61
戅	25	61
戆	25	61
戇	28	61
戈	4	62
戉	5	62
戊	5	62
戋	5	62
戌	6	62
戍	6	62
戎	6	62
戏	6	62
成	6	62
我	7	62
戒	7	62
戓	7	62
戔	8	62
戕	8	62
或	8	62
戗	8	62
战	9	62
戙	10	62
戚	11	62
戛	11	62
戜	11	62
戝	11	62
戞	12	62
戟	12	62
戠	12	62
戡	13	62
戢	12	62
戣	13	62
戤	13	62
戥	13	62
戦	13	62
戧	14	62
戨	14	62
戩	14	62
截	14	62
戫	14	62
戬	14	62
戭	15	62
戮	15	62
戯	15	62
戰	16	62
戱	16	62
戲	17	62
戳	18	62
戴	17	62
戵	22	62
戶	4	63
户	4	63
戸	4	63
戹	5	63
戺	7	63
戻	7	63
戼	7	63
戽	8	63
戾	8	63
房	8	63
所	8	63
扁	9	63
扂	9	63
扃	9	63
扄	10	63
扅	10	63
扆	10	63
扇	10	63
扈	11	63
扉	12	63
扊	12	63
手	4	64
扌	3	64
才	3	64
扎	4	64
扏	5	64
扐	5	64
扑	5	64
扒	5	64
打	5	64
扔	5	64
払	5	64
扖	5	64
扗	6	64
托	6	64
扙	6	64
扚	6	64
扛	6	64
扜	6	64
扝	6	64
扞	6	64
扟	6	64
扠	6	64
扡	6	64
扢	6	64
扣	6	64
扤	6	64
扥	6	64
扦	6	64
执	6	64
扨	6	64
扩	6	64
扪	6	64
扫	6	64
扬	6	64
扭	7	64
扮	7	64
扯	7	64
扰	7	64
扱	6	64
扲	7	64
扳	7	64
扴	7	64
扵	7	64
扶	7	64
扷	7	64
扸	7	64
批	7	64
扺	7	64
扻	7	64
扼	7	64
扽	7	64
找	7	64
承	8	64
技	7	64
抁	7	64
抂	7	64
抃	7	64
抄	7	64
抅	7	64
抆	7	64
抇	7	64
抈	7	64
抉	7	64
把	7	64
抋	7	64
抌	7	64
抍	7	64
抎	7	64
抏	7	64
抐	7	64
抑	7	64
抒	7	64
抓	7	64
抔	7	64
投	7	64
抖	7	64
抗	7	64
折	7	64
抙	7	64
抚	7	64
抛	7	64
抜	7	64
抝	7	64
択	7	64
抟	7	64
抠	7	64
抡	7	64
抢	7	64
抣	7	64
护	7	64
报	7	64
抦	8	64
抧	8	64
抨	8	64
抩	8	64
抪	8	64
披	8	64
抬	8	64
抭	8	64
抮	8	64
抯	8	64
抰	8	64
抱	8	64
抲	8	64
抳	8	64
抴	8	64
抵	8	64
抶	8	64
抷	8	64
抸	7	64
抹	8	64
抺	8	64
抻	8	64
押	8	64
抽	8	64
抾	8	64
抿	8	64
拀	8	64
拁	8	64
拂	8	64
拃	8	64
拄	8	64
担	8	64
拆	8	64
拇	8	64
拈	8	64
拉	8	64
拊	8	64
拋	8	64
拌	8	64
拍	8	64
拎	8	64
拏	9	64
拐	8	64
拑	8	64
拒	7	64
拓	8	64
拔	8	64
拕	8	64
拖	8	64
拗	8	64
拘	8	64
拙	8	64
拚	8	64
招	8	64
拜	9	64
拝	8	64
拞	8	64
拟	7	64
拠	8	64
拡	8	64
拢	8	64
拣	8	64
拤	8	64
拥	8	64
拦	8	64
拧	8	64
拨	8	64
择	8	64
拪	9	64
拫	9	64
括	9	64
拭	9	64
拮	9	64
拯	9	64
拰	9	64
拱	9	64
拲	10	64
拳	10	64
拴	9	64
拵	9	64
拶	9	64
拷	9	64
拸	9	64
拹	9	64
拺	9	64
拻	9	64
拼	9	64
拽	9	64
拾	9	64
拿	10	64
挀	9	64
持	9	64
挂	9	64
挃	9	64
挄	9	64
挅	9	64
挆	9	64
指	9	64
挈	10	64
按	9	64
挊	9	64
挋	9	64
挌	9	64
挍	9	64
挎	9	64
挏	9	64
挐	10	64
挑	9	64
挒	9	64
挓	9	64
挔	9	64
挕	9	64
挖	9	64
挗	9	64
挘	9	64
挙	10	64
挚	10	64
挛	10	64
挜	9	64
挝	9	64
挞	9	64
挟	9	64
挠	9	64
挡	9	64
挢	9	64
挣	9	64
挤	9	64
挥	9	64
挦	9	64
挧	9	64
挨	10	64
挩	10	64
挪	9	64
挫	10	64
挬	10	64
挭	10	64
挮	10	64
振	10	64
挰	10	64
挱	10	64
挲	11	64
挳	10	64
挴	10	64
挵	10	64
挶	10	64
挷	9	64
挸	10	64
挹	10	64
挺	9	64
挻	9	64
挼	10	64
挽	10	64
挾	10	64
挿	10	64
捀	10	64
捁	10	64
捂	10	64
捃	10	64
捄	10	64
捅	10	64
捆	10	64
捇	10	64
捈	10	64
捉	10	64
捊	10	64
捋	10	64
捌	10	64
捍	10	64
捎	10	64
捏	10	64
捐	10	64
捑	10	64
捒	10	64
捓	9	64
捔	10	64
捕	10	64
捖	10	64
捗	10	64
捘	10	64
捙	10	64
捚	10	64
捛	9	64
捜	10	64
捝	10	64
捞	10	64
损	10	64
捠	10	64
捡	10	64
换	10	64
捣	10	64
捤	10	64
捥	11	64
捦	11	64
捧	11	64
捨	11	64
捩	11	64
捪	11	64
捫	11	64
捬	11	64
捭	11	64
据	11	64
捯	11	64
捰	11	64
捱	11	64
捲	11	64
捳	11	64
捴	11	64
捵	11	64
捶	11	64
捷	11	64
捸	11	64
捹	11	64
捺	11	64
捻	11	64
捼	11	64
捽	11	64
捾	11	64
捿	11	64
掀	11	64
掁	11	64
掂	11	64
掃	11	64
掄	11	64
掅	11	64
掆	11	64
掇	11	64
授	11	64
掉	11	64
掊	11	64
掋	11	64
掌	12	64
掍	11	64
掎	11	64
掏	11	64
掐	11	64
掑	11	64
排	11	64
掓	11	64
掔	12	64
掕	11	64
掖	11	64
掗	11	64
掘	11	64
掙	11	64
掚	11	64
掛	11	64
掜	11	64
掝	11	64
掞	11	64
掟	11	64
掠	11	64
採	11	64
探	11	64
掣	12	64
掤	11	64
接	11	64
掦	11	64
控	11	64
推	11	64
掩	11	64
措	11	64
掫	11	64
掬	11	64
掭	11	64
掮	11	64
掯	11	64
掰	12	64
掱	12	64
掲	11	64
掳	11	64
掴	11	64
掵	11	64
掶	11	64
掷	11	64
掸	11	64
掹	11	64
掺	11	64
掻	11	64
掼	11	64
掽	11	64
掾	12	64
掿	11	64
揀	12	64
揁	12	64
揂	12	64
揃	12	64
揄	12	64
揅	13	64
揆	12	64
揇	12	64
揈	12	64
揉	12	64
揊	12	64
揋	12	64
揌	12	64
揍	12	64
揎	12	64
描	11	64
提	12	64
揑	12	64
插	12	64
揓	12	64
揔	12	64
揕	12	64
揖	12	64
揗	12	64
揘	12	64
揙	12	64
揚	12	64
換	12	64
揜	12	64
揝	12	64
揞	12	64
揟	12	64
揠	12	64
握	12	64
揢	12	64
揣	12	64
揤	10	64
揥	12	64
揦	12	64
揧	13	64
揨	12	64
揩	12	64
揪	12	64
揫	13	64
揬	12	64
揭	12	64
揮	12	64
揯	12	64
揰	12	64
揱	13	64
揲	12	64
揳	12	64
援	12	64
揵	11	64
揶	11	64
揷	12	64
揸	12	64
揹	12	64
揺	12	64
揻	12	64
揼	12	64
揽	12	64
揾	12	64
揿	12	64
搀	12	64
搁	12	64
搂	12	64
搃	12	64
搄	12	64
搅	12	64
搆	13	64
搇	13	64
搈	13	64
搉	13	64
搊	13	64
搋	13	64
搌	13	64
損	13	64
搎	13	64
搏	13	64
搐	13	64
搑	12	64
搒	13	64
搓	12	64
搔	12	64
搕	13	64
搖	13	64
搗	13	64
搘	13	64
搙	13	64
搚	13	64
搛	13	64
搜	12	64
搝	13	64
搞	13	64
搟	13	64
搠	13	64
搡	13	64
搢	13	64
搣	13	64
搤	13	64
搥	12	64
搦	13	64
搧	13	64
搨	13	64
搩	13	64
搪	13	64
搫	14	64
搬	13	64
搭	12	64
搮	13	64
搯	13	64
搰	12	64
搱	13	64
搲	13	64
搳	13	64
搴	14	64
搵	13	64
搶	13	64
搷	13	64
搸	13	64
搹	13	64
携	13	64
搻	14	64
搼	13	64
搽	12	64
搾	13	64
搿	14	64
摀	13	64
摁	13	64
摂	13	64
摃	13	64
摄	13	64
摅	13	64
摆	13	64
摇	13	64
摈	13	64
摉	13	64
摊	13	64
摋	13	64
摌	14	64
摍	14	64
摎	14	64
摏	14	64
摐	14	64
摑	14	64
摒	12	64
摓	13	64
摔	14	64
摕	14	64
摖	14	64
摗	14	64
摘	14	64
摙	13	64
摚	14	64
摛	13	64
摜	14	64
摝	14	64
摞	14	64
摟	14	64
摠	14	64
摡	12	64
摢	14	64
摣	14	64
摤	14	64
摥	14	64
摦	14	64
摧	14	64
摨	15	64
摩	15	64
摪	14	64
摫	14	64
摬	14	64
摭	14	64
摮	14	64
摯	15	64
摰	15	64
摱	14	64
摲	14	64
摳	14	64
摴	14	64
摵	14	64
摶	14	64
摷	14	64
摸	13	64
摹	14	64
摺	14	64
摻	14	64
摼	14	64
摽	14	64
摾	15	64
摿	14	64
撀	15	64
撁	14	64
撂	14	64
撃	15	64
撄	14	64
撅	15	64
撆	15	64
撇	14	64
撈	15	64
撉	16	64
撊	15	64
撋	15	64
撌	15	64
撍	15	64
撎	15	64
撏	15	64
撐	15	64
撑	15	64
撒	15	64
撓	15	64
撔	15	64
撕	15	64
撖	14	64
撗	14	64
撘	15	64
撙	15	64
撚	15	64
撛	15	64
撜	15	64
撝	15	64
撞	15	64
撟	15	64
撠	15	64
撡	15	64
撢	15	64
撣	15	64
撤	15	64
撥	15	64
撦	14	64
撧	15	64
撨	15	64
撩	15	64
撪	15	64
撫	15	64
撬	15	64
播	15	64
撮	15	64
撯	14	64
撰	15	64
撱	14	64
撲	15	64
撳	15	64
撴	15	64
撵	15	64
撶	13	64
撷	15	64
撸	15	64
撹	15	64
撺	15	64
撻	15	64
撼	16	64
撽	16	64
撾	14	64
撿	16	64
擀	16	64
擁	16	64
擂	16	64
擃	16	64
擄	16	64
擅	16	64
擆	14	64
擇	16	64
擈	16	64
擉	16	64
擊	17	64
擋	16	64
擌	16	64
操	16	64
擎	16	64
擏	15	64
擐	16	64
擑	15	64
擒	15	64
擓	16	64
擔	16	64
擕	15	64
擖	15	64
擗	16	64
擘	17	64
擙	16	64
據	16	64
擛	15	64
擜	16	64
擝	16	64
擞	16	64
擟	17	64
擠	17	64
擡	17	64
擢	17	64
擣	17	64
擤	17	64
擥	18	64
擦	17	64
擧	17	64
擨	17	64
擩	17	64
擪	18	64
擫	17	64
擬	17	64
擭	16	64
擮	17	64
擯	17	64
擰	17	64
擱	17	64
擲	17	64
擳	16	64
擴	17	64
擵	18	64
擶	18	64
擷	18	64
擸	18	64
擹	18	64
擺	18	64
擻	18	64
擼	18	64
擽	18	64
擾	18	64
擿	17	64
攀	19	64
攁	17	64
攂	18	64
攃	17	64
攄	18	64
攅	18	64
攆	18	64
攇	19	64
攈	19	64
攉	19	64
攊	19	64
攋	19	64
攌	19	64
攍	19	64
攎	19	64
攏	19	64
攐	19	64
攑	19	64
攒	19	64
攓	20	64
攔	20	64
攕	20	64
攖	20	64
攗	20	64
攘	20	64
攙	20	64
攚	19	64
攛	21	64
攜	21	64
攝	21	64
攞	22	64
攟	22	64
攠	22	64
攡	21	64
攢	22	64
攣	23	64
攤	22	64
攥	23	64
攦	22	64
攧	22	64
攨	23	64
攩	23	64
攪	23	64
攫	23	64
攬	24	64
攭	24	64
攮	25	64
支	4	65
攰	6	65
攱	9	65
攲	12	65
攳	16	65
攴	4	66
攵	4	66
收	6	66
攷	6	66
攸	7	66
改	7	66
攺	7	66
攻	7	66
攼	7	66
攽	8	66
放	8	66
政	9	66
敀	9	66
敁	9	66
敂	9	66
敃	9	66
敄	9	66
故	9	66
敆	10	66
敇	10	66
效	10	66
敉	10	66
敊	10	66
敋	10	66
敌	10	66
敍	11	66
敎	11	66
敏	11	66
敐	11	66
救	11	66
敒	11	66
敓	11	66
敔	11	66
敕	11	66
敖	10	66
敗	11	66
敘	11	66
教	11	66
敚	11	66
敛	11	66
敜	12	66
敝	11	66
敞	12	66
敟	12	66
敠	12	66
敡	12	66
敢	11	66
散	12	66
敤	12	66
敥	12	66
敦	12	66
敧	12	66
敨	12	66
敩	12	66
敪	12	66
敫	13	66
敬	12	66
敭	13	66
敮	13	66
敯	13	66
数	13	66
敱	14	66
敲	14	66
敳	14	66
整	16	66
敵	15	66
敶	14	66
敷	15	66
數	15	66
敹	15	66
敺	15	66
敻	15	66
敼	16	66
敽	16	66
敾	16	66
敿	16	66
斀	17	66
斁	17	66
斂	17	66
斃	17	66
斄	19	66
斅	20	66
斆	20	66
文	4	67
斈	7	67
斉	8	67
斊	10	67
斋	10	67
斌	12	67
斍	11	67
斎	11	67
斏	11	67
斐	12	67
斑	12	67
斒	13	67
斓	16	67
斔	18	67
斕	21	67
斖	24	67
斗	4	68
斘	7	68
料	10	68
斚	10	68
斛	11	68
斜	11	68
斝	12	68
斞	12	68
斟	13	68
斠	14	68
斡	14	68
斢	15	68
斣	17	68
斤	4	69
斥	5	69
斦	8	69
斧	8	69
斨	8	69
斩	8	69
斪	9	69
斫	9	69
斬	11	69
断	11	69
斮	12	69
斯	12	69
新	13	69
斱	12	69
斲	14	69
斳	15	69
斴	16	69
斵	17	69
斶	17	69
斷	18	69
斸	25	69
方	4	70
斺	8	70
斻	8	70
於	8	70
施	9	70
斾	9	70
斿	9	70
旀	9	70
旁	10	70
旂	10	70
旃	10	70
旄	10	70
旅	10	70
旆	10	70
旇	11	70
旈	11	70
旉	11	70
旊	10	70
旋	11	70
旌	11	70
旍	11	70
旎	11	70
族	11	70
旐	12	70
旑	12	70
旒	13	70
旓	13	70
旔	12	70
旕	13	70
旖	14	70
旗	14	70
旘	16	70
旙	16	70
旚	17	70
旛	18	70
旜	19	70
旝	19	70
旞	18	70
旟	19	70
无	4	71
旡	4	71
既	9	71
旣	11	71
旤	12	71
日	4	72
旦	5	72
旧	5	72
旨	6	72
早	6	72
旪	6	72
旫	6	72
旬	6	72
旭	6	72
旮	6	72
旯	6	72
旰	7	72
旱	7	72
旲	7	72
旳	7	72
旴	7	72
旵	7	72
时	7	72
旷	7	72
旸	7	72
旹	8	72
旺	8	72
旻	8	72
旼	8	72
旽	8	72
旾	8	72
旿	8	72
昀	8	72
昁	8	72
昂	8	72
昃	8	72
昄	8	72
昅	7	72
昆	8	72
昇	8	72
昈	8	72
昉	8	72
昊	8	72
昋	8	72
昌	8	72
昍	8	72
明	8	72
昏	8	72
昐	8	72
昑	8	72
昒	8	72
易	8	72
昔	8	72
昕	8	72
昖	8	72
昗	8	72
昘	8	72
昙	8	72
昚	9	72
昛	8	72
昜	9	72
昝	9	72
昞	9	72
星	9	72
映	9	72
昡	9	72
昢	9	72
昣	9	72
昤	9	72
春	9	72
昦	9	72
昧	9	72
昨	9	72
昩	9	72
昪	9	72
昫	9	72
昬	9	72
昭	9	72
昮	9	72
是	9	72
昰	9	72
昱	9	72
昲	9	72
昳	9	72
昴	9	72
昵	9	72
昶	9	72
昷	9	72
昸	9	72
昹	9	72
昺	9	72
昻	9	72
昼	9	72
昽	9	72
显	9	72
昿	9	72
晀	10	72
晁	10	72
時	10	72
晃	10	72
晄	10	72
晅	10	72
晆	10	72
晇	10	72
晈	10	72
晉	10	72
晊	10	72
晋	10	72
晌	10	72
晍	10	72
晎	10	72
晏	10	72
晐	10	72
晑	10	72
晒	10	72
晓	10	72
晔	10	72
晕	10	72
晖	10	72
晗	11	72
晘	11	72
晙	11	72
晚	11	72
晛	11	72
晜	11	72
晝	11	72
晞	11	72
晟	10	72
晠	10	72
晡	11	72
晢	11	72
晣	11	72
晤	11	72
晥	11	72
晦	11	72
晧	11	72
晨	11	72
晩	12	72
晪	12	72
晫	12	72
晬	12	72
晭	12	72
普	12	72
景	12	72
晰	12	72
晱	12	72
晲	12	72
晳	12	72
晴	12	72
晵	12	72
晶	12	72
晷	12	72
晸	13	72
晹	12	72
智	12	72
晻	12	72
晼	12	72
晽	12	72
晾	12	72
晿	12	72
暀	12	72
暁	12	72
暂	12	72
暃	12	72
暄	13	72
暅	13	72
暆	13	72
暇	13	72
暈	13	72
暉	13	72
暊	13	72
暋	13	72
暌	13	72
暍	13	72
暎	12	72
暏	12	72
暐	13	72
暑	12	72
暒	13	72
暓	13	72
暔	13	72
暕	13	72
暖	13	72
暗	13	72
暘	13	72
暙	13	72
暚	14	72
暛	13	72
暜	14	72
暝	14	72
暞	14	72
暟	14	72
暠	14	72
暡	14	72
暢	14	72
暣	14	72
暤	14	72
暥	14	72
暦	14	72
暧	14	72
暨	14	72
暩	15	72
暪	15	72
暫	15	72
暬	15	72
暭	15	72
暮	14	72
暯	14	72
暰	15	72
暱	14	72
暲	15	72
暳	15	72
暴	15	72
暵	15	72
暶	15	72
暷	15	72
暸	16	72
暹	15	72
暺	16	72
暻	16	72
暼	15	72
暽	16	72
暾	16	72
暿	16	72
曀	16	72
曁	16	72
曂	15	72
曃	15	72
曄	14	72
曅	14	72
曆	16	72
曇	16	72
曈	16	72
曉	16	72
曊	16	72
曋	16	72
曌	16	72
曍	16	72
曎	17	72
曏	15	72
曐	17	72
曑	17	72
曒	17	72
曓	17	72
曔	16	72
曕	17	72
曖	17	72
曗	17	72
曘	18	72
曙	17	72
曚	17	72
曛	18	72
曜	18	72
曝	19	72
曞	18	72
曟	19	72
曠	18	72
曡	19	72
曢	19	72
曣	20	72
曤	20	72
曥	20	72
曦	20	72
曧	20	72
曨	20	72
曩	21	72
曪	23	72
曫	23	72
曬	23	72
曭	24	72
曮	23	72
曯	25	72
曰	4	73
曱	5	73
曲	6	73
曳	6	73
更	7	73
曵	7	73
曶	8	73
曷	9	73
書	10	73
曹	11	73
曺	10	73
曻	10	73
曼	11	73
曽	11	72
曾	12	73
替	12	73
最	12	13
朁	12	73
朂	12	73
會	13	73
朄	14	73
朅	14	73
朆	16	73
朇	21	73
月	4	74
有	6	74
朊	8	74
朋	8	74
朌	8	74
服	8	74
朎	9	74
朏	9	74
朐	9	74
朑	9	130
朒	10	74
朓	10	74
朔	10	74
朕	10	74
朖	11	74
朗	10	74
朘	11	74
朙	11	74
朚	11	74
望	11	74
朜	12	74
朝	12	74
朞	12	74
期	12	74
朠	12	74
朡	13	130
朢	14	74
朣	16	74
朤	16	74
朥	16	130
朦	17	74
朧	20	74
木	4	75
朩	4	75
未	5	75
末	5	75
本	5	75
札	5	75
朮	5	75
术	5	75
朰	5	75
朱	6	75
朲	6	75
朳	6	75
朴	6	75
朵	6	75
朶	6	75
朷	6	75
朸	6	75
朹	6	75
机	6	75
朻	6	75
朼	6	75
朽	6	75
朾	6	75
朿	6	75
杀	6	75
杁	6	75
杂	6	75
权	6	75
杄	7	75
杅	7	75
杆	7	75
杇	7	75
杈	7	75
杉	7	75
杊	7	75
杋	7	75
杌	7	75
杍	7	75
李	7	75
杏	7	75
材	7	75
村	7	75
杒	7	75
杓	7	75
杔	7	75
杕	7	75
杖	7	75
杗	7	75
杘	7	75
杙	7	75
杚	7	75
杛	7	75
杜	7	75
杝	7	75
杞	7	75
束	7	75
杠	7	75
条	7	75
杢	7	75
杣	7	75
杤	7	75
来	7	75
杦	7	75
杧	7	75
杨	7	75
杩	7	75
杪	8	75
杫	8	75
杬	8	75
杭	8	75
杮	8	75
杯	8	75
杰	8	75
東	8	75
杲	8	75
杳	8	75
杴	8	75
杵	8	75
杶	8	75
杷	8	75
杸	8	75
杹	8	75
杺	8	75
杻	8	75
杼	8	75
杽	8	75
松	8	75
板	8	75
枀	8	75
极	7	75
枂	8	75
枃	8	75
构	8	75
枅	8	75
枆	8	75
枇	8	75
枈	8	75
枉	8	75
枊	8	75
枋	8	75
枌	8	75
枍	8	75
枎	8	75
枏	8	75
析	8	75
枑	8	75
枒	8	75
枓	8	75
枔	8	75
枕	8	75
枖	8	75
林	8	75
枘	8	75
枙	8	75
枚	8	75
枛	8	75
果	8	75
枝	8	75
枞	8	75
枟	8	75
枠	8	75
枡	8	75
枢	8	75
枣	8	75
枤	8	75
枥	8	75
枦	8	75
枧	8	75
枨	8	75
枩	8	75
枪	8	75
枫	8	75
枬	8	75
枭	8	75
枮	9	75
枯	9	75
枰	9	75
枱	9	75
枲	9	75
枳	9	75
枴	9	75
枵	9	75
架	9	75
枷	9	75
枸	9	75
枹	9	75
枺	9	75
枻	9	75
枼	9	75
枽	10	75
枾	9	75
枿	9	75
柀	9	75
柁	9	75
柂	9	75
柃	9	75
柄	9	75
柅	9	75
柆	9	75
柇	9	75
柈	9	75
柉	8	75
柊	9	75
柋	9	75
柌	9	75
柍	9	75
柎	9	75
柏	9	75
某	9	75
柑	9	75
柒	9	75
染	9	75
柔	9	75
柕	9	75
柖	9	75
柗	9	75
柘	9	75
柙	9	75
柚	9	75
柛	9	75
柜	8	75
柝	9	75
柞	9	75
柟	9	75
柠	9	75
柡	10	75
柢	9	75
柣	9	75
柤	9	75
查	9	75
柦	9	75
柧	9	75
柨	9	75
柩	9	75
柪	9	75
柫	9	75
柬	9	75
柭	9	75
柮	9	75
柯	9	75
柰	9	75
柱	9	75
柲	9	75
柳	9	75
柴	10	75
柵	9	75
柶	9	75
柷	9	75
柸	9	75
柹	8	75
柺	9	75
査	9	75
柼	9	75
柽	9	75
柾	9	75
柿	9	75
栀	9	75
栁	9	75
栂	9	75
栃	9	75
栄	9	75
栅	9	75
栆	9	75
标	9	75
栈	9	75
栉	9	75
栊	9	75
栋	9	75
栌	9	75
栍	9	75
栎	9	75
栏	9	75
栐	9	75
树	9	75
栒	10	75
栓	10	75
栔	10	75
栕	10	75
栖	10	75
栗	10	75
栘	10	75
栙	10	75
栚	10	75
栛	10	75
栜	10	75
栝	10	75
栞	10	75
栟	10	75
栠	10	75
校	10	75
栢	10	75
栣	10	75
栤	10	75
栥	10	75
栦	10	75
栧	10	75
栨	10	75
栩	10	75
株	10	75
栫	10	75
栬	10	75
栭	10	75
栮	10	75
栯	10	75
栰	10	75
栱	10	75
栲	10	75
栳	10	75
栴	10	75
栵	10	75
栶	10	75
样	10	75
核	10	75
根	10	75
栺	10	75
栻	10	75
格	10	75
栽	10	75
栾	10	75
栿	10	75
桀	10	75
桁	10	75
桂	10	75
桃	10	75
桄	10	75
桅	10	75
框	10	75
桇	10	75
案	10	75
桉	10	75
桊	10	75
桋	10	75
桌	10	75
桍	10	75
桎	10	75
桏	9	75
桐	10	75
桑	10	75
桒	9	75
桓	10	75
桔	10	75
桕	10	75
桖	10	75
桗	10	75
桘	10	75
桙	10	75
桚	10	75
桛	10	75
桜	10	75
桝	10	75
桞	9	75
桟	10	75
桠	10	75
桡	10	75
桢	10	75
档	10	75
桤	10	75
桥	10	75
桦	10	75
桧	10	75
桨	10	75
桩	10	75
桪	10	75
桫	11	75
桬	11	75
桭	11	75
桮	11	75
桯	11	75
桰	11	75
桱	11	75
桲	11	75
桳	11	75
桴	11	75
桵	11	75
桶	11	75
桷	11	75
桸	11	75
桹	11	75
桺	11	75
桻	11	75
桼	11	75
桽	11	75
桾	11	75
桿	11	75
梀	11	75
梁	11	75
梂	11	75
梃	10	75
梄	11	75
梅	11	75
梆	10	75
梇	11	75
梈	11	75
梉	11	75
梊	11	75
梋	11	75
梌	11	75
梍	11	75
梎	11	75
梏	11	75
梐	11	75
梑	11	75
梒	11	75
梓	11	75
梔	11	75
梕	11	75
梖	11	75
梗	11	75
梘	11	75
梙	11	75
梚	11	75
梛	10	75
梜	11	75
條	10	75
梞	11	75
梟	11	75
梠	10	75
梡	11	75
梢	11	75
梣	11	75
梤	11	75
梥	11	75
梦	11	75
梧	11	75
梨	11	75
梩	11	75
梪	11	75
梫	11	75
梬	11	75
梭	11	75
梮	11	75
梯	11	75
械	11	75
梱	11	75
梲	11	75
梳	11	75
梴	10	75
梵	11	75
梶	11	75
梷	11	75
梸	11	75
梹	11	75
梺	11	75
梻	11	75
梼	11	75
梽	11	75
梾	11	75
梿	11	75
检	11	75
棁	11	75
棂	11	75
棃	12	75
棄	12	75
棅	12	75
棆	12	75
棇	12	75
棈	12	75
棉	12	75
棊	12	75
棋	12	75
棌	12	75
棍	12	75
棎	12	75
棏	12	75
棐	12	75
棑	12	75
棒	12	75
棓	12	75
棔	12	75
棕	12	75
棖	12	75
棗	12	75
棘	12	75
棙	12	75
棚	12	75
棛	12	75
棜	12	75
棝	12	75
棞	12	75
棟	12	75
棠	12	75
棡	12	75
棢	12	75
棣	12	75
棤	12	75
棥	12	75
棦	10	75
棧	12	75
棨	12	75
棩	13	75
棪	12	75
棫	12	75
棬	12	75
棭	12	75
森	12	75
棯	12	75
棰	12	75
棱	12	75
棲	12	75
棳	12	75
棴	12	75
棵	12	75
棶	12	75
棷	12	75
棸	12	75
棹	12	75
棺	12	75
棻	11	75
棼	12	75
棽	12	75
棾	12	75
棿	12	75
椀	12	75
椁	12	75
椂	12	75
椃	12	75
椄	12	75
椅	12	75
椆	12	75
椇	12	75
椈	12	75
椉	12	75
椊	12	75
椋	12	75
椌	12	75
植	12	75
椎	12	75
椏	12	75
椐	12	75
椑	12	75
椒	12	75
椓	12	75
椔	12	75
椕	12	75
椖	12	75
椗	12	75
椘	11	75
椙	12	75
椚	12	75
椛	11	75
検	12	75
椝	12	75
椞	12	75
椟	12	75
椠	12	75
椡	12	75
椢	12	75
椣	12	75
椤	12	75
椥	12	75
椦	12	75
椧	12	75
椨	12	75
椩	12	75
椪	12	75
椫	12	75
椬	12	75
椭	12	75
椮	12	75
椯	13	75
椰	12	75
椱	13	75
椲	13	75
椳	13	75
椴	13	75
椵	13	75
椶	13	75
椷	13	75
椸	13	75
椹	13	75
椺	13	75
椻	13	75
椼	13	75
椽	13	75
椾	13	75
椿	13	75
楀	13	75
楁	13	75
楂	13	75
楃	13	75
楄	13	75
楅	13	75
楆	13	75
楇	12	75
楈	13	75
楉	12	75
楊	13	75
楋	13	75
楌	13	75
楍	13	75
楎	13	75
楏	13	75
楐	13	75
楑	13	75
楒	13	75
楓	13	75
楔	13	75
楕	13	75
楖	11	75
楗	12	75
楘	13	75
楙	13	75
楚	13	75
楛	12	75
楜	13	75
楝	13	75
楞	13	75
楟	13	75
楠	13	75
楡	13	75
楢	13	75
楣	13	75
楤	13	75
楥	13	75
楦	13	75
楧	12	75
楨	13	75
楩	13	75
楪	13	75
楫	13	75
楬	13	75
業	13	75
楮	12	75
楯	13	75
楰	12	75
楱	13	75
楲	13	75
楳	13	75
楴	13	75
極	12	75
楶	13	75
楷	13	75
楸	13	75
楹	13	75
楺	13	75
楻	13	75
楼	13	75
楽	13	75
楾	13	75
楿	13	75
榀	13	75
榁	13	75
概	13	75
榃	13	75
榄	13	75
榅	13	75
榆	13	75
榇	13	75
榈	13	75
榉	13	75
榊	13	75
榋	13	75
榌	13	75
榍	14	75
榎	14	75
榏	14	75
榐	14	75
榑	14	75
榒	14	75
榓	14	75
榔	12	75
榕	14	75
榖	14	75
榗	14	75
榘	13	75
榙	13	75
榚	14	75
榛	14	75
榜	14	75
榝	14	75
榞	14	75
榟	14	75
榠	14	75
榡	14	75
榢	14	75
榣	14	75
榤	14	75
榥	14	75
榦	14	75
榧	14	75
榨	14	75
榩	14	75
榪	14	75
榫	14	75
榬	14	75
榭	14	75
榮	14	75
榯	14	75
榰	14	75
榱	14	75
榲	14	75
榳	13	75
榴	14	75
榵	13	75
榶	14	75
榷	14	75
榸	14	75
榹	14	75
榺	14	75
榻	14	75
榼	14	75
榽	14	75
榾	13	75
榿	14	75
槀	14	75
槁	14	75
槂	14	75
槃	14	75
槄	14	75
槅	14	75
槆	13	75
槇	14	75
槈	14	75
槉	14	75
槊	14	75
構	14	75
槌	13	75
槍	14	75
槎	13	75
槏	14	75
槐	13	75
槑	14	75
槒	14	75
槓	14	75
槔	14	75
槕	14	75
槖	14	75
槗	14	75
様	14	75
槙	14	75
槚	14	75
槛	14	75
槜	14	75
槝	14	75
槞	14	75
槟	14	75
槠	14	75
槡	14	75
槢	15	75
槣	15	75
槤	14	75
槥	15	75
槦	15	75
槧	15	75
槨	14	75
槩	13	75
槪	15	75
槫	15	75
槬	15	75
槭	15	75
槮	15	75
槯	15	75
槰	14	75
槱	15	75
槲	15	75
槳	15	75
槴	15	75
槵	15	75
槶	15	75
槷	15	75
槸	15	75
槹	15	75
槺	15	75
槻	15	75
槼	15	75
槽	15	75
槾	15	75
槿	15	75
樀	15	75
樁	15	75
樂	15	75
樃	14	75
樄	14	75
樅	15	75
樆	14	75
樇	14	75
樈	15	75
樉	15	75
樊	15	75
樋	14	75
樌	15	75
樍	15	75
樎	15	75
樏	15	75
樐	15	75
樑	15	75
樒	15	75
樓	15	75
樔	15	75
樕	15	75
樖	15	75
樗	15	75
樘	15	75
標	15	75
樚	15	75
樛	15	75
樜	15	75
樝	15	75
樞	15	75
樟	15	75
樠	15	75
模	14	75
樢	15	75
樣	15	75
樤	14	75
樥	14	75
樦	15	75
樧	15	75
樨	16	75
権	15	75
横	15	75
樫	15	75
樬	15	75
樭	15	75
樮	15	75
樯	15	75
樰	15	75
樱	15	75
樲	16	75
樳	16	75
樴	16	75
樵	16	75
樶	16	75
樷	16	75
樸	16	75
樹	16	75
樺	14	75
樻	16	75
樼	16	75
樽	16	75
樾	16	75
樿	16	75
橀	16	75
橁	16	75
橂	16	75
橃	16	75
橄	15	75
橅	16	75
橆	16	75
橇	16	75
橈	16	75
橉	16	75
橊	16	75
橋	16	75
橌	16	75
橍	16	75
橎	16	75
橏	16	75
橐	16	75
橑	16	75
橒	16	75
橓	16	75
橔	16	75
橕	16	75
橖	16	75
橗	15	75
橘	16	75
橙	16	75
橚	17	75
橛	16	75
橜	16	75
橝	16	75
橞	16	75
機	16	75
橠	16	75
橡	15	75
橢	15	75
橣	16	75
橤	16	75
橥	15	75
橦	16	75
橧	16	75
橨	16	75
橩	16	75
橪	16	75
橫	16	75
橬	16	75
橭	16	75
橮	16	75
橯	16	75
橰	16	75
橱	16	75
橲	16	75
橳	16	75
橴	16	75
橵	16	75
橶	16	75
橷	16	75
橸	16	75
橹	16	75
橺	16	75
橻	16	75
橼	16	75
橽	16	75
橾	17	75
橿	17	75
檀	17	75
檁	17	75
檂	17	75
檃	16	75
檄	17	75
檅	17	75
檆	17	75
檇	16	75
檈	17	75
檉	17	75
檊	17	75
檋	17	75
檌	17	75
檍	17	75
檎	16	75
檏	17	75
檐	17	75
檑	17	75
檒	17	75
檓	17	75
檔	17	75
檕	17	75
檖	16	75
檗	17	75
檘	17	75
檙	16	75
檚	17	75
檛	15	75
檜	17	75
檝	16	75
檞	17	75
檟	17	75
檠	16	75
檡	17	75
檢	17	75
檣	17	75
檤	16	75
檥	17	75
檦	17	75
檧	16	75
檨	16	75
檩	17	75
檪	17	75
檫	18	75
檬	17	75
檭	18	75
檮	18	75
檯	18	75
檰	18	75
檱	18	75
檲	18	75
檳	18	75
檴	17	75
檵	18	75
檶	18	75
檷	18	75
檸	18	75
檹	18	75
檺	18	75
檻	18	75
檼	18	75
檽	18	75
檾	18	75
檿	18	75
櫀	18	75
櫁	18	75
櫂	18	75
櫃	18	75
櫄	18	75
櫅	18	75
櫆	17	75
櫇	18	75
櫈	18	75
櫉	18	75
櫊	18	75
櫋	19	75
櫌	19	75
櫍	19	75
櫎	18	75
櫏	19	75
櫐	19	75
櫑	19	75
櫒	18	75
櫓	19	75
櫔	18	75
櫕	19	75
櫖	19	75
櫗	18	75
櫘	19	75
櫙	18	75
櫚	18	75
櫛	17	75
櫜	19	75
櫝	19	75
櫞	19	75
櫟	19	75
櫠	19	75
櫡	18	75
櫢	19	75
櫣	17	75
櫤	19	75
櫥	19	75
櫦	19	75
櫧	19	75
櫨	20	75
櫩	20	75
櫪	20	75
櫫	19	75
櫬	20	75
櫭	18	75
櫮	20	75
櫯	20	75
櫰	20	75
櫱	20	75
櫲	19	75
櫳	20	75
櫴	20	75
櫵	19	75
櫶	20	75
櫷	22	75
櫸	20	75
櫹	20	75
櫺	21	75
櫻	21	75
櫼	21	75
櫽	20	75
櫾	21	75
櫿	20	75
欀	21	75
欁	21	75
欂	20	75
欃	21	75
欄	21	75
欅	21	75
欆	22	75
欇	22	75
欈	22	75
欉	22	75
權	21	75
欋	22	75
欌	21	75
欍	21	75
欎	22	75
欏	23	75
欐	23	75
欑	23	75
欒	23	75
欓	24	75
欔	24	75
欕	23	75
欖	25	75
欗	24	75
欘	25	75
欙	25	75
欚	25	75
欛	25	75
欜	26	75
欝	25	75
欞	28	75
欟	28	75
欠	4	76
次	6	76
欢	6	76
欣	8	76
欤	7	76
欥	8	76
欦	8	76
欧	8	76
欨	9	76
欩	9	76
欪	9	76
欫	11	76
欬	10	76
欭	10	76
欮	10	76
欯	10	76
欰	10	76
欱	10	76
欲	11	76
欳	11	76
欴	10	76
欵	11	76
欶	11	76
欷	11	76
欸	11	76
欹	12	76
欺	12	76
欻	12	76
欼	12	76
欽	12	76
款	12	76
欿	12	76
歀	13	76
歁	13	76
歂	13	76
歃	13	76
歄	12	76
歅	13	76
歆	13	76
歇	13	76
歈	13	76
歉	14	76
歊	14	76
歋	14	76
歌	14	76
歍	14	76
歎	15	76
歏	15	76
歐	15	76
歑	15	76
歒	15	76
歓	15	76
歔	15	76
歕	16	76
歖	16	76
歗	17	76
歘	16	76
歙	16	76
歚	16	76
歛	17	76
歜	17	76
歝	17	76
歞	18	76
歟	17	76
歠	19	76
歡	21	76
止	4	77
正	5	77
此	6	77
步	7	77
武	8	77
歧	8	77
歨	8	77
歩	8	77
歪	9	77
歫	8	77
歬	10	77
歭	10	77
歮	12	77
歯	12	77
歰	14	77
歱	13	77
歲	13	77
歳	13	77
歴	14	77
歵	15	77
歶	15	77
歷	16	77
歸	18	77
歹	4	78
歺	5	78
死	6	78
歼	7	78
歽	8	78
歾	8	78
歿	8	78
殀	8	78
殁	8	78
殂	9	78
殃	9	78
殄	9	78
殅	9	78
殆	9	78
殇	9	78
殈	10	78
殉	10	78
殊	10	78
残	9	78
殌	11	78
殍	11	78
殎	11	78
殏	11	78
殐	11	78
殑	11	78
殒	11	78
殓	11	78
殔	12	78
殕	12	78
殖	12	78
殗	12	78
殘	12	78
殙	12	78
殚	12	78
殛	12	78
殜	13	78
殝	14	78
殞	14	78
殟	13	78
殠	14	78
殡	14	78
殢	15	78
殣	15	78
殤	15	78
殥	15	78
殦	15	78
殧	16	78
殨	16	78
殩	16	78
殪	16	78
殫	16	78
殬	17	78
殭	17	78
殮	17	78
殯	18	78
殰	19	78
殱	19	78
殲	21	78
殳	4	79
殴	8	79
段	9	79
殶	9	79
殷	10	79
殸	11	79
殹	11	79
殺	10	79
殻	11	79
殼	12	79
殽	12	79
殾	12	79
殿	13	79
毀	13	79
毁	13	79
毂	13	79
毃	14	79
毄	14	79
毅	15	79
毆	15	79
毇	16	79
毈	16	79
毉	18	79
毊	23	79
毋	4	80
毌	4	80
母	5	80
毎	6	80
每	7	80
毐	7	80
毑	8	80
毒	9	80
毓	14	80
比	4	81
毕	6	81
毖	9	81
毗	9	81
毘	9	81
毙	10	81
毚	17	81
毛	4	82
毜	7	82
毝	7	82
毞	8	82
毟	8	82
毠	9	82
毡	9	82
毢	10	82
毣	10	82
毤	10	82
毥	10	82
毦	10	82
毧	10	82
毨	10	82
毩	10	82
毪	10	82
毫	11	82
毬	11	82
毭	11	82
毮	11	82
毯	12	82
毰	12	82
毱	12	82
毲	12	82
毳	12	82
毴	12	82
毵	12	82
毶	12	82
毷	13	82
毸	13	82
毹	13	82
毺	13	82
毻	13	82
毼	13	82
毽	12	82
毾	14	82
毿	15	82
氀	15	82
氁	14	82
氂	15	82
氃	16	82
氄	16	82
氅	16	82
氆	16	82
氇	16	82
氈	17	82
氉	17	82
氊	17	82
氋	17	82
氌	19	82
氍	22	82
氎	26	82
氏	4	83
氐	5	83
民	5	83
氒	6	83
氓	8	83
气	4	84
氕	5	84
氖	6	84
気	6	84
氘	6	84
氙	7	84
氚	7	84
氛	8	84
氜	8	84
氝	8	84
氞	9	84
氟	9	84
氠	9	84
氡	9	84
氢	9	84
氣	10	84
氤	10	84
氥	10	84
氦	10	84
氧	10	84
氨	10	84
氩	10	84
氪	11	84
氫	11	84
氬	12	84
氭	12	84
氮	12	84
氯	12	84
氰	12	84
氱	13	84
氲	13	84
氳	14	84
水	4	85
氵	3	85
氶	5	85
氷	5	85
永	5	85
氹	5	85
氺	5	85
氻	5	85
氼	6	85
氽	6	11
氾	5	85
氿	5	85
汀	5	85
汁	5	85
求	7	85
汃	5	85
汄	5	85
汅	5	85
汆	6	85
汇	5	85
汈	5	85
汉	5	85
汊	6	85
汋	6	85
汌	6	85
汍	6	85
汎	6	85
汏	6	85
汐	6	85
汑	6	85
汒	6	85
汓	6	85
汔	6	85
汕	6	85
汖	7	85
汗	6	85
汘	6	85
汙	6	85
汚	6	85
汛	6	85
汜	6	85
汝	6	85
汞	7	85
江	6	85
池	6	85
污	6	85
汢	6	85
汣	6	85
汤	6	85
汥	7	85
汦	7	85
汧	7	85
汨	7	85
汩	7	85
汪	7	85
汫	7	85
汬	8	85
汭	7	85
汮	7	85
汯	7	85
汰	7	85
汱	7	85
汲	6	85
汳	7	85
汴	7	85
汵	7	85
汶	7	85
汷	6	85
汸	7	85
汹	7	85
決	7	85
汻	7	85
汼	7	85
汽	7	85
汾	7	85
汿	7	85
沀	8	85
沁	7	85
沂	7	85
沃	7	85
沄	7	85
沅	7	85
沆	7	85
沇	7	85
沈	7	85
沉	7	85
沊	8	85
沋	7	85
沌	7	85
沍	7	85
沎	7	85
沏	7	85
沐	7	85
沑	7	85
沒	7	85
沓	8	85
沔	7	85
沕	7	85
沖	7	85
沗	9	85
沘	7	85
沙	7	85
沚	7	85
沛	7	85
沜	7	85
沝	8	85
沞	7	85
沟	7	85
沠	7	85
没	7	85
沢	7	85
沣	7	85
沤	7	85
沥	7	85
沦	7	85
沧	7	85
沨	7	85
沩	7	85
沪	7	85
沫	8	85
沬	8	85
沭	8	85
沮	8	85
沯	9	85
沰	8	85
沱	8	85
沲	8	85
河	8	85
沴	8	85
沵	8	85
沶	8	85
沷	8	85
沸	8	85
油	8	85
沺	8	85
治	8	85
沼	8	85
沽	8	85
沾	8	85
沿	8	85
泀	8	85
況	8	85
泂	8	85
泃	8	85
泄	8	85
泅	8	85
泆	8	85
泇	8	85
泈	8	85
泉	9	85
泊	8	85
泋	8	85
泌	8	85
泍	8	85
泎	8	85
泏	8	85
泐	7	85
泑	8	85
泒	8	85
泓	8	85
泔	8	85
法	8	85
泖	8	85
泗	8	85
泘	8	85
泙	8	85
泚	9	85
泛	7	85
泜	8	85
泝	8	85
泞	8	85
泟	8	85
泠	8	85
泡	8	85
波	8	85
泣	8	85
泤	7	85
泥	8	85
泦	8	85
泧	8	85
注	8	85
泩	8	85
泪	8	85
泫	8	85
泬	8	85
泭	8	85
泮	8	85
泯	8	85
泰	10	85
泱	8	85
泲	7	85
泳	8	85
泴	9	85
泵	9	112
泶	9	85
泷	8	85
泸	8	85
泹	8	85
泺	8	85
泻	8	85
泼	8	85
泽	8	85
泾	8	85
泿	9	85
洀	9	85
洁	9	85
洂	9	85
洃	9	85
洄	9	85
洅	9	85
洆	9	85
洇	9	85
洈	9	85
洉	9	85
洊	9	85
洋	9	85
洌	9	85
洍	10	85
洎	9	85
洏	9	85
洐	9	85
洑	9	85
洒	9	85
洓	9	85
洔	9	85
洕	9	85
洖	10	85
洗	9	85
洘	9	85
洙	9	85
洚	9	85
洛	9	85
洜	10	85
洝	9	85
洞	9	85
洟	9	85
洠	9	85
洡	9	85
洢	9	85
洣	9	85
洤	9	85
津	9	85
洦	9	85
洧	9	85
洨	9	85
洩	9	85
洪	9	85
洫	9	85
洬	9	85
洭	9	85
洮	9	85
洯	10	85
洰	7	85
洱	9	85
洲	9	85
洳	9	85
洴	9	85
洵	9	85
洶	9	85
洷	9	85
洸	9	85
洹	9	85
洺	9	85
活	9	85
洼	9	85
洽	9	85
派	9	85
洿	9	85
浀	9	85
流	10	85
浂	9	85
浃	9	85
浄	9	85
浅	8	85
浆	10	85
浇	9	85
浈	9	85
浉	9	85
浊	9	85
测	9	85
浌	9	85
浍	9	85
济	9	85
浏	9	85
浐	9	85
浑	9	85
浒	9	85
浓	9	85
浔	9	85
浕	9	85
浖	10	85
浗	10	85
浘	10	85
浙	10	85
浚	10	85
浛	10	85
浜	10	85
浝	10	85
浞	10	85
浟	10	85
浠	10	85
浡	10	85
浢	10	85
浣	10	85
浤	10	85
浥	10	85
浦	10	85
浧	10	85
浨	10	85
浩	10	85
浪	10	85
浫	10	85
浬	10	85
浭	10	85
浮	10	85
浯	10	85
浰	10	85
浱	10	85
浲	10	85
浳	10	85
浴	10	85
浵	10	85
浶	10	85
海	10	85
浸	10	85
浹	10	85
浺	10	85
浻	10	85
浼	10	85
浽	10	85
浾	10	85
浿	10	85
涀	10	85
涁	10	85
涂	10	85
涃	10	85
涄	10	85
涅	10	85
涆	10	85
涇	10	85
消	10	85
涉	10	85
涊	10	85
涋	10	85
涌	10	85
涍	10	85
涎	9	85
涏	9	85
涐	10	85
涑	10	85
涒	10	85
涓	10	85
涔	10	85
涕	10	85
涖	10	85
涗	10	85
涘	10	85
涙	10	85
涚	10	85
涛	10	85
涜	10	85
涝	10	85
涞	10	85
涟	10	85
涠	10	85
涡	10	85
涢	10	85
涣	10	85
涤	10	85
涥	10	85
润	10	85
涧	10	85
涨	10	85
涩	10	85
涪	11	85
涫	11	85
涬	11	85
涭	11	85
涮	11	85
涯	11	85
涰	11	85
涱	11	85
液	11	85
涳	11	85
涴	11	85
涵	11	85
涶	11	85
涷	11	85
涸	11	85
涹	11	85
涺	11	85
涻	11	85
涼	11	85
涽	11	85
涾	11	85
涿	11	85
淀	11	85
淁	11	85
淂	11	85
淃	11	85
淄	11	85
淅	11	85
淆	11	85
淇	11	85
淈	11	85
淉	11	85
淊	11	85
淋	11	85
淌	11	85
淍	11	85
淎	11	85
淏	11	85
淐	11	85
淑	11	85
淒	11	85
淓	10	85
淔	11	85
淕	11	85
淖	11	85
淗	11	85
淘	11	85
淙	11	85
淚	11	85
淛	11	85
淜	11	85
淝	11	85
淞	11	85
淟	11	85
淠	11	85
淡	11	85
淢	11	85
淣	11	85
淤	11	85
淥	11	85
淦	11	85
淧	11	85
淨	11	85
淩	11	85
淪	11	85
淫	11	85
淬	11	85
淭	11	85
淮	11	85
淯	11	85
淰	11	85
深	11	85
淲	11	85
淳	11	85
淴	11	85
淵	12	85
淶	11	85
混	11	85
淸	11	85
淹	11	85
淺	11	85
添	11	85
淼	12	85
淽	10	85
淾	12	85
淿	11	85
渀	11	85
渁	11	85
渂	11	85
渃	11	85
渄	11	85
清	11	85
渆	11	85
渇	11	85
済	11	85
渉	11	85
渊	11	85
渋	11	85
渌	11	85
渍	11	85
渎	11	85
渏	11	85
渐	11	85
渑	11	85
渒	11	85
渓	11	85
渔	11	85
渕	11	85
渖	11	85
渗	11	85
渘	12	85
渙	12	85
渚	11	85
減	12	85
渜	12	85
渝	12	85
渞	12	85
渟	12	85
渠	11	85
渡	12	85
渢	12	85
渣	12	85
渤	12	85
渥	12	85
渦	11	85
渧	12	85
渨	12	85
温	12	85
渪	12	85
渫	12	85
測	12	85
渭	12	85
渮	11	85
港	12	85
渰	12	85
渱	12	85
渲	12	85
渳	12	85
渴	12	85
渵	11	85
渶	11	85
渷	12	85
游	12	85
渹	12	85
渺	12	85
渻	12	85
渼	12	85
渽	12	85
渾	12	85
渿	12	85
湀	12	85
湁	12	85
湂	12	85
湃	12	85
湄	12	85
湅	12	85
湆	12	85
湇	12	85
湈	12	85
湉	12	85
湊	12	85
湋	12	85
湌	12	85
湍	12	85
湎	12	85
湏	12	85
湐	12	85
湑	12	85
湒	12	85
湓	12	85
湔	12	85
湕	11	85
湖	12	85
湗	12	85
湘	12	85
湙	12	85
湚	12	85
湛	12	85
湜	12	85
湝	12	85
湞	12	85
湟	12	85
湠	12	85
湡	12	85
湢	12	85
湣	12	85
湤	12	85
湥	12	85
湦	12	85
湧	12	85
湨	12	85
湩	12	85
湪	12	85
湫	12	85
湬	13	85
湭	12	85
湮	12	85
湯	12	85
湰	12	85
湱	12	85
湲	12	85
湳	12	85
湴	11	85
湵	12	85
湶	12	85
湷	12	85
湸	12	85
湹	12	85
湺	12	85
湻	12	85
湼	12	85
湽	12	85
湾	12	85
湿	12	85
満	12	85
溁	12	85
溂	12	85
溃	12	85
溄	12	85
溅	12	85
溆	12	85
溇	12	85
溈	12	85
溉	12	85
溊	12	85
溋	12	85
溌	12	85
溍	13	85
溎	13	85
溏	13	85
源	13	85
溑	13	85
溒	13	85
溓	13	85
溔	13	85
溕	13	85
準	13	85
溗	13	85
溘	13	85
溙	13	85
溚	12	85
溛	13	85
溜	13	85
溝	13	85
溞	12	85
溟	13	85
溠	12	85
溡	13	85
溢	13	85
溣	13	85
溤	13	85
溥	13	85
溦	13	85
溧	13	85
溨	13	85
溩	13	85
溪	13	85
溫	13	85
溬	12	85
溭	13	85
溮	13	85
溯	13	85
溰	13	85
溱	13	85
溲	12	85
溳	13	85
溴	13	85
溵	13	85
溶	13	85
溷	13	85
溸	13	85
溹	13	85
溺	13	85
溻	13	85
溼	13	85
溽	13	85
溾	12	85
溿	13	85
滀	13	85
滁	12	85
滂	13	85
滃	13	85
滄	13	85
滅	13	85
滆	13	85
滇	13	85
滈	13	85
滉	13	85
滊	13	85
滋	12	85
滌	13	85
滍	13	85
滎	14	85
滏	13	85
滐	13	85
滑	12	85
滒	13	85
滓	13	85
滔	13	85
滕	15	85
滖	13	85
滗	13	85
滘	13	85
滙	13	85
滚	13	85
滛	13	85
滜	13	85
滝	13	85
滞	12	85
滟	13	85
滠	13	85
满	13	85
滢	13	85
滣	13	85
滤	13	85
滥	13	85
滦	13	85
滧	13	85
滨	13	85
滩	13	85
滪	13	85
滫	13	85
滬	14	85
滭	13	85
滮	14	85
滯	14	85
滰	14	85
滱	14	85
滲	14	85
滳	14	85
滴	14	85
滵	14	85
滶	13	85
滷	14	85
滸	14	85
滹	14	85
滺	14	85
滻	14	85
滼	14	85
滽	14	85
滾	14	85
滿	14	85
漀	15	85
漁	14	85
漂	14	85
漃	14	85
漄	14	85
漅	14	85
漆	14	85
漇	14	85
漈	14	85
漉	14	85
漊	14	85
漋	14	85
漌	14	85
漍	14	85
漎	14	85
漏	14	85
漐	15	85
漑	14	85
漒	15	85
漓	13	85
演	14	85
漕	14	85
漖	14	85
漗	14	85
漘	14	85
漙	14	85
漚	14	85
漛	14	85
漜	14	85
漝	14	85
漞	14	85
漟	14	85
漠	13	85
漡	14	85
漢	14	85
漣	13	85
漤	14	85
漥	14	85
漦	15	85
漧	14	85
漨	13	85
漩	14	85
漪	14	85
漫	14	85
漬	14	85
漭	13	85
漮	14	85
漯	14	85
漰	14	85
漱	14	85
漲	14	85
漳	14	85
漴	14	85
漵	14	85
漶	14	85
漷	13	85
漸	14	85
漹	14	85
漺	14	85
漻	14	85
漼	14	85
漽	15	85
漾	14	85
漿	15	85
潀	14	85
潁	15	85
潂	14	85
潃	13	85
潄	14	85
潅	14	85
潆	14	85
潇	14	85
潈	14	85
潉	14	85
潊	14	85
潋	14	85
潌	14	85
潍	14	85
潎	14	85
潏	15	85
潐	15	85
潑	15	85
潒	14	85
潓	15	85
潔	15	85
潕	15	85
潖	15	85
潗	15	85
潘	15	85
潙	15	85
潚	16	85
潛	15	85
潜	15	85
潝	15	85
潞	16	85
潟	15	85
潠	15	85
潡	15	85
潢	14	85
潣	15	85
潤	15	85
潥	15	85
潦	15	85
潧	15	85
潨	15	85
潩	14	85
潪	15	85
潫	15	85
潬	15	85
潭	15	85
潮	15	85
潯	15	85
潰	15	85
潱	15	85
潲	15	85
潳	14	85
潴	14	85
潵	15	85
潶	15	85
潷	15	85
潸	15	85
潹	15	85
潺	15	85
潻	15	85
潼	15	85
潽	15	85
潾	15	85
潿	15	85
澀	17	85
澁	15	85
澂	15	85
澃	16	85
澄	15	85
澅	15	85
澆	15	85
澇	15	85
澈	15	85
澉	14	85
澊	15	85
澋	15	85
澌	15	85
澍	15	85
澎	15	85
澏	15	85
澐	15	85
澑	15	85
澒	15	85
澓	15	85
澔	15	85
澕	13	85
澖	15	85
澗	15	85
澘	15	85
澙	15	85
澚	14	85
澛	15	85
澜	15	85
澝	15	85
澞	16	85
澟	16	85
澠	16	85
澡	16	85
澢	16	85
澣	16	85
澤	16	85
澥	16	85
澦	16	85
澧	16	85
澨	16	85
澩	17	85
澪	16	85
澫	15	85
澬	16	85
澭	16	85
澮	16	85
澯	16	85
澰	16	85
澱	16	85
澲	16	85
澳	15	85
澴	16	85
澵	16	85
澶	16	85
澷	16	85
澸	16	85
澹	16	85
澺	16	85
澻	15	85
澼	16	85
澽	16	85
澾	15	85
澿	16	85
激	16	85
濁	16	85
濂	16	85
濃	16	85
濄	14	85
濅	16	85
濆	15	85
濇	16	85
濈	15	85
濉	16	85
濊	16	85
濋	16	85
濌	17	85
濍	15	85
濎	15	85
濏	16	85
濐	15	85
濑	16	85
濒	16	85
濓	16	85
濔	17	85
濕	17	85
濖	16	85
濗	16	85
濘	17	85
濙	17	85
濚	17	85
濛	16	85
濜	17	85
濝	17	85
濞	17	85
濟	17	85
濠	17	85
濡	17	85
濢	17	85
濣	17	85
濤	17	85
濥	17	85
濦	17	85
濧	17	85
濨	16	85
濩	16	85
濪	17	85
濫	17	85
濬	17	85
濭	16	85
濮	17	85
濯	17	85
濰	17	85
濱	17	85
濲	17	85
濳	19	85
濴	17	85
濵	17	85
濶	17	85
濷	18	85
濸	16	85
濹	17	85
濺	18	85
濻	17	85
濼	18	85
濽	18	85
濾	18	85
濿	17	85
瀀	18	85
瀁	17	85
瀂	18	85
瀃	18	85
瀄	16	85
瀅	18	85
瀆	18	85
瀇	17	85
瀈	18	85
瀉	18	85
瀊	18	85
瀋	18	85
瀌	18	85
瀍	18	85
瀎	17	85
瀏	18	85
瀐	18	85
瀑	18	85
瀒	18	85
瀓	18	85
瀔	18	85
瀕	19	85
瀖	19	85
瀗	19	85
瀘	19	85
瀙	19	85
瀚	19	85
瀛	19	85
瀜	19	85
瀝	19	85
瀞	17	85
瀟	19	85
瀠	19	85
瀡	17	85
瀢	18	85
瀣	19	85
瀤	19	85
瀥	19	85
瀦	18	85
瀧	19	85
瀨	19	85
瀩	19	85
瀪	20	85
瀫	19	85
瀬	19	85
瀭	19	85
瀮	19	85
瀯	19	85
瀰	20	85
瀱	20	85
瀲	20	85
瀳	19	85
瀴	20	85
瀵	20	85
瀶	20	85
瀷	20	85
瀸	20	85
瀹	20	85
瀺	20	85
瀻	20	85
瀼	20	85
瀽	20	85
瀾	20	85
瀿	20	85
灀	20	85
灁	20	85
灂	20	85
灃	21	85
灄	21	85
灅	21	85
灆	20	85
灇	21	85
灈	21	85
灉	21	85
灊	21	85
灋	21	85
灌	20	85
灍	21	85
灎	26	85
灏	21	85
灐	21	85
灑	22	85
灒	22	85
灓	23	85
灔	22	85
灕	21	85
灖	22	85
灗	22	85
灘	22	85
灙	23	85
灚	23	85
灛	23	85
灜	23	85
灝	24	85
灞	24	85
灟	24	85
灠	24	85
灡	23	85
灢	25	85
灣	25	85
灤	26	85
灥	27	85
灦	26	85
灧	27	85
灨	27	85
灩	31	85
灪	32	85
火	4	86
灬	4	86
灭	5	86
灮	6	86
灯	6	86
灰	6	86
灱	6	86
灲	6	86
灳	6	86
灴	7	86
灵	7	86
灶	7	86
灷	7	86
灸	7	86
灹	7	86
灺	7	86
灻	7	86
灼	7	86
災	7	86
灾	7	86
灿	7	86
炀	7	86
炁	8	86
炂	8	86
炃	8	86
炄	8	86
炅	8	86
炆	8	86
炇	8	86
炈	8	86
炉	8	86
炊	8	86
炋	8	86
炌	8	86
炍	8	86
炎	8	86
炏	8	86
炐	8	86
炑	8	86
炒	8	86
炓	8	86
炔	8	86
炕	8	86
炖	8	86
炗	8	86
炘	8	86
炙	8	86
炚	8	86
炛	8	86
炜	8	86
炝	8	86
炞	8	86
炟	9	86
炠	9	86
炡	9	86
炢	9	86
炣	9	86
炤	9	86
炥	9	86
炦	9	86
炧	9	86
炨	9	86
炩	9	86
炪	9	86
炫	9	86
炬	8	86
炭	9	86
炮	9	86
炯	9	86
炰	9	86
炱	9	86
炲	9	86
炳	9	86
炴	9	86
炵	9	86
炶	9	86
炷	9	86
炸	9	86
点	9	86
為	9	86
炻	9	86
炼	9	86
炽	9	86
炾	9	86
炿	9	86
烀	9	86
烁	9	86
烂	9	86
烃	9	86
烄	10	86
烅	10	86
烆	10	86
烇	10	86
烈	10	86
烉	10	86
烊	10	86
烋	10	86
烌	10	86
烍	10	86
烎	8	86
烏	10	86
烐	10	86
烑	10	86
烒	10	86
烓	10	86
烔	10	86
烕	10	86
烖	10	86
烗	10	86
烘	10	86
烙	10	86
烚	10	86
烛	10	86
烜	10	86
烝	10	86
烞	10	86
烟	10	86
烠	10	86
烡	10	86
烢	10	86
烣	10	86
烤	10	86
烥	10	86
烦	10	86
烧	10	86
烨	10	86
烩	10	86
烪	10	86
烫	10	86
烬	10	86
热	10	86
烮	10	86
烯	11	86
烰	11	86
烱	11	86
烲	11	86
烳	11	86
烴	11	86
烵	10	86
烶	10	86
烷	11	86
烸	11	86
烹	11	86
烺	11	86
烻	10	86
烼	11	86
烽	11	86
烾	11	86
烿	11	86
焀	11	86
焁	11	86
焂	11	86
焃	11	86
焄	11	86
焅	11	86
焆	11	86
焇	11	86
焈	11	86
焉	11	86
焊	11	86
焋	11	86
焌	11	86
焍	11	86
焎	11	86
焏	11	86
焐	11	86
焑	11	86
焒	10	86
焓	11	86
焔	11	86
焕	11	86
焖	11	86
焗	11	86
焘	11	86
焙	12	86
焚	12	86
焛	12	86
焜	12	86
焝	12	86
焞	12	86
焟	12	86
焠	12	86
無	12	86
焢	12	86
焣	12	86
焤	12	86
焥	12	86
焦	12	86
焧	12	86
焨	12	86
焩	12	86
焪	12	86
焫	11	86
焬	12	86
焭	12	86
焮	12	86
焯	12	86
焰	12	86
焱	12	86
焲	12	86
焳	12	86
焴	12	86
焵	12	86
然	12	86
焷	12	86
焸	12	86
焹	12	86
焺	12	86
焻	12	86
焼	12	86
焽	12	86
焾	12	86
焿	12	86
煀	12	86
煁	13	86
煂	13	86
煃	13	86
煄	13	86
煅	13	86
煆	13	86
煇	13	86
煈	13	86
煉	13	86
煊	13	86
煋	13	86
煌	13	86
煍	13	86
煎	13	86
煏	13	86
煐	12	86
煑	12	86
煒	13	86
煓	13	86
煔	13	86
煕	14	86
煖	13	86
煗	13	86
煘	13	86
煙	13	86
煚	12	86
煛	14	86
煜	13	86
煝	13	86
煞	13	86
煟	13	86
煠	13	86
煡	12	86
煢	13	86
煣	13	86
煤	13	86
煥	13	86
煦	13	86
照	13	86
煨	13	86
煩	13	86
煪	13	86
煫	13	86
煬	13	86
煭	13	86
煮	12	86
煯	13	86
煰	13	86
煱	12	86
煲	13	86
煳	13	86
煴	13	86
煵	13	86
煶	13	86
煷	13	86
煸	13	86
煹	14	86
煺	13	86
煻	14	86
煼	14	86
煽	14	86
煾	14	86
煿	14	86
熀	14	86
熁	14	86
熂	14	86
熃	14	86
熄	14	86
熅	14	86
熆	14	86
熇	14	86
熈	14	86
熉	14	86
熊	14	86
熋	14	86
熌	14	86
熍	13	86
熎	14	86
熏	14	86
熐	14	86
熑	14	86
熒	14	86
熓	14	86
熔	14	86
熕	14	86
熖	14	86
熗	14	86
熘	14	86
熙	14	86
熚	14	86
熛	15	86
熜	15	86
熝	15	86
熞	15	86
熟	15	86
熠	15	86
熡	15	86
熢	14	86
熣	15	86
熤	15	86
熥	14	86
熦	15	86
熧	15	86
熨	15	86
熩	15	86
熪	15	86
熫	15	86
熬	14	86
熭	15	86
熮	15	86
熯	15	86
熰	15	86
熱	15	86
熲	15	86
熳	15	86
熴	15	86
熵	15	86
熶	16	86
熷	16	86
熸	16	86
熹	16	86
熺	16	86
熻	16	86
熼	15	86
熽	17	86
熾	16	86
熿	15	86
燀	16	86
燁	14	86
燂	16	86
燃	16	86
燄	16	86
燅	16	86
燆	16	86
燇	16	86
燈	16	86
燉	16	86
燊	16	86
燋	16	86
燌	16	86
燍	16	86
燎	16	86
燏	16	86
燐	16	86
燑	16	86
燒	16	86
燓	16	86
燔	16	86
燕	16	86
燖	16	86
燗	16	86
燘	16	86
燙	16	86
燚	16	86
燛	16	86
燜	16	86
燝	16	86
燞	16	86
營	16	86
燠	16	86
燡	17	86
燢	17	86
燣	17	86
燤	16	86
燥	17	86
燦	17	86
燧	16	86
燨	17	86
燩	17	86
燪	16	86
燫	17	86
燬	17	86
燭	17	86
燮	17	86
燯	17	86
燰	17	86
燱	17	86
燲	17	86
燳	17	86
燴	17	86
燵	16	86
燶	17	86
燷	17	86
燸	18	86
燹	18	86
燺	18	86
燻	18	86
燼	18	86
燽	18	86
燾	18	86
燿	18	86
爀	18	86
爁	18	86
爂	19	86
爃	18	86
爄	18	86
爅	19	86
爆	19	86
爇	18	86
爈	19	86
爉	19	86
爊	19	86
爋	20	86
爌	18	86
爍	19	86
爎	19	86
爏	20	86
爐	20	86
爑	19	86
爒	20	86
爓	20	86
爔	20	86
爕	19	86
爖	20	86
爗	18	86
爘	20	86
爙	21	86
爚	21	86
爛	21	86
爜	22	86
爝	21	86
爞	22	86
爟	21	86
爠	22	86
爡	22	86
爢	23	86
爣	24	86
爤	24	86
爥	25	86
爦	25	86
爧	28	86
爨	30	86
爩	33	86
爪	4	87
爫	4	87
爬	8	87
爭	8	87
爮	9	87
爯	9	87
爰	9	87
爱	10	87
爲	12	87
爳	14	87
爴	15	87
爵	17	87
父	4	88
爷	6	88
爸	8	88
爹	10	88
爺	12	88
爻	4	89
爼	9	89
爽	11	89
爾	14	89
爿	4	90
牀	8	90
牁	9	90
牂	10	90
牃	13	90
牄	14	90
牅	15	90
牆	17	90
片	4	91
版	8	91
牉	9	91
牊	9	91
牋	12	91
牌	12	91
牍	12	91
牎	13	91
牏	13	91
牐	13	91
牑	13	91
牒	13	91
牓	14	91
牔	14	91
牕	15	91
牖	15	91
牗	15	91
牘	19	91
牙	4	92
牚	12	92
牛	4	93
牜	4	93
牝	6	93
牞	6	93
牟	6	93
牠	7	93
牡	7	93
牢	7	93
牣	7	93
牤	7	93
牥	8	93
牦	8	93
牧	8	93
牨	8	93
物	8	93
牪	8	93
牫	8	93
牬	8	93
牭	9	93
牮	9	93
牯	9	93
牰	9	93
牱	9	93
牲	9	93
牳	9	93
牴	9	93
牵	9	93
牶	10	93
牷	10	93
牸	10	93
特	10	93
牺	10	93
牻	11	93
牼	11	93
牽	11	93
牾	11	93
牿	11	93
犀	12	93
犁	11	93
犂	12	93
犃	12	93
犄	12	93
犅	12	93
犆	12	93
犇	12	93
犈	12	93
犉	12	93
犊	12	93
犋	12	93
犌	13	93
犍	12	93
犎	13	93
犏	13	93
犐	13	93
犑	13	93
犒	14	93
犓	14	93
犔	14	93
犕	14	93
犖	14	93
犗	14	93
犘	15	93
犙	15	93
犚	15	93
犛	15	93
犜	16	93
犝	16	93
犞	16	93
犟	16	93
犠	17	93
犡	18	93
犢	19	93
犣	19	93
犤	19	93
犥	19	93
犦	19	93
犧	20	93
犨	20	93
犩	21	93
犪	25	93
犫	27	93
犬	4	94
犭	3	94
犮	5	94
犯	5	94
犰	5	94
犱	6	94
犲	6	94
犳	6	94
犴	6	94
犵	6	94
状	7	94
犷	6	94
犸	6	94
犹	7	94
犺	7	94
犻	7	94
犼	7	94
犽	7	94
犾	7	94
犿	7	94
狀	8	94
狁	7	94
狂	7	94
狃	7	94
狄	7	94
狅	7	94
狆	7	94
狇	7	94
狈	7	94
狉	8	94
狊	9	94
狋	8	94
狌	8	94
狍	8	94
狎	8	94
狏	8	94
狐	8	94
狑	8	94
狒	8	94
狓	8	94
狔	8	94
狕	8	94
狖	8	94
狗	8	94
狘	8	94
狙	8	94
狚	8	94
狛	8	94
狜	8	94
狝	8	94
狞	8	94
狟	9	94
狠	9	94
狡	9	94
狢	9	94
狣	9	94
狤	9	94
狥	9	94
狦	9	94
狧	9	94
狨	9	94
狩	9	94
狪	9	94
狫	9	94
独	9	94
狭	9	94
狮	9	94
狯	9	94
狰	9	94
狱	9	94
狲	9	94
狳	10	94
狴	10	94
狵	10	94
狶	10	94
狷	10	94
狸	10	94
狹	10	94
狺	10	94
狻	10	94
狼	10	94
狽	10	94
狾	10	94
狿	9	94
猀	10	94
猁	10	94
猂	10	94
猃	10	94
猄	11	94
猅	11	94
猆	12	94
猇	11	94
猈	11	94
猉	11	94
猊	11	94
猋	12	94
猌	12	94
猍	11	94
猎	11	94
猏	11	94
猐	10	94
猑	11	94
猒	12	94
猓	11	94
猔	11	94
猕	11	94
猖	11	94
猗	11	94
猘	11	94
猙	11	94
猚	11	94
猛	11	94
猜	11	94
猝	11	94
猞	11	94
猟	11	94
猠	11	94
猡	11	94
猢	12	94
猣	12	94
猤	12	94
猥	12	94
猦	12	94
猧	11	94
猨	12	94
猩	12	94
猪	11	94
猫	11	94
猬	12	94
猭	12	94
献	13	94
猯	12	94
猰	12	94
猱	12	94
猲	12	94
猳	12	94
猴	12	94
猵	12	94
猶	12	94
猷	13	94
猸	12	94
猹	12	94
猺	13	94
猻	13	94
猼	13	94
猽	13	94
猾	12	94
猿	13	94
獀	12	94
獁	13	94
獂	13	94
獃	14	94
獄	14	94
獅	13	94
獆	13	94
獇	12	94
獈	13	94
獉	13	94
獊	13	94
獋	15	94
獌	14	94
獍	14	94
獎	15	94
獏	13	94
獐	14	94
獑	14	94
獒	14	94
獓	13	94
獔	14	94
獕	14	94
獖	15	94
獗	15	94
獘	15	94
獙	14	94
獚	14	94
獛	15	94
獜	15	94
獝	15	94
獞	15	94
獟	15	94
獠	15	94
獡	14	94
獢	15	94
獣	16	94
獤	15	94
獥	16	94
獦	15	94
獧	16	94
獨	16	94
獩	16	94
獪	16	94
獫	16	94
獬	16	94
獭	16	94
獮	17	94
獯	17	94
獰	17	94
獱	17	94
獲	16	94
獳	17	94
獴	16	94
獵	18	94
獶	18	94
獷	17	94
獸	19	94
獹	19	94
獺	19	94
獻	20	94
獼	20	94
獽	20	94
獾	20	94
獿	22	94
玀	22	94
玁	22	94
玂	22	94
玃	23	94
玄	5	95
玅	9	95
玆	10	95
率	11	95
玈	11	95
玉	5	96
玊	5	96
王	4	96
玌	5	96
玍	5	96
玎	6	96
玏	6	96
玐	6	96
玑	6	96
玒	7	96
玓	7	96
玔	7	96
玕	7	96
玖	7	96
玗	7	96
玘	7	96
玙	7	96
玚	7	96
玛	7	96
玜	8	96
玝	8	96
玞	8	96
玟	8	96
玠	8	96
玡	8	96
玢	8	96
玣	8	96
玤	8	96
玥	8	96
玦	8	96
玧	8	96
玨	8	96
玩	8	96
玪	8	96
玫	8	96
玬	8	96
玭	8	96
玮	8	96
环	8	96
现	8	96
玱	8	96
玲	9	96
玳	9	96
玴	9	96
玵	9	96
玶	9	96
玷	9	96
玸	9	96
玹	9	96
玺	10	96
玻	9	96
玼	10	96
玽	9	96
玾	9	96
玿	9	96
珀	9	96
珁	8	96
珂	9	96
珃	9	96
珄	9	96
珅	9	96
珆	9	96
珇	9	96
珈	9	96
珉	9	96
珊	9	96
珋	9	96
珌	9	96
珍	9	96
珎	9	96
珏	9	96
珐	9	96
珑	9	96
珒	10	96
珓	10	96
珔	10	96
珕	10	96
珖	10	96
珗	10	96
珘	10	96
珙	10	96
珚	10	96
珛	10	96
珜	10	96
珝	10	96
珞	10	96
珟	10	96
珠	10	96
珡	10	96
珢	10	96
珣	10	96
珤	10	96
珥	10	96
珦	10	96
珧	10	96
珨	10	96
珩	10	96
珪	10	96
珫	10	96
珬	10	96
班	10	96
珮	10	96
珯	10	96
珰	10	96
珱	10	96
珲	10	96
珳	11	96
珴	11	96
珵	11	96
珶	11	96
珷	12	96
珸	11	96
珹	10	96
珺	11	96
珻	11	96
珼	11	96
珽	10	96
現	11	96
珿	11	96
琀	11	96
琁	11	96
琂	11	96
球	11	96
琄	11	96
琅	11	96
理	11	96
琇	11	96
琈	11	96
琉	11	96
琊	10	96
琋	11	96
琌	11	96
琍	11	96
琎	11	96
琏	11	96
琐	11	96
琑	11	96
琒	11	96
琓	11	96
琔	12	96
琕	12	96
琖	12	96
琗	12	96
琘	12	96
琙	12	96
琚	12	96
琛	12	96
琜	12	96
琝	12	96
琞	13	96
琟	12	96
琠	12	96
琡	12	96
琢	12	96
琣	12	96
琤	10	96
琥	12	96
琦	12	96
琧	13	96
琨	12	96
琩	12	96
琪	12	96
琫	12	96
琬	12	96
琭	12	96
琮	12	96
琯	12	96
琰	12	96
琱	12	96
琲	12	96
琳	12	96
琴	12	96
琵	12	96
琶	12	96
琷	11	96
琸	12	96
琹	12	96
琺	12	96
琻	12	96
琼	12	96
琽	12	96
琾	13	96
琿	13	96
瑀	13	96
瑁	13	96
瑂	13	96
瑃	13	96
瑄	13	96
瑅	13	96
瑆	13	96
瑇	13	96
瑈	13	96
瑉	13	96
瑊	13	96
瑋	13	96
瑌	13	96
瑍	13	96
瑎	13	96
瑏	13	96
瑐	13	96
瑑	13	96
瑒	13	96
瑓	13	96
瑔	13	96
瑕	13	96
瑖	13	96
瑗	13	96
瑘	12	96
瑙	13	96
瑚	13	96
瑛	12	96
瑜	13	96
瑝	13	96
瑞	13	96
瑟	13	96
瑠	14	96
瑡	14	96
瑢	14	96
瑣	14	96
瑤	14	96
瑥	13	96
瑦	14	96
瑧	14	96
瑨	14	96
瑩	15	96
瑪	14	96
瑫	14	96
瑬	15	96
瑭	14	96
瑮	14	96
瑯	12	96
瑰	13	96
瑱	14	96
瑲	14	96
瑳	13	96
瑴	14	96
瑵	13	96
瑶	14	96
瑷	14	96
瑸	14	96
瑹	14	96
瑺	15	96
瑻	15	96
瑼	15	96
瑽	15	96
瑾	15	96
瑿	16	96
璀	15	96
璁	15	96
璂	15	96
璃	14	96
璄	15	96
璅	15	96
璆	15	96
璇	15	96
璈	14	96
璉	14	96
璊	15	96
璋	15	96
璌	15	96
璍	14	96
璎	15	96
璏	16	96
璐	17	96
璑	16	96
璒	16	96
璓	14	96
璔	16	96
璕	16	96
璖	15	96
璗	17	96
璘	16	96
璙	16	96
璚	16	96
璛	17	96
璜	15	96
璝	16	96
璞	16	96
璟	16	96
璠	16	96
璡	15	96
璢	16	96
璣	16	96
璤	16	96
璥	16	96
璦	17	96
璧	18	96
璨	17	96
璩	17	96
璪	17	96
璫	17	96
璬	17	96
璭	16	96
璮	17	96
璯	17	96
環	17	96
璱	17	96
璲	16	96
璳	17	96
璴	17	96
璵	17	96
璶	18	96
璷	19	96
璸	18	96
璹	18	96
璺	20	96
璻	18	96
璼	18	96
璽	19	96
璾	18	96
璿	18	96
瓀	18	96
瓁	17	96
瓂	17	96
瓃	19	96
瓄	19	96
瓅	19	96
瓆	19	96
瓇	19	96
瓈	19	96
瓉	19	96
瓊	18	96
瓋	18	96
瓌	20	96
瓍	18	96
瓎	20	96
瓏	20	96
瓐	20	96
瓑	20	96
瓒	20	96
瓓	21	96
瓔	21	96
瓕	22	96
瓖	21	96
瓗	22	96
瓘	21	96
瓙	22	96
瓚	23	96
瓛	24	96
瓜	5	97
瓝	8	97
瓞	10	97
瓟	10	97
瓠	11	97
瓡	13	97
瓢	16	97
瓣	19	97
瓤	22	97
瓥	24	97
瓦	4	98
瓧	7	98
瓨	7	98
瓩	7	98
瓪	8	98
瓫	8	98
瓬	8	98
瓭	8	98
瓮	8	98
瓯	8	98
瓰	8	98
瓱	9	98
瓲	8	98
瓳	9	98
瓴	9	98
瓵	9	98
瓶	10	98
瓷	10	98
瓸	11	98
瓹	11	98
瓺	11	98
瓻	11	98
瓼	11	98
瓽	12	98
瓾	12	98
瓿	12	98
甀	12	98
甁	12	98
甂	13	98
甃	13	98
甄	13	98
甅	13	98
甆	13	98
甇	14	98
甈	14	98
甉	14	98
甊	15	98
甋	15	98
甌	15	98
甍	14	98
甎	15	98
甏	16	98
甐	16	98
甑	16	98
甒	16	98
甓	17	98
甔	17	98
甕	17	98
甖	18	98
甗	20	98
甘	5	99
甙	8	99
甚	9	99
甛	11	99
甜	11	99
甝	13	99
甞	13	99
生	5	100
甠	9	100
甡	10	100
產	11	100
産	11	100
甤	12	100
甥	12	100
甦	12	100
甧	14	100
用	5	101
甩	5	101
甪	6	101
甫	7	101
甬	7	101
甭	9	101
甮	9	101
甯	12	101
田	5	102
由	5	102
甲	5	102
申	5	102
甴	5	102
电	5	102
甶	6	102
男	7	102
甸	7	102
甹	7	102
町	7	102
画	8	102
甼	7	102
甽	8	102
甾	8	102
甿	8	102
畀	8	102
畁	8	102
畂	8	102
畃	8	102
畄	8	102
畅	8	102
畆	9	102
畇	9	102
畈	9	102
畉	9	102
畊	9	102
畋	9	102
界	9	102
畍	9	102
畎	9	102
畏	9	102
畐	9	102
畑	9	102
畒	9	102
畓	9	102
畔	10	102
畕	10	102
畖	10	102
畗	10	102
畘	10	102
留	10	102
畚	10	102
畛	10	102
畜	10	102
畝	10	102
畞	10	102
畟	10	102
畠	10	106
畡	11	102
畢	10	102
畣	11	102
畤	11	102
略	11	102
畦	11	102
畧	11	102
畨	11	119
畩	11	102
番	12	102
畫	12	102
畬	12	102
畭	12	102
畮	12	102
畯	12	102
異	11	102
畱	12	102
畲	12	102
畳	12	102
畴	12	102
畵	13	102
當	13	102
畷	13	102
畸	13	102
畹	13	102
畺	13	102
畻	14	102
畼	14	102
畽	14	102
畾	15	102
畿	15	102
疀	16	102
疁	16	102
疂	16	102
疃	17	102
疄	17	102
疅	18	102
疆	19	102
疇	19	102
疈	20	102
疉	20	102
疊	22	102
疋	5	103
疌	8	103
疍	10	103
疎	12	103
疏	12	103
疐	14	103
疑	14	103
疒	5	104
疓	7	104
疔	7	104
疕	7	104
疖	7	104
疗	7	104
疘	8	104
疙	8	104
疚	8	104
疛	8	104
疜	8	104
疝	8	104
疞	8	104
疟	8	104
疠	8	104
疡	8	104
疢	9	104
疣	9	104
疤	9	104
疥	9	104
疦	9	104
疧	9	104
疨	9	104
疩	9	104
疪	9	104
疫	9	104
疬	9	104
疭	9	104
疮	9	104
疯	9	104
疰	10	104
疱	10	104
疲	10	104
疳	10	104
疴	10	104
疵	11	104
疶	10	104
疷	10	104
疸	10	104
疹	10	104
疺	9	104
疻	10	104
疼	10	104
疽	10	104
疾	10	104
疿	10	104
痀	10	104
痁	10	104
痂	10	104
痃	10	104
痄	10	104
病	10	104
痆	10	104
症	10	104
痈	10	104
痉	10	104
痊	11	104
痋	11	104
痌	11	104
痍	11	104
痎	11	104
痏	11	104
痐	11	104
痑	11	104
痒	11	104
痓	11	104
痔	11	104
痕	11	104
痖	11	104
痗	12	104
痘	12	104
痙	12	104
痚	12	104
痛	12	104
痜	12	104
痝	12	104
痞	12	104
痟	12	104
痠	12	104
痡	12	104
痢	12	104
痣	12	104
痤	12	104
痥	12	104
痦	12	104
痧	12	104
痨	12	104
痩	12	104
痪	12	104
痫	12	104
痬	13	104
痭	13	104
痮	13	104
痯	13	104
痰	13	104
痱	13	104
痲	13	104
痳	13	104
痴	13	104
痵	13	104
痶	13	104
痷	13	104
痸	13	104
痹	13	104
痺	13	104
痻	13	104
痼	13	104
痽	13	104
痾	12	104
痿	13	104
瘀	13	104
瘁	13	104
瘂	13	104
瘃	13	104
瘄	13	104
瘅	13	104
瘆	13	104
瘇	14	104
瘈	14	104
瘉	14	104
瘊	14	104
瘋	14	104
瘌	14	104
瘍	14	104
瘎	14	104
瘏	13	104
瘐	13	104
瘑	13	104
瘒	14	104
瘓	14	104
瘔	13	104
瘕	14	104
瘖	14	104
瘗	14	104
瘘	14	104
瘙	14	104
瘚	15	104
瘛	15	104
瘜	15	104
瘝	15	104
瘞	15	104
瘟	14	104
瘠	15	104
瘡	15	104
瘢	15	104
瘣	14	104
瘤	15	104
瘥	14	104
瘦	14	104
瘧	14	104
瘨	15	104
瘩	14	104
瘪	15	104
瘫	15	104
瘬	16	104
瘭	16	104
瘮	16	104
瘯	16	104
瘰	16	104
瘱	16	104
瘲	16	104
瘳	16	104
瘴	16	104
瘵	16	104
瘶	16	104
瘷	16	104
瘸	16	104
瘹	16	104
瘺	16	104
瘻	16	104
瘼	15	104
瘽	16	104
瘾	16	104
瘿	16	104
癀	16	104
癁	17	104
療	17	104
癃	16	104
癄	17	104
癅	17	104
癆	17	104
癇	17	104
癈	17	104
癉	17	104
癊	15	104
癋	17	104
癌	17	104
癍	17	104
癎	17	104
癏	18	104
癐	18	104
癑	18	104
癒	18	104
癓	18	104
癔	18	104
癕	18	104
癖	18	104
癗	18	104
癘	17	104
癙	18	104
癚	18	104
癛	18	104
癜	18	104
癝	18	104
癞	18	104
癟	19	104
癠	19	104
癡	19	104
癢	19	104
癣	19	104
癤	18	104
癥	20	104
癦	20	104
癧	21	104
癨	21	104
癩	21	104
癪	21	104
癫	21	104
癬	22	104
癭	22	104
癮	21	104
癯	23	104
癰	23	104
癱	24	104
癲	24	104
癳	26	104
癴	28	104
癵	30	104
癶	5	105
癷	8	105
癸	9	105
癹	9	105
発	9	105
登	12	105
發	12	105
白	5	106
百	6	106
癿	6	106
皀	7	106
皁	7	106
皂	7	106
皃	7	106
的	8	106
皅	9	106
皆	9	106
皇	9	106
皈	9	106
皉	11	106
皊	10	106
皋	10	106
皌	10	106
皍	9	106
皎	11	106
皏	11	106
皐	11	106
皑	11	106
皒	12	106
皓	12	106
皔	12	106
皕	12	106
皖	12	106
皗	13	106
皘	13	106
皙	13	106
皚	15	106
皛	15	106
皜	15	106
皝	15	106
皞	15	106
皟	16	106
皠	16	106
皡	16	106
皢	17	106
皣	15	106
皤	17	106
皥	17	106
皦	18	106
皧	18	106
皨	18	106
皩	19	106
皪	20	106
皫	20	106
皬	21	106
皭	22	106
皮	5	107
皯	8	107
皰	10	107
皱	10	107
皲	11	107
皳	12	107
皴	12	107
皵	13	107
皶	14	107
皷	14	107
皸	14	107
皹	14	107
皺	15	107
皻	16	107
皼	17	107
皽	18	107
皾	20	107
皿	5	108
盀	7	108
盁	7	108
盂	8	108
盃	9	108
盄	9	108
盅	9	108
盆	9	108
盇	9	108
盈	9	108
盉	10	108
益	10	108
盋	10	108
盌	10	108
盍	10	108
盎	10	108
盏	10	108
盐	10	108
监	10	108
盒	11	108
盓	11	108
盔	11	108
盕	11	108
盖	11	108
盗	11	108
盘	11	108
盙	12	108
盚	12	108
盛	11	108
盜	12	108
盝	13	108
盞	13	108
盟	13	108
盠	14	108
盡	14	108
盢	14	108
監	14	108
盤	15	108
盥	16	108
盦	16	108
盧	16	108
盨	17	108
盩	17	108
盪	17	108
盫	18	108
盬	18	108
盭	20	108
目	5	109
盯	7	109
盰	8	109
盱	8	109
盲	8	109
盳	8	109
直	8	109
盵	8	109
盶	9	109
盷	9	109
相	9	109
盹	9	109
盺	9	109
盻	9	109
盼	9	109
盽	9	109
盾	9	109
盿	9	109
眀	9	109
省	9	109
眂	9	109
眃	9	109
眄	9	109
眅	9	109
眆	9	109
眇	9	109
眈	9	109
眉	9	109
眊	9	109
看	9	109
県	9	109
眍	9	109
眎	10	109
眏	10	109
眐	10	109
眑	10	109
眒	10	109
眓	10	109
眔	10	109
眕	10	109
眖	10	109
眗	10	109
眘	10	109
眙	10	109
眚	10	109
眛	10	109
眜	10	109
眝	10	109
眞	10	109
真	10	109
眠	10	109
眡	10	109
眢	10	109
眣	10	109
眤	10	109
眥	11	109
眦	11	109
眧	10	109
眨	9	109
眩	10	109
眪	10	109
眫	10	109
眬	10	109
眭	11	109
眮	11	109
眯	11	109
眰	11	109
眱	11	109
眲	11	109
眳	11	109
眴	11	109
眵	11	109
眶	11	109
眷	11	109
眸	11	109
眹	11	109
眺	11	109
眻	11	109
眼	11	109
眽	11	109
眾	11	109
眿	10	109
着	11	109
睁	11	109
睂	12	109
睃	12	109
睄	12	109
睅	12	109
睆	12	109
睇	12	109
睈	12	109
睉	12	109
睊	12	109
睋	12	109
睌	12	109
睍	12	109
睎	12	109
睏	12	109
睐	12	109
睑	12	109
睒	13	109
睓	13	109
睔	13	109
睕	13	109
睖	13	109
睗	13	109
睘	13	109
睙	13	109
睚	13	109
睛	13	109
睜	13	109
睝	13	109
睞	13	109
睟	13	109
睠	13	109
睡	13	109
睢	13	109
督	13	109
睤	13	109
睥	13	109
睦	13	109
睧	13	109
睨	13	109
睩	13	109
睪	13	109
睫	13	109
睬	13	109
睭	13	109
睮	14	109
睯	14	109
睰	13	109
睱	14	109
睲	14	109
睳	14	109
睴	14	109
睵	14	109
睶	14	109
睷	13	109
睸	14	109
睹	13	109
睺	14	109
睻	14	109
睼	14	109
睽	14	109
睾	14	109
睿	14	109
瞀	14	109
瞁	14	109
瞂	14	109
瞃	14	109
瞄	13	109
瞅	14	109
瞆	14	109
瞇	14	109
瞈	15	109
瞉	15	109
瞊	15	109
瞋	15	109
瞌	15	109
瞍	14	109
瞎	15	109
瞏	15	109
瞐	15	109
瞑	15	109
瞒	15	109
瞓	15	109
瞔	16	109
瞕	16	109
瞖	16	109
瞗	16	109
瞘	16	109
瞙	15	109
瞚	16	109
瞛	16	109
瞜	16	109
瞝	15	109
瞞	16	109
瞟	16	109
瞠	16	109
瞡	16	109
瞢	15	109
瞣	16	109
瞤	17	109
瞥	16	109
瞦	17	109
瞧	17	109
瞨	17	109
瞩	17	109
瞪	17	109
瞫	17	109
瞬	17	109
瞭	17	109
瞮	17	109
瞯	17	109
瞰	16	109
瞱	15	109
瞲	17	109
瞳	17	109
瞴	17	109
瞵	17	109
瞶	17	109
瞷	17	109
瞸	17	109
瞹	18	109
瞺	18	109
瞻	18	109
瞼	18	109
瞽	18	109
瞾	18	109
瞿	18	109
矀	18	109
矁	18	109
矂	18	109
矃	19	109
矄	19	109
矅	19	109
矆	18	109
矇	18	109
矈	19	109
矉	19	109
矊	19	109
矋	19	109
矌	19	109
矍	20	109
矎	19	109
矏	20	109
矐	21	109
矑	21	109
矒	20	109
矓	21	109
矔	22	109
矕	24	109
矖	24	109
矗	24	109
矘	25	109
矙	24	109
矚	26	109
矛	5	110
矜	9	110
矝	10	110
矞	12	110
矟	12	110
矠	13	110
矡	25	110
矢	5	111
矣	7	111
矤	8	111
知	8	111
矦	9	111
矧	9	111
矨	9	111
矩	9	111
矪	11	111
矫	11	111
矬	12	111
短	12	111
矮	13	111
矯	17	111
矰	17	111
矱	18	111
矲	20	111
石	5	112
矴	7	112
矵	7	112
矶	7	112
矷	8	112
矸	8	112
矹	8	112
矺	8	112
矻	8	112
矼	8	112
矽	8	112
矾	8	112
矿	8	112
砀	8	112
码	8	112
砂	9	112
砃	9	112
砄	9	112
砅	9	112
砆	9	112
砇	9	112
砈	9	112
砉	9	112
砊	9	112
砋	9	112
砌	9	112
砍	9	112
砎	9	112
砏	9	112
砐	8	112
砑	9	112
砒	9	112
砓	9	112
研	9	112
砕	9	112
砖	9	112
砗	9	112
砘	9	112
砙	9	112
砚	9	112
砛	9	112
砜	9	112
砝	10	112
砞	10	112
砟	10	112
砠	10	112
砡	10	112
砢	10	112
砣	10	112
砤	10	112
砥	10	112
砦	11	112
砧	10	112
砨	10	112
砩	10	112
砪	10	112
砫	10	112
砬	10	112
砭	9	112
砮	10	112
砯	10	112
砰	10	112
砱	10	112
砲	10	112
砳	10	112
破	10	112
砵	10	112
砶	10	112
砷	10	112
砸	10	112
砹	10	112
砺	10	112
砻	10	112
砼	10	112
砽	10	112
砾	10	112
砿	10	112
础	10	112
硁	10	112
硂	11	112
硃	11	112
硄	11	112
硅	11	112
硆	11	112
硇	11	112
硈	11	112
硉	11	112
硊	11	112
硋	11	112
硌	11	112
硍	11	112
硎	11	112
硏	11	112
硐	11	112
硑	11	112
硒	11	112
硓	11	112
硔	11	112
硕	11	112
硖	11	112
硗	11	112
硘	11	112
硙	11	112
硚	11	112
硛	11	112
硜	12	112
硝	12	112
硞	12	112
硟	11	112
硠	12	112
硡	12	112
硢	12	112
硣	12	112
硤	12	112
硥	12	112
硦	12	112
硧	12	112
硨	12	112
硩	12	112
硪	12	112
硫	12	112
硬	12	112
硭	11	112
确	12	112
硯	12	112
硰	12	112
硱	12	112
硲	12	112
硳	12	112
硴	12	112
硵	12	112
硶	12	112
硷	12	112
硸	13	112
硹	13	112
硺	13	112
硻	13	112
硼	13	112
硽	13	112
硾	13	112
硿	13	112
碀	11	112
碁	13	112
碂	13	112
碃	13	112
碄	13	112
碅	13	112
碆	13	112
碇	13	112
碈	13	112
碉	13	112
碊	13	112
碋	13	112
碌	13	112
碍	13	112
碎	13	112
碏	13	112
碐	13	112
碑	13	112
碒	13	112
碓	13	112
碔	13	112
碕	13	112
碖	13	112
碗	13	112
碘	13	112
碙	13	112
碚	13	112
碛	13	112
碜	13	112
碝	14	112
碞	14	112
碟	14	112
碠	14	112
碡	14	112
碢	13	112
碣	14	112
碤	13	112
碥	14	112
碦	14	112
碧	14	112
碨	14	112
碩	14	112
碪	14	112
碫	14	112
碬	14	112
碭	14	112
碮	14	112
碯	14	112
碰	13	112
碱	14	112
碲	14	112
碳	14	112
碴	14	112
碵	14	112
碶	14	112
碷	14	112
碸	14	112
碹	14	112
確	15	112
碻	15	112
碼	15	112
碽	15	112
碾	15	112
碿	15	112
磀	14	112
磁	14	112
磂	15	112
磃	15	112
磄	15	112
磅	15	112
磆	14	112
磇	15	112
磈	14	112
磉	15	112
磊	15	112
磋	14	112
磌	15	112
磍	15	112
磎	15	112
磏	15	112
磐	15	112
磑	15	112
磒	15	112
磓	14	112
磔	15	112
磕	15	112
磖	16	112
磗	15	112
磘	15	112
磙	15	112
磚	16	112
磛	16	112
磜	16	112
磝	15	112
磞	16	112
磟	16	112
磠	16	112
磡	16	112
磢	16	112
磣	16	112
磤	15	112
磥	16	112
磦	16	112
磧	16	112
磨	16	112
磩	16	112
磪	16	112
磫	16	112
磬	16	112
磭	16	112
磮	16	112
磯	17	112
磰	17	112
磱	17	112
磲	16	112
磳	17	112
磴	17	112
磵	17	112
磶	17	112
磷	17	112
磸	17	112
磹	17	112
磺	16	112
磻	17	112
磼	17	112
磽	17	112
磾	17	112
磿	17	112
礀	17	112
礁	17	112
礂	17	112
礃	17	112
礄	17	112
礅	17	112
礆	18	112
礇	17	112
礈	17	112
礉	18	112
礊	18	112
礋	18	112
礌	18	112
礍	17	112
礎	18	112
礏	18	112
礐	18	112
礑	18	112
礒	18	112
礓	18	112
礔	18	112
礕	18	112
礖	18	112
礗	19	112
礘	19	112
礙	19	112
礚	18	112
礛	19	112
礜	18	112
礝	19	112
礞	18	112
礟	19	112
礠	18	112
礡	18	112
礢	19	112
礣	19	112
礤	19	112
礥	20	112
礦	19	112
礧	20	112
礨	20	112
礩	20	112
礪	19	112
礫	20	112
礬	20	112
礭	21	112
礮	21	112
礯	21	112
礰	21	112
礱	21	112
礲	21	112
礳	21	112
礴	21	112
礵	22	112
礶	22	112
礷	22	112
礸	24	112
礹	24	112
示	5	113
礻	4	113
礼	5	113
礽	6	113
社	7	113
礿	7	113
祀	7	113
祁	6	113
祂	7	113
祃	7	113
祄	8	113
祅	8	113
祆	8	113
祇	8	113
祈	8	113
祉	8	113
祊	8	113
祋	8	113
祌	8	113
祍	9	113
祎	8	113
祏	9	113
祐	9	113
祑	9	113
祒	9	113
祓	9	113
祔	9	113
祕	9	113
祖	9	113
祗	9	113
祘	10	113
祙	9	113
祚	9	113
祛	9	113
祜	9	113
祝	9	113
神	9	113
祟	10	113
祠	9	113
祡	11	113
祢	9	113
祣	10	113
祤	10	113
祥	10	113
祦	11	113
祧	10	113
票	11	113
祩	10	113
祪	10	113
祫	10	113
祬	10	113
祭	11	113
祮	10	113
祯	10	113
祰	11	113
祱	11	113
祲	11	113
祳	11	113
祴	11	113
祵	11	113
祶	11	113
祷	11	113
祸	11	113
祹	12	113
祺	12	113
祻	12	113
祼	12	113
祽	12	113
祾	12	113
祿	12	113
禀	13	113
禁	13	113
禂	12	113
禃	12	113
禄	12	113
禅	12	113
禆	12	113
禇	12	113
禈	13	113
禉	13	113
禊	13	113
禋	13	113
禌	13	113
禍	12	113
禎	13	113
福	13	113
禐	13	113
禑	13	113
禒	13	113
禓	13	113
禔	13	113
禕	13	113
禖	13	113
禗	13	113
禘	13	113
禙	13	113
禚	14	113
禛	14	113
禜	15	113
禝	14	113
禞	14	113
禟	14	113
禠	14	113
禡	14	113
禢	14	113
禣	14	113
禤	15	113
禥	15	113
禦	17	113
禧	16	113
禨	16	113
禩	15	113
禪	16	113
禫	16	113
禬	17	113
禭	16	113
禮	17	113
禯	17	113
禰	18	113
禱	18	113
禲	18	113
禳	21	113
禴	21	113
禵	22	113
禶	23	113
禷	23	113
禸	4	114
禹	9	114
禺	9	114
离	10	114
禼	11	114
禽	12	114
禾	5	115
禿	7	115
秀	7	115
私	7	115
秂	7	115
秃	7	115
秄	8	115
秅	8	115
秆	8	115
秇	8	115
秈	8	115
秉	8	115
秊	8	115
秋	9	115
秌	9	115
种	9	115
秎	9	115
秏	9	115
秐	9	115
科	9	115
秒	9	115
秓	9	115
秔	9	115
秕	9	115
秖	9	115
秗	9	115
秘	10	115
秙	10	115
秚	10	115
秛	10	115
秜	10	115
秝	10	115
秞	10	115
租	10	115
秠	10	115
秡	10	115
秢	10	115
秣	10	115
秤	10	115
秥	10	115
秦	10	115
秧	10	115
秨	10	115
秩	10	115
秪	10	115
秫	10	115
秬	9	115
秭	9	115
秮	10	115
积	10	115
称	10	115
秱	11	115
秲	11	115
秳	11	115
秴	11	115
秵	11	115
秶	11	115
秷	11	115
秸	11	115
秹	11	115
秺	11	115
移	11	115
秼	11	115
秽	11	115
秾	11	115
秿	12	115
稀	12	115
稁	12	115
稂	12	115
稃	12	115
稄	12	115
稅	12	115
稆	11	115
稇	12	115
稈	12	115
稉	12	115
稊	12	115
程	12	115
稌	12	115
稍	12	115
税	12	115
稏	13	115
稐	13	115
稑	13	115
稒	13	115
稓	13	115
稔	13	115
稕	13	115
稖	13	115
稗	13	115
稘	13	115
稙	13	115
稚	13	115
稛	13	115
稜	13	115
稝	13	115
稞	13	115
稟	13	115
稠	13	115
稡	13	115
稢	13	115
稣	13	115
稤	13	115
稥	13	115
稦	14	115
稧	14	115
稨	14	115
稩	14	115
稪	14	115
稫	14	115
稬	14	115
稭	14	115
種	14	115
稯	14	115
稰	14	115
稱	14	115
稲	14	115
稳	14	115
稴	15	115
稵	14	115
稶	15	115
稷	15	115
稸	15	115
稹	15	115
稺	15	115
稻	15	115
稼	15	115
稽	15	115
稾	15	115
稿	15	115
穀	15	115
穁	14	115
穂	15	115
穃	15	115
穄	16	115
穅	16	115
穆	16	115
穇	16	115
穈	16	115
穉	17	115
穊	14	115
穋	16	115
穌	16	115
積	16	115
穎	16	115
穏	16	115
穐	16	115
穑	16	115
穒	16	115
穓	16	115
穔	16	115
穕	17	115
穖	17	115
穗	17	115
穘	17	115
穙	17	115
穚	17	115
穛	17	115
穜	17	115
穝	17	115
穞	17	115
穟	17	115
穠	18	115
穡	18	115
穢	18	115
穣	18	115
穤	19	115
穥	18	115
穦	19	115
穧	19	115
穨	19	115
穩	19	115
穪	19	115
穫	18	115
穬	19	115
穭	20	115
穮	20	115
穯	20	115
穰	22	115
穱	22	115
穲	24	115
穳	24	115
穴	5	116
穵	6	116
究	7	116
穷	7	116
穸	8	116
穹	8	116
空	8	116
穻	8	116
穼	9	116
穽	9	116
穾	9	116
穿	9	116
窀	9	116
突	9	116
窂	9	116
窃	9	116
窄	10	116
窅	10	116
窆	9	116
窇	10	116
窈	10	116
窉	10	116
窊	10	116
窋	10	116
窌	10	116
窍	10	116
窎	10	116
窏	11	116
窐	11	116
窑	11	116
窒	11	116
窓	11	116
窔	11	116
窕	11	116
窖	12	116
窗	12	116
窘	12	116
窙	12	116
窚	11	116
窛	12	116
窜	12	116
窝	12	116
窞	13	116
窟	13	116
窠	13	116
窡	13	116
窢	13	116
窣	13	116
窤	13	116
窥	13	116
窦	13	116
窧	13	116
窨	14	116
窩	13	116
窪	14	116
窫	14	116
窬	14	116
窭	14	116
窮	15	116
窯	15	116
窰	15	116
窱	15	116
窲	15	116
窳	15	116
窴	15	116
窵	16	116
窶	16	116
窷	16	116
窸	16	116
窹	16	116
窺	16	116
窻	16	116
窼	16	116
窽	16	116
窾	17	116
窿	16	116
竀	17	116
竁	17	116
竂	17	116
竃	17	116
竄	18	116
竅	18	116
竆	18	116
竇	20	116
竈	21	116
竉	21	116
竊	22	116
立	5	117
竌	7	117
竍	7	117
竎	8	117
竏	8	117
竐	9	117
竑	9	117
竒	9	117
竓	9	117
竔	9	117
竕	9	117
竖	9	117
竗	9	117
竘	10	117
站	10	117
竚	10	117
竛	10	117
竜	10	117
竝	10	117
竞	10	117
竟	11	180
章	11	180
竡	11	117
竢	12	117
竣	12	117
竤	12	117
童	12	117
竦	12	117
竧	12	117
竨	13	117
竩	13	117
竪	13	117
竫	11	117
竬	14	117
竭	14	117
竮	14	117
端	14	117
竰	14	117
竱	16	117
竲	17	117
竳	17	117
竴	17	117
竵	18	117
競	20	117
竷	20	117
竸	22	117
竹	6	118
竺	8	118
竻	8	118
竼	9	118
竽	9	118
竾	9	118
竿	9	118
笀	9	118
笁	9	118
笂	9	118
笃	9	118
笄	10	118
笅	10	118
笆	10	118
笇	10	118
笈	9	118
笉	10	118
笊	10	118
笋	10	118
笌	10	118
笍	10	118
笎	10	118
笏	10	118
笐	10	118
笑	10	118
笒	10	118
笓	10	118
笔	10	118
笕	10	118
笖	10	118
笗	11	118
笘	11	118
笙	11	118
笚	11	118
笛	11	118
笜	11	118
笝	11	118
笞	11	118
笟	11	118
笠	11	118
笡	11	118
笢	11	118
笣	11	118
笤	11	118
笥	11	118
符	11	118
笧	11	118
笨	11	118
笩	11	118
笪	11	118
笫	10	118
第	11	118
笭	11	118
笮	11	118
笯	11	118
笰	11	118
笱	11	118
笲	11	118
笳	11	118
笴	11	118
笵	11	118
笶	11	118
笷	11	118
笸	11	118
笹	11	118
笺	11	118
笻	11	118
笼	11	118
笽	11	118
笾	11	118
笿	12	118
筀	12	118
筁	12	118
筂	12	118
筃	12	118
筄	12	118
筅	12	118
筆	12	118
筇	11	118
筈	12	118
等	12	118
筊	12	118
筋	12	118
筌	12	118
筍	12	118
筎	12	118
筏	12	118
筐	12	118
筑	12	118
筒	12	118
筓	12	118
答	12	118
筕	12	118
策	12	118
筗	12	118
筘	12	118
筙	12	118
筚	12	118
筛	12	118
筜	12	118
筝	12	118
筞	13	118
筟	13	118
筠	13	118
筡	13	118
筢	13	118
筣	13	118
筤	13	118
筥	12	118
筦	13	118
筧	13	118
筨	13	118
筩	13	118
筪	13	118
筫	13	118
筬	12	118
筭	13	118
筮	13	118
筯	13	118
筰	13	118
筱	13	118
筲	13	118
筳	12	118
筴	13	118
筵	12	118
筶	13	118
筷	13	118
筸	13	118
筹	13	118
筺	13	118
筻	13	118
筼	13	118
筽	13	118
签	13	118
筿	13	118
简	13	118
箁	14	118
箂	14	118
箃	14	118
箄	14	118
箅	14	118
箆	14	118
箇	14	118
箈	14	118
箉	14	118
箊	14	118
箋	14	118
箌	14	118
箍	14	118
箎	14	118
箏	14	118
箐	14	118
箑	14	118
箒	14	118
箓	14	118
箔	14	118
箕	14	118
箖	14	118
算	14	118
箘	14	118
箙	14	118
箚	14	118
箛	14	118
箜	14	118
箝	14	118
箞	14	118
箟	14	118
箠	14	118
管	14	118
箢	14	118
箣	14	118
箤	14	118
箥	14	118
箦	14	118
箧	14	118
箨	14	118
箩	14	118
箪	14	118
箫	14	118
箬	14	118
箭	15	118
箮	15	118
箯	15	118
箰	15	118
箱	15	118
箲	15	118
箳	15	118
箴	15	118
箵	15	118
箶	15	118
箷	15	118
箸	14	118
箹	15	118
箺	15	118
箻	15	118
箼	15	118
箽	15	118
箾	15	118
箿	15	118
節	13	118
篁	15	118
篂	15	118
篃	15	118
範	15	118
篅	15	118
篆	15	118
篇	15	118
篈	15	118
築	16	118
篊	15	118
篋	15	118
篌	15	118
篍	15	118
篎	15	118
篏	15	118
篐	15	118
篑	15	118
篒	15	118
篓	15	118
篔	16	118
篕	16	118
篖	16	118
篗	16	118
篘	16	118
篙	16	118
篚	16	118
篛	16	118
篜	16	118
篝	16	118
篞	16	118
篟	16	118
篠	16	118
篡	16	118
篢	16	118
篣	16	118
篤	16	118
篥	16	118
篦	16	118
篧	16	118
篨	15	118
篩	16	118
篪	16	118
篫	16	118
篬	16	118
篭	16	118
篮	16	118
篯	16	118
篰	16	118
篱	16	118
篲	17	118
篳	16	118
篴	16	118
篵	17	118
篶	17	118
篷	16	118
篸	17	118
篹	16	118
篺	17	118
篻	17	118
篼	17	118
篽	18	118
篾	17	118
篿	17	118
簀	17	118
簁	17	118
簂	17	118
簃	17	118
簄	17	118
簅	17	118
簆	17	118
簇	17	118
簈	17	118
簉	16	118
簊	17	118
簋	17	118
簌	17	118
簍	17	118
簎	17	118
簏	17	118
簐	17	118
簑	16	118
簒	17	118
簓	17	118
簔	17	118
簕	17	118
簖	17	118
簗	17	118
簘	17	118
簙	18	118
簚	18	118
簛	18	118
簜	18	118
簝	18	118
簞	18	118
簟	18	118
簠	18	118
簡	18	118
簢	18	118
簣	18	118
簤	18	118
簥	18	118
簦	18	118
簧	17	118
簨	18	118
簩	18	118
簪	18	118
簫	19	118
簬	19	118
簭	18	118
簮	18	118
簯	18	118
簰	18	118
簱	18	118
簲	18	118
簳	19	118
簴	19	118
簵	19	118
簶	18	118
簷	19	118
簸	19	118
簹	19	118
簺	19	118
簻	17	118
簼	19	118
簽	19	118
簾	19	118
簿	19	118
籀	19	118
籁	19	118
籂	19	118
籃	20	118
籄	20	118
籅	19	118
籆	19	118
籇	20	118
籈	19	118
籉	20	118
籊	20	118
籋	20	118
籌	20	118
籍	20	118
籎	20	118
籏	20	118
籐	21	118
籑	21	118
籒	21	118
籓	21	118
籔	21	118
籕	20	118
籖	21	118
籗	22	118
籘	22	118
籙	22	118
籚	22	118
籛	22	118
籜	22	118
籝	22	118
籞	23	118
籟	22	118
籠	22	118
籡	22	118
籢	23	118
籣	23	118
籤	23	118
籥	23	118
籦	23	118
籧	22	118
籨	23	118
籩	24	118
籪	24	118
籫	25	118
籬	24	118
籭	25	118
籮	25	118
籯	26	118
籰	26	118
籱	30	118
籲	32	118
米	6	119
籴	8	119
籵	8	119
籶	8	119
籷	9	119
籸	9	119
籹	9	119
籺	9	119
类	9	119
籼	9	119
籽	9	119
籾	9	119
籿	9	119
粀	9	119
粁	9	119
粂	9	119
粃	10	119
粄	10	119
粅	10	119
粆	10	119
粇	10	119
粈	10	119
粉	10	119
粊	10	119
粋	10	119
粌	10	119
粍	10	119
粎	10	119
粏	10	119
粐	10	119
粑	10	119
粒	11	119
粓	11	119
粔	10	119
粕	11	119
粖	11	119
粗	11	119
粘	11	119
粙	11	119
粚	11	119
粛	11	119
粜	11	119
粝	11	119
粞	12	119
粟	12	119
粠	12	119
粡	12	119
粢	12	119
粣	11	119
粤	12	119
粥	12	119
粦	12	119
粧	12	119
粨	12	119
粩	12	119
粪	12	119
粫	12	119
粬	12	119
粭	12	119
粮	13	119
粯	13	119
粰	13	119
粱	13	119
粲	13	119
粳	13	119
粴	13	119
粵	13	119
粶	14	119
粷	14	119
粸	14	119
粹	14	119
粺	14	119
粻	14	119
粼	14	119
粽	14	119
精	14	119
粿	14	119
糀	13	119
糁	14	119
糂	15	119
糃	15	119
糄	15	119
糅	15	119
糆	15	119
糇	15	119
糈	15	119
糉	15	119
糊	15	119
糋	15	119
糌	15	119
糍	15	119
糎	15	119
糏	16	119
糐	16	119
糑	16	119
糒	16	119
糓	16	119
糔	15	119
糕	16	119
糖	16	119
糗	16	119
糘	16	119
糙	16	119
糚	16	119
糛	17	119
糜	17	119
糝	17	119
糞	17	119
糟	17	119
糠	17	119
糡	17	119
糢	16	119
糣	18	119
糤	18	119
糥	18	119
糦	18	119
糧	18	119
糨	18	119
糩	19	119
糪	19	119
糫	19	119
糬	19	119
糭	19	119
糮	20	119
糯	20	119
糰	20	119
糱	22	119
糲	20	119
糳	26	119
糴	22	119
糵	22	119
糶	25	119
糷	26	119
糸	6	120
糹	6	120
糺	7	120
系	7	120
糼	8	120
糽	8	120
糾	8	120
糿	8	120
紀	9	120
紁	9	120
紂	9	120
紃	9	120
約	9	120
紅	9	120
紆	9	120
紇	9	120
紈	9	120
紉	9	120
紊	10	120
紋	10	120
紌	10	120
納	10	120
紎	10	120
紏	10	120
紐	10	120
紑	10	120
紒	10	120
紓	10	120
純	10	120
紕	10	120
紖	10	120
紗	10	120
紘	10	120
紙	10	120
級	9	120
紛	10	120
紜	10	120
紝	10	120
紞	10	120
紟	10	120
素	10	120
紡	10	120
索	10	120
紣	10	120
紤	10	120
紥	10	120
紦	10	120
紧	10	120
紨	11	120
紩	11	120
紪	12	120
紫	12	120
紬	11	120
紭	11	120
紮	11	120
累	11	120
細	11	120
紱	11	120
紲	11	120
紳	11	120
紴	11	120
紵	11	120
紶	11	120
紷	11	120
紸	11	120
紹	11	120
紺	11	120
紻	11	120
紼	11	120
紽	11	120
紾	11	120
紿	11	120
絀	11	120
絁	11	120
終	11	120
絃	11	120
組	11	120
絅	11	120
絆	11	120
絇	11	120
絈	11	120
絉	11	120
絊	11	120
絋	11	120
経	11	120
絍	12	120
絎	12	120
絏	12	120
結	12	120
絑	12	120
絒	12	120
絓	12	120
絔	12	120
絕	12	120
絖	12	120
絗	12	120
絘	12	120
絙	12	120
絚	12	120
絛	12	120
絜	12	120
絝	12	120
絞	12	120
絟	12	120
絠	12	120
絡	12	120
絢	12	120
絣	12	120
絤	12	120
絥	12	120
給	12	120
絧	12	120
絨	12	120
絩	12	120
絪	12	120
絫	12	120
絬	12	120
絭	12	120
絮	12	120
絯	12	120
絰	12	120
統	12	120
絲	12	120
絳	12	120
絴	12	120
絵	12	120
絶	12	120
絷	12	120
絸	13	120
絹	13	120
絺	13	120
絻	13	120
絼	13	120
絽	12	120
絾	12	120
絿	13	120
綀	13	120
綁	12	120
綂	13	120
綃	13	120
綄	13	120
綅	13	120
綆	13	120
綇	13	120
綈	13	120
綉	13	120
綊	13	120
綋	13	120
綌	13	120
綍	13	120
綎	12	120
綏	13	120
綐	13	120
綑	13	120
綒	13	120
經	13	120
綔	13	120
綕	13	120
綖	12	120
綗	13	120
綘	13	120
継	13	120
続	13	120
綛	13	120
綜	14	120
綝	14	120
綞	14	120
綟	14	120
綠	14	120
綡	14	120
綢	14	120
綣	14	120
綤	13	120
綥	14	120
綦	14	120
綧	14	120
綨	14	120
綩	14	120
綪	14	120
綫	14	120
綬	14	120
維	14	120
綮	14	120
綯	14	120
綰	14	120
綱	14	120
網	14	120
綳	14	120
綴	14	120
綵	14	120
綶	14	120
綷	14	120
綸	14	120
綹	14	120
綺	14	120
綻	14	120
綼	14	120
綽	14	120
綾	14	120
綿	14	120
緀	14	120
緁	14	120
緂	14	120
緃	14	120
緄	14	120
緅	14	120
緆	14	120
緇	14	120
緈	14	120
緉	14	120
緊	14	120
緋	14	120
緌	14	120
緍	14	120
緎	14	120
総	14	120
緐	14	120
緑	14	120
緒	14	120
緓	14	120
緔	14	120
緕	14	120
緖	15	120
緗	15	120
緘	15	120
緙	15	120
線	15	120
緛	15	120
緜	15	120
緝	15	120
緞	15	120
緟	15	120
締	15	120
緡	15	120
緢	14	120
緣	15	120
緤	15	120
緥	15	120
緦	15	120
緧	15	120
編	15	120
緩	15	120
緪	15	120
緫	15	120
緬	15	120
緭	15	120
緮	15	120
緯	15	120
緰	15	120
緱	15	120
緲	15	120
緳	15	120
練	15	120
緵	15	120
緶	15	120
緷	15	120
緸	15	120
緹	15	120
緺	14	120
緻	16	120
緼	15	120
緽	15	120
緾	15	120
緿	15	120
縀	15	120
縁	15	120
縂	15	120
縃	15	120
縄	15	120
縅	15	120
縆	15	120
縇	15	120
縈	16	120
縉	16	120
縊	16	120
縋	15	120
縌	15	120
縍	16	120
縎	15	120
縏	16	120
縐	16	120
縑	16	120
縒	15	120
縓	16	120
縔	16	120
縕	16	120
縖	16	120
縗	16	120
縘	16	120
縙	15	120
縚	16	120
縛	16	120
縜	16	120
縝	16	120
縞	16	120
縟	16	120
縠	16	120
縡	16	120
縢	16	120
縣	16	120
縤	16	120
縥	16	120
縦	16	120
縧	16	120
縨	16	120
縩	17	120
縪	16	120
縫	16	120
縬	17	120
縭	16	120
縮	17	120
縯	17	120
縰	17	120
縱	17	120
縲	17	120
縳	17	120
縴	17	120
縵	17	120
縶	17	120
縷	17	120
縸	16	120
縹	17	120
縺	16	120
縻	17	120
縼	17	120
總	17	120
績	17	120
縿	17	120
繀	17	120
繁	17	120
繂	17	120
繃	17	120
繄	17	120
繅	17	120
繆	17	120
繇	17	120
繈	17	120
繉	17	120
繊	17	120
繋	17	120
繌	17	120
繍	17	120
繎	18	120
繏	18	120
繐	18	120
繑	18	120
繒	18	120
繓	18	120
織	18	120
繕	18	120
繖	18	120
繗	18	120
繘	18	120
繙	18	120
繚	18	120
繛	18	120
繜	18	120
繝	18	120
繞	18	120
繟	18	120
繠	18	120
繡	19	120
繢	18	120
繣	18	120
繤	17	120
繥	18	120
繦	18	120
繧	18	120
繨	18	120
繩	19	120
繪	19	120
繫	19	120
繬	19	120
繭	18	120
繮	19	120
繯	19	120
繰	19	120
繱	18	120
繲	19	120
繳	19	120
繴	19	120
繵	19	120
繶	19	120
繷	19	120
繸	18	120
繹	19	120
繺	19	120
繻	20	120
繼	20	120
繽	20	120
繾	19	120
繿	20	120
纀	20	120
纁	20	120
纂	20	120
纃	20	120
纄	19	120
纅	21	120
纆	21	120
纇	21	120
纈	21	120
纉	21	120
纊	20	120
纋	21	120
續	21	120
纍	21	120
纎	21	120
纏	21	120
纐	21	120
纑	22	120
纒	22	120
纓	23	120
纔	23	120
纕	23	120
纖	23	120
纗	24	120
纘	25	120
纙	25	120
纚	25	120
纛	25	120
纜	27	120
纝	27	120
纞	29	120
纟	3	120
纠	5	120
纡	6	120
红	6	120
纣	6	120
纤	6	120
纥	6	120
约	6	120
级	6	120
纨	6	120
纩	6	120
纪	6	120
纫	6	120
纬	7	120
纭	7	120
纮	7	120
纯	7	120
纰	7	120
纱	7	120
纲	7	120
纳	7	120
纴	7	120
纵	7	120
纶	7	120
纷	7	120
纸	7	120
纹	7	120
纺	7	120
纻	7	120
纼	7	120
纽	7	120
纾	7	120
线	8	120
绀	8	120
绁	8	120
绂	8	120
练	8	120
组	8	120
绅	8	120
细	8	120
织	8	120
终	8	120
绉	8	120
绊	8	120
绋	8	120
绌	8	120
绍	8	120
绎	8	120
经	8	120
绐	8	120
绑	9	120
绒	9	120
结	9	120
绔	9	120
绕	9	120
绖	9	120
绗	9	120
绘	9	120
给	9	120
绚	9	120
绛	9	120
络	9	120
绝	9	120
绞	9	120
统	9	120
绠	10	120
绡	10	120
绢	10	120
绣	10	120
绤	10	120
绥	10	120
绦	10	120
继	10	120
绨	10	120
绩	11	120
绪	11	120
绫	11	120
绬	11	120
续	11	120
绮	11	120
绯	11	120
绰	11	120
绱	11	120
绲	11	120
绳	11	120
维	11	120
绵	11	120
绶	11	120
绷	11	120
绸	11	120
绹	11	120
绺	11	120
绻	11	120
综	11	120
绽	11	120
绾	11	120
绿	11	120
缀	11	120
缁	11	120
缂	12	120
缃	12	120
缄	12	120
缅	12	120
缆	12	120
缇	12	120
缈	12	120
缉	12	120
缊	12	120
缋	12	120
缌	12	120
缍	11	120
缎	12	120
缏	12	120
缐	12	120
缑	12	120
缒	12	120
缓	12	120
缔	12	120
缕	12	120
编	12	120
缗	12	120
缘	12	120
缙	13	120
缚	13	120
缛	13	120
缜	13	120
缝	13	120
缞	13	120
缟	13	120
缠	13	120
缡	13	120
缢	13	120
缣	13	120
缤	13	120
缥	14	120
缦	14	120
缧	14	120
缨	14	120
缩	14	120
缪	14	120
缫	14	120
缬	15	120
缭	15	120
缮	15	120
缯	15	120
缰	16	120
缱	16	120
缲	16	120
缳	16	120
缴	16	120
缵	19	120
缶	6	121
缷	8	121
缸	9	121
缹	10	121
缺	10	121
缻	10	121
缼	10	121
缽	11	121
缾	12	121
缿	12	121
罀	12	121
罁	14	121
罂	14	121
罃	16	121
罄	17	121
罅	17	121
罆	17	121
罇	18	121
罈	18	121
罉	18	121
罊	19	121
罋	19	121
罌	20	121
罍	21	121
罎	22	121
罏	22	121
罐	23	121
网	6	122
罒	5	122
罓	4	122
罔	8	122
罕	7	122
罖	8	122
罗	8	122
罘	9	122
罙	8	122
罚	9	122
罛	10	122
罜	10	122
罝	10	122
罞	10	122
罟	10	122
罠	10	122
罡	10	122
罢	10	122
罣	11	122
罤	12	122
罥	12	122
罦	12	122
罧	13	122
罨	13	122
罩	13	122
罪	13	122
罫	13	122
罬	13	122
罭	13	122
置	13	122
罯	14	122
罰	14	122
罱	14	122
署	13	122
罳	14	122
罴	14	122
罵	15	122
罶	15	122
罷	15	122
罸	15	122
罹	16	122
罺	16	122
罻	16	122
罼	15	122
罽	17	122
罾	17	122
罿	17	122
羀	18	122
羁	17	122
羂	18	122
羃	18	122
羄	19	122
羅	19	122
羆	19	122
羇	22	122
羈	24	122
羉	24	122
羊	6	123
羋	8	123
羌	7	123
羍	9	123
美	9	123
羏	9	123
羐	10	123
羑	9	123
羒	10	123
羓	10	123
羔	10	123
羕	11	123
羖	10	123
羗	9	123
羘	10	123
羙	10	123
羚	11	123
羛	11	123
羜	11	123
羝	11	123
羞	10	123
羟	11	123
羠	12	123
羡	12	123
羢	12	123
羣	13	123
群	13	123
羥	13	123
羦	13	123
羧	13	123
羨	13	123
義	13	123
羪	13	123
羫	14	123
羬	15	123
羭	15	123
羮	15	123
羯	15	123
羰	15	123
羱	16	123
羲	16	123
羳	18	123
羴	18	123
羵	18	123
羶	19	123
羷	19	123
羸	19	123
羹	19	123
羺	20	123
羻	21	123
羼	21	123
羽	6	124
羾	9	124
羿	9	124
翀	10	124
翁	10	124
翂	10	124
翃	10	124
翄	10	124
翅	10	124
翆	10	124
翇	11	124
翈	11	124
翉	11	124
翊	11	124
翋	11	124
翌	11	124
翍	11	124
翎	11	124
翏	11	124
翐	11	124
翑	11	124
習	11	124
翓	12	124
翔	12	124
翕	12	124
翖	12	124
翗	12	124
翘	12	124
翙	12	124
翚	12	124
翛	12	124
翜	13	124
翝	13	124
翞	14	124
翟	14	124
翠	14	124
翡	14	124
翢	14	124
翣	14	124
翤	14	124
翥	14	124
翦	15	124
翧	15	124
翨	15	124
翩	15	124
翪	15	124
翫	15	124
翬	15	124
翭	15	124
翮	16	124
翯	16	124
翰	16	124
翱	16	124
翲	17	124
翳	17	124
翴	16	124
翵	17	124
翶	17	124
翷	18	124
翸	18	124
翹	18	124
翺	18	124
翻	18	124
翼	17	124
翽	19	124
翾	19	124
翿	20	124
耀	20	124
老	6	125
耂	4	125
考	6	125
耄	10	125
者	8	125
耆	10	125
耇	9	125
耈	11	125
耉	9	125
耊	10	125
耋	12	125
而	6	126
耍	9	126
耎	9	126
耏	9	126
耐	9	126
耑	9	126
耒	6	127
耓	8	127
耔	9	127
耕	10	127
耖	10	127
耗	10	127
耘	10	127
耙	10	127
耚	11	127
耛	11	127
耜	11	127
耝	11	127
耞	11	127
耟	10	127
耠	12	127
耡	13	127
耢	13	127
耣	14	127
耤	14	127
耥	14	127
耦	15	127
耧	15	127
耨	16	127
耩	16	127
耪	16	127
耫	17	127
耬	17	127
耭	18	127
耮	18	127
耯	19	127
耰	21	127
耱	22	127
耲	22	127
耳	6	128
耴	7	128
耵	8	128
耶	8	128
耷	9	128
耸	10	128
耹	10	128
耺	10	128
耻	10	128
耼	10	128
耽	10	128
耾	10	128
耿	10	128
聀	10	128
聁	10	128
聂	10	128
聃	11	128
聄	11	128
聅	11	128
聆	11	128
聇	11	128
聈	11	128
聉	11	128
聊	11	128
聋	11	128
职	11	128
聍	11	128
聎	12	128
聏	12	128
聐	12	128
聑	12	128
聒	12	128
聓	12	128
联	12	128
聕	13	128
聖	13	128
聗	13	128
聘	13	128
聙	14	128
聚	14	128
聛	14	128
聜	14	128
聝	14	128
聞	14	128
聟	14	128
聠	12	128
聡	14	128
聢	14	128
聣	14	128
聤	15	128
聥	15	128
聦	15	128
聧	15	128
聨	15	128
聩	15	128
聪	15	128
聫	15	128
聬	16	128
聭	15	128
聮	16	128
聯	17	128
聰	17	128
聱	16	128
聲	17	128
聳	17	128
聴	17	128
聵	18	128
聶	18	128
職	18	128
聸	19	128
聹	20	128
聺	20	128
聻	20	128
聼	19	128
聽	22	128
聾	22	128
聿	6	129
肀	4	129
肁	10	129
肂	10	129
肃	8	129
肄	13	129
肅	13	129
肆	13	129
肇	14	129
肈	14	129
肉	6	130
肊	5	130
肋	6	130
肌	6	130
肍	6	130
肎	6	130
肏	8	130
肐	7	130
肑	7	130
肒	7	130
肓	7	130
肔	7	130
肕	7	130
肖	7	130
肗	7	130
肘	7	130
肙	7	130
肚	7	130
肛	7	130
肜	7	130
肝	7	130
肞	7	130
肟	7	130
肠	7	130
股	8	130
肢	8	130
肣	8	130
肤	8	130
肥	8	130
肦	8	130
肧	8	130
肨	8	130
肩	8	130
肪	8	130
肫	8	130
肬	8	130
肭	8	130
肮	8	130
肯	8	130
肰	8	130
肱	8	130
育	8	130
肳	8	130
肴	8	130
肵	8	130
肶	8	130
肷	8	130
肸	8	130
肹	8	130
肺	8	130
肻	8	130
肼	8	130
肽	8	130
肾	8	130
肿	8	130
胀	8	130
胁	8	130
胂	9	130
胃	9	130
胄	9	130
胅	9	130
胆	9	130
胇	9	130
胈	9	130
胉	9	130
胊	9	130
胋	9	130
背	9	130
胍	9	130
胎	9	130
胏	8	130
胐	9	130
胑	9	130
胒	9	130
胓	9	130
胔	12	130
胕	9	130
胖	9	130
胗	9	130
胘	9	130
胙	9	130
胚	9	130
胛	9	130
胜	9	130
胝	9	130
胞	9	130
胟	9	130
胠	9	130
胡	9	130
胢	9	130
胣	9	130
胤	9	130
胥	9	130
胦	9	130
胧	9	130
胨	9	130
胩	9	130
胪	9	130
胫	9	130
胬	11	130
胭	10	130
胮	10	130
胯	10	130
胰	10	130
胱	10	130
胲	10	130
胳	10	130
胴	10	130
胵	10	130
胶	10	130
胷	10	130
胸	10	130
胹	10	130
胺	10	130
胻	10	130
胼	10	130
能	10	130
胾	12	130
胿	10	130
脀	10	130
脁	10	130
脂	10	130
脃	10	130
脄	10	130
脅	10	130
脆	10	130
脇	10	130
脈	10	130
脉	9	130
脊	10	130
脋	10	130
脌	10	130
脍	10	130
脎	10	130
脏	10	130
脐	10	130
脑	10	130
脒	10	130
脓	10	130
脔	12	130
脕	11	130
脖	11	130
脗	11	130
脘	11	130
脙	11	130
脚	11	130
脛	11	130
脜	11	130
脝	11	130
脞	11	130
脟	11	130
脠	10	130
脡	10	130
脢	11	130
脣	11	130
脤	11	130
脥	11	130
脦	11	130
脧	11	130
脨	11	130
脩	10	130
脪	11	130
脫	11	130
脬	11	130
脭	11	130
脮	11	130
脯	11	130
脰	11	130
脱	11	130
脲	11	130
脳	11	130
脴	11	130
脵	11	130
脶	11	130
脷	11	130
脸	11	130
脹	12	130
脺	12	130
脻	12	130
脼	12	130
脽	12	130
脾	12	130
脿	12	130
腀	12	130
腁	12	130
腂	12	130
腃	12	130
腄	12	130
腅	12	130
腆	12	130
腇	12	130
腈	12	130
腉	12	130
腊	12	130
腋	12	130
腌	12	130
腍	12	130
腎	12	130
腏	12	130
腐	14	130
腑	12	130
腒	12	130
腓	12	130
腔	12	130
腕	12	130
腖	12	130
腗	12	130
腘	12	130
腙	12	130
腚	12	130
腛	13	130
腜	13	130
腝	13	130
腞	13	130
腟	13	130
腠	13	130
腡	12	130
腢	13	130
腣	13	130
腤	13	130
腥	13	130
腦	13	130
腧	13	130
腨	13	130
腩	13	130
腪	13	130
腫	13	130
腬	13	130
腭	13	130
腮	13	130
腯	13	130
腰	13	130
腱	12	130
腲	13	130
腳	13	130
腴	12	130
腵	13	130
腶	13	130
腷	13	130
腸	13	130
腹	13	130
腺	13	130
腻	13	130
腼	13	130
腽	13	130
腾	13	130
腿	13	130
膀	14	130
膁	14	130
膂	14	130
膃	14	130
膄	13	130
膅	14	130
膆	14	130
膇	13	130
膈	14	130
膉	14	130
膊	14	130
膋	14	130
膌	14	130
膍	14	130
膎	14	130
膏	14	130
膐	16	130
膑	14	130
膒	15	130
膓	15	130
膔	15	130
膕	15	130
膖	14	130
膗	15	130
膘	15	130
膙	16	130
膚	15	130
膛	15	130
膜	14	130
膝	15	130
膞	15	130
膟	15	130
膠	15	130
膡	15	130
膢	15	130
膣	15	130
膤	15	74
膥	17	130
膦	16	130
膧	16	130
膨	16	130
膩	16	130
膪	16	130
膫	16	130
膬	16	130
膭	16	130
膮	16	130
膯	16	130
膰	16	130
膱	16	130
膲	16	130
膳	16	130
膴	16	130
膵	15	130
膶	16	130
膷	15	130
膸	17	130
膹	16	130
膺	17	130
膻	17	130
膼	15	130
膽	17	130
膾	17	130
膿	17	130
臀	17	130
臁	17	130
臂	17	130
臃	17	130
臄	17	130
臅	17	130
臆	17	130
臇	16	130
臈	16	130
臉	17	130
臊	17	130
臋	19	130
臌	17	130
臍	18	130
臎	18	130
臏	18	130
臐	18	130
臑	18	130
臒	17	130
臓	18	130
臔	19	130
臕	19	130
臖	20	130
臗	18	130
臘	19	130
臙	20	130
臚	20	130
臛	20	130
臜	20	130
臝	21	130
臞	22	130
臟	21	130
臠	25	130
臡	25	130
臢	23	130
臣	6	131
臤	8	131
臥	8	131
臦	12	131
臧	14	131
臨	17	131
臩	17	131
自	6	132
臫	7	132
臬	10	132
臭	10	132
臮	12	132
臯	12	132
臰	12	132
臱	15	132
臲	16	132
至	6	133
致	10	133
臵	12	133
臶	12	133
臷	12	133
臸	12	133
臹	12	133
臺	14	133
臻	16	133
臼	6	134
臽	8	134
臾	8	134
臿	9	134
舀	10	134
舁	9	134
舂	11	134
舃	12	134
舄	12	134
舅	13	134
舆	14	134
與	13	134
興	16	134
舉	16	134
舊	17	134
舋	20	134
舌	6	135
舍	8	135
舎	8	135
舏	8	135
舐	10	135
舑	11	135
舒	12	135
舓	14	135
舔	14	135
舕	14	135
舖	15	135
舗	15	135
舘	16	135
舙	18	135
舚	19	135
舛	6	136
舜	12	136
舝	13	136
舞	14	136
舟	6	137
舠	8	137
舡	9	137
舢	9	137
舣	9	137
舤	9	137
舥	10	137
舦	10	137
舧	10	137
舨	10	137
舩	10	137
航	10	137
舫	10	137
般	10	137
舭	10	137
舮	10	137
舯	10	137
舰	10	137
舱	10	137
舲	11	137
舳	11	137
舴	11	137
舵	11	137
舶	11	137
舷	11	137
舸	11	137
船	11	137
舺	11	137
舻	11	137
舼	12	137
舽	12	137
舾	12	137
舿	12	137
艀	13	137
艁	13	137
艂	13	137
艃	13	137
艄	13	137
艅	13	137
艆	13	137
艇	12	137
艈	13	137
艉	13	137
艊	14	137
艋	14	137
艌	14	137
艍	14	137
艎	15	137
艏	15	137
艐	15	137
艑	15	137
艒	15	137
艓	15	137
艔	15	137
艕	16	137
艖	15	137
艗	16	137
艘	15	137
艙	16	137
艚	17	137
艛	17	137
艜	17	137
艝	17	137
艞	18	137
艟	18	137
艠	18	137
艡	19	137
艢	19	137
艣	19	137
艤	19	137
艥	18	137
艦	20	137
艧	19	137
艨	19	137
艩	20	137
艪	21	137
艫	22	137
艬	23	137
艭	24	137
艮	6	138
良	7	138
艰	8	138
艱	17	138
色	6	139
艳	10	139
艴	11	139
艵	12	139
艶	19	139
艷	24	139
艸	6	140
艹	3	140
艺	4	140
艻	5	140
艼	5	140
艽	5	140
艾	5	140
艿	5	140
芀	5	140
芁	5	140
节	5	140
芃	6	140
芄	6	140
芅	6	140
芆	6	140
芇	6	140
芈	7	140
芉	6	140
芊	6	140
芋	6	140
芌	6	140
芍	6	140
芎	6	140
芏	6	140
芐	6	140
芑	6	140
芒	6	140
芓	6	140
芔	9	140
芕	6	140
芖	6	140
芗	6	140
芘	7	140
芙	7	140
芚	7	140
芛	7	140
芜	7	140
芝	6	140
芞	7	140
芟	7	140
芠	7	140
芡	7	140
芢	7	140
芣	7	140
芤	7	140
芥	7	140
芦	7	140
芧	7	140
芨	6	140
芩	7	140
芪	7	140
芫	7	140
芬	7	140
芭	7	140
芮	7	140
芯	7	140
芰	7	140
花	7	140
芲	7	140
芳	7	140
芴	7	140
芵	7	140
芶	7	140
芷	7	140
芸	7	140
芹	7	140
芺	7	140
芻	10	140
芼	7	140
芽	7	140
芾	7	140
芿	7	140
苀	7	140
苁	7	140
苂	7	140
苃	7	140
苄	7	140
苅	7	140
苆	7	140
苇	7	140
苈	7	140
苉	7	140
苊	7	140
苋	7	140
苌	7	140
苍	7	140
苎	7	140
苏	7	140
苐	8	140
苑	8	140
苒	8	140
苓	8	140
苔	8	140
苕	8	140
苖	8	140
苗	8	140
苘	8	140
苙	8	140
苚	8	140
苛	8	140
苜	8	140
苝	8	140
苞	8	140
苟	8	140
苠	8	140
苡	7	140
苢	8	140
苣	7	140
苤	8	140
若	8	140
苦	8	140
苧	8	140
苨	8	140
苩	8	140
苪	8	140
苫	8	140
苬	8	140
苭	8	140
苮	8	140
苯	8	140
苰	8	140
英	8	140
苲	8	140
苳	8	140
苴	8	140
苵	8	140
苶	8	140
苷	8	140
苸	8	140
苹	8	140
苺	8	140
苻	8	140
苼	8	140
苽	8	140
苾	8	140
苿	8	140
茀	8	140
茁	8	140
茂	8	140
范	8	140
茄	8	140
茅	8	140
茆	8	140
茇	8	140
茈	9	140
茉	8	140
茊	8	140
茋	8	140
茌	8	140
茍	9	140
茎	8	140
茏	8	140
茐	8	140
茑	8	140
茒	12	140
茓	8	140
茔	8	140
茕	8	140
茖	9	140
茗	9	140
茘	9	140
茙	9	140
茚	8	140
茛	9	140
茜	9	140
茝	10	140
茞	9	140
茟	9	140
茠	9	140
茡	9	140
茢	9	140
茣	10	140
茤	9	140
茥	9	140
茦	9	140
茧	9	140
茨	9	140
茩	9	140
茪	9	140
茫	9	140
茬	9	140
茭	9	140
茮	9	140
茯	9	140
茰	9	140
茱	9	140
茲	9	140
茳	9	140
茴	9	140
茵	9	140
茶	9	140
茷	9	140
茸	9	140
茹	9	140
茺	9	140
茻	12	140
茼	9	140
茽	9	140
茾	7	140
茿	9	140
荀	9	140
荁	9	140
荂	9	140
荃	9	140
荄	9	140
荅	9	140
荆	9	140
荇	9	140
荈	9	140
草	9	140
荊	9	140
荋	9	140
荌	9	140
荍	9	140
荎	9	140
荏	9	140
荐	9	140
荑	9	140
荒	9	140
荓	9	140
荔	9	140
荕	9	140
荖	9	140
荗	9	140
荘	9	140
荙	9	140
荚	9	140
荛	9	140
荜	9	140
荝	9	140
荞	9	140
荟	9	140
荠	9	140
荡	9	140
荢	9	140
荣	9	140
荤	9	140
荥	9	140
荦	9	140
荧	9	140
荨	9	140
荩	9	140
荪	9	140
荫	9	140
荬	9	140
荭	9	140
荮	9	140
药	9	140
荰	10	140
荱	10	140
荲	10	140
荳	10	140
荴	10	140
荵	10	140
荶	10	140
荷	10	140
荸	10	140
荹	10	140
荺	10	140
荻	10	140
荼	10	140
荽	10	140
荾	10	140
荿	9	140
莀	10	140
莁	10	140
莂	10	140
莃	10	140
莄	10	140
莅	10	140
莆	10	140
莇	10	140
莈	10	140
莉	10	140
莊	10	140
莋	10	140
莌	10	140
莍	10	140
莎	10	140
莏	10	140
莐	10	140
莑	10	140
莒	9	140
莓	10	140
莔	10	140
莕	10	140
莖	10	140
莗	10	140
莘	10	140
莙	10	140
莚	9	140
莛	9	140
莜	10	140
莝	10	140
莞	10	140
莟	10	140
莠	10	140
莡	10	140
莢	10	140
莣	10	140
莤	10	140
莥	10	140
莦	10	140
莧	10	140
莨	10	140
莩	10	140
莪	10	140
莫	10	140
莬	10	140
莭	10	140
莮	10	140
莯	10	140
莰	10	140
莱	10	140
莲	10	140
莳	10	140
莴	10	140
莵	10	140
莶	10	140
获	10	140
莸	10	140
莹	10	140
莺	10	140
莻	13	140
莼	10	140
莽	10	140
莾	11	140
莿	11	140
菀	11	140
菁	11	140
菂	11	140
菃	10	140
菄	11	140
菅	11	140
菆	11	140
菇	11	140
菈	11	140
菉	11	140
菊	11	140
菋	11	140
菌	11	140
菍	11	140
菎	11	140
菏	11	140
菐	12	140
菑	11	140
菒	11	140
菓	11	140
菔	11	140
菕	11	140
菖	11	140
菗	11	140
菘	11	140
菙	11	140
菚	11	140
菛	11	140
菜	11	140
菝	11	140
菞	11	140
菟	11	140
菠	11	140
菡	11	140
菢	11	140
菣	11	140
菤	11	140
菥	11	140
菦	10	140
菧	11	140
菨	11	140
菩	11	140
菪	11	140
菫	11	140
菬	11	140
菭	11	140
菮	11	140
華	10	140
菰	11	140
菱	11	140
菲	11	140
菳	11	140
菴	11	140
菵	11	140
菶	11	140
菷	11	140
菸	11	140
菹	11	140
菺	11	140
菻	11	140
菼	11	140
菽	11	140
菾	11	140
菿	11	140
萀	11	140
萁	11	140
萂	11	140
萃	11	140
萄	11	140
萅	11	140
萆	11	140
萇	11	140
萈	11	140
萉	11	140
萊	11	140
萋	11	140
萌	11	140
萍	11	140
萎	11	140
萏	11	140
萐	11	140
萑	11	140
萒	11	140
萓	11	140
萔	11	140
萕	11	140
萖	11	140
萗	11	140
萘	11	140
萙	11	140
萚	11	140
萛	11	140
萜	11	140
萝	11	140
萞	11	140
萟	11	140
萠	11	140
萡	11	140
萢	11	140
萣	11	140
萤	11	140
营	11	140
萦	11	140
萧	11	140
萨	11	140
萩	12	140
萪	12	140
萫	12	140
萬	12	114
萭	12	140
萮	12	140
萯	12	140
萰	12	140
萱	12	140
萲	12	140
萳	12	140
萴	12	140
萵	11	140
萶	12	140
萷	12	140
萸	11	140
萹	12	140
萺	12	140
萻	12	140
萼	12	140
落	12	140
萾	12	140
萿	12	140
葀	12	140
葁	12	140
葂	12	140
葃	12	140
葄	12	140
葅	12	140
葆	12	140
葇	12	140
葈	12	140
葉	12	140
葊	12	140
葋	12	140
葌	12	140
葍	12	140
葎	12	140
葏	12	140
葐	12	140
葑	12	140
葒	12	140
葓	12	140
葔	12	140
葕	12	140
葖	12	140
著	11	140
葘	12	140
葙	12	140
葚	12	140
葛	12	140
葜	12	140
葝	12	140
葞	12	140
葟	12	140
葠	12	140
葡	12	140
葢	12	140
董	12	140
葤	12	140
葥	12	140
葦	12	140
葧	12	140
葨	12	140
葩	12	140
葪	12	140
葫	12	140
葬	12	140
葭	12	140
葮	12	140
葯	12	140
葰	12	140
葱	12	140
葲	12	140
葳	12	140
葴	12	140
葵	12	140
葶	12	140
葷	12	140
葸	12	140
葹	12	140
葺	12	140
葻	12	140
葼	12	140
葽	12	140
葾	12	140
葿	12	140
蒀	12	140
蒁	11	140
蒂	12	140
蒃	12	140
蒄	12	140
蒅	12	140
蒆	12	140
蒇	12	140
蒈	12	140
蒉	12	140
蒊	15	140
蒋	12	140
蒌	12	140
蒍	12	140
蒎	12	140
蒏	12	140
蒐	12	140
蒑	13	140
蒒	13	140
蒓	13	140
蒔	13	140
蒕	13	140
蒖	13	140
蒗	13	140
蒘	13	140
蒙	13	140
蒚	13	140
蒛	13	140
蒜	13	140
蒝	13	140
蒞	13	140
蒟	13	140
蒠	13	140
蒡	13	140
蒢	12	140
蒣	13	140
蒤	13	140
蒥	13	140
蒦	13	140
蒧	13	140
蒨	13	140
蒩	13	140
蒪	13	140
蒫	12	140
蒬	13	140
蒭	13	140
蒮	13	140
蒯	13	140
蒰	13	140
蒱	13	140
蒲	13	140
蒳	13	140
蒴	13	140
蒵	13	140
蒶	13	140
蒷	13	140
蒸	13	86
蒹	13	140
蒺	13	140
蒻	13	140
蒼	13	140
蒽	13	140
蒾	12	140
蒿	13	140
蓀	13	140
蓁	13	140
蓂	13	140
蓃	12	140
蓄	13	140
蓅	13	140
蓆	13	140
蓇	12	140
蓈	11	140
蓉	13	140
蓊	13	140
蓋	13	140
蓌	13	140
蓍	13	140
蓎	13	140
蓏	13	140
蓐	13	140
蓑	13	140
蓒	13	140
蓓	13	140
蓔	13	140
蓕	13	140
蓖	13	140
蓗	13	140
蓘	13	140
蓙	13	140
蓚	12	140
蓛	13	140
蓜	13	140
蓝	13	140
蓞	16	140
蓟	13	140
蓠	13	140
蓡	13	140
蓢	13	140
蓣	13	140
蓤	13	140
蓥	13	140
蓦	13	140
蓧	13	140
蓨	13	140
蓩	13	140
蓪	13	140
蓫	13	140
蓬	13	140
蓭	14	140
蓮	13	140
蓯	14	140
蓰	14	140
蓱	12	140
蓲	14	140
蓳	14	140
蓴	14	140
蓵	14	140
蓶	14	140
蓷	14	140
蓸	14	140
蓹	15	140
蓺	14	140
蓻	14	140
蓼	14	140
蓽	13	140
蓾	14	140
蓿	14	140
蔀	13	140
蔁	14	140
蔂	14	140
蔃	15	140
蔄	14	140
蔅	14	140
蔆	14	140
蔇	12	140
蔈	14	140
蔉	14	140
蔊	14	140
蔋	14	140
蔌	14	140
蔍	14	140
蔎	14	140
蔏	14	140
蔐	14	140
蔑	14	140
蔒	14	140
蔓	14	140
蔔	14	140
蔕	14	140
蔖	14	140
蔗	14	140
蔘	14	140
蔙	14	140
蔚	14	140
蔛	14	140
蔜	13	140
蔝	14	140
蔞	14	140
蔟	14	140
蔠	14	140
蔡	14	140
蔢	14	140
蔣	14	140
蔤	14	140
蔥	14	140
蔦	14	140
蔧	14	140
蔨	14	140
蔩	14	140
蔪	14	140
蔫	14	140
蔬	15	140
蔭	13	140
蔮	14	140
蔯	13	140
蔰	14	140
蔱	13	140
蔲	14	140
蔳	14	140
蔴	14	140
蔵	14	140
蔶	14	140
蔷	14	140
蔸	14	140
蔹	14	140
蔺	14	140
蔻	14	140
蔼	14	140
蔽	14	140
蔾	15	140
蔿	15	140
蕀	15	140
蕁	15	140
蕂	15	140
蕃	15	140
蕄	15	140
蕅	15	140
蕆	15	140
蕇	15	140
蕈	15	140
蕉	15	140
蕊	15	140
蕋	15	140
蕌	15	140
蕍	15	140
蕎	15	140
蕏	14	140
蕐	15	140
蕑	15	140
蕒	15	140
蕓	15	140
蕔	15	140
蕕	15	140
蕖	14	140
蕗	16	140
蕘	15	140
蕙	15	140
蕚	15	140
蕛	15	140
蕜	15	140
蕝	15	140
蕞	15	140
蕟	15	140
蕠	15	140
蕡	15	140
蕢	15	140
蕣	15	140
蕤	15	140
蕥	15	140
蕦	15	140
蕧	15	140
蕨	15	140
蕩	15	140
蕪	15	140
蕫	15	140
蕬	15	140
蕭	16	140
蕮	15	140
蕯	14	140
蕰	15	140
蕱	15	140
蕲	15	140
蕳	15	140
蕴	15	140
蕵	15	140
蕶	16	140
蕷	16	140
蕸	15	140
蕹	16	140
蕺	15	140
蕻	16	140
蕼	16	140
蕽	16	140
蕾	16	140
蕿	16	140
薀	16	140
薁	15	140
薂	16	140
薃	16	140
薄	16	140
薅	16	140
薆	16	140
薇	16	140
薈	16	140
薉	16	140
薊	16	140
薋	16	140
薌	14	140
薍	16	140
薎	16	140
薏	16	140
薐	16	140
薑	16	140
薒	16	140
薓	16	140
薔	16	140
薕	16	140
薖	14	140
薗	16	140
薘	15	140
薙	16	140
薚	16	140
薛	16	140
薜	16	140
薝	16	140
薞	16	140
薟	16	140
薠	16	140
薡	15	140
薢	16	140
薣	16	140
薤	16	140
薥	16	140
薦	16	140
薧	16	140
薨	16	140
薩	16	140
薪	16	140
薫	16	140
薬	16	140
薭	16	140
薮	16	140
薯	16	140
薰	17	140
薱	17	140
薲	17	140
薳	16	140
薴	17	140
薵	17	140
薶	17	140
薷	17	140
薸	17	140
薹	17	140
薺	17	140
薻	17	140
薼	17	140
薽	16	140
薾	17	140
薿	17	140
藀	17	140
藁	17	140
藂	17	140
藃	17	140
藄	17	140
藅	17	140
藆	17	140
藇	16	140
藈	17	140
藉	17	140
藊	17	140
藋	17	140
藌	17	140
藍	17	140
藎	17	140
藏	17	140
藐	17	140
藑	17	140
藒	17	140
藓	17	140
藔	21	140
藕	18	140
藖	18	140
藗	17	140
藘	18	140
藙	18	140
藚	18	140
藛	18	140
藜	18	140
藝	18	140
藞	18	140
藟	18	140
藠	18	140
藡	17	140
藢	18	140
藣	18	140
藤	18	140
藥	18	140
藦	18	140
藧	18	140
藨	18	140
藩	18	140
藪	18	140
藫	18	140
藬	17	140
藭	18	140
藮	19	140
藯	18	140
藰	18	140
藱	17	140
藲	18	140
藳	18	140
藴	18	140
藵	18	140
藶	19	140
藷	18	140
藸	18	140
藹	19	140
藺	19	140
藻	19	140
藼	19	140
藽	19	140
藾	19	140
藿	19	140
蘀	19	140
蘁	19	140
蘂	19	140
蘃	19	140
蘄	19	140
蘅	19	140
蘆	19	140
蘇	19	140
蘈	19	140
蘉	19	140
蘊	19	140
蘋	19	140
蘌	20	140
蘍	19	140
蘎	19	140
蘏	19	140
蘐	19	140
蘑	19	140
蘒	19	140
蘓	19	140
蘔	19	140
蘕	19	140
蘖	20	140
蘗	20	140
蘘	20	140
蘙	20	140
蘚	20	140
蘛	20	140
蘜	20	140
蘝	20	140
蘞	20	140
蘟	19	140
蘠	20	140
蘡	20	140
蘢	19	140
蘣	19	140
蘤	20	140
蘥	20	140
蘦	20	140
蘧	19	140
蘨	20	140
蘩	20	140
蘪	20	140
蘫	20	140
蘬	21	140
蘭	20	140
蘮	20	140
蘯	20	140
蘰	20	140
蘱	22	140
蘲	21	140
蘳	20	140
蘴	21	140
蘵	21	140
蘶	20	140
蘷	21	140
蘸	22	140
蘹	22	140
蘺	21	140
蘻	22	140
蘼	22	140
蘽	22	140
蘾	22	140
蘿	22	140
虀	22	140
虁	24	140
虂	24	140
虃	23	140
虄	26	140
虅	23	140
虆	24	140
虇	23	140
虈	24	140
虉	24	140
虊	26	140
虋	29	140
虌	27	140
虍	6	141
虎	8	141
虏	8	141
虐	9	141
虑	10	141
虒	10	27
虓	10	141
虔	10	141
處	11	141
虖	11	141
虗	11	141
虘	11	141
虙	11	141
虚	11	141
虛	12	141
虜	13	141
虝	12	141
虞	13	141
號	13	141
虠	14	141
虡	13	141
虢	15	141
虣	16	141
虤	16	141
虥	16	141
虦	16	141
虧	17	141
虨	17	141
虩	18	141
虪	26	141
虫	6	142
虬	7	142
虭	8	142
虮	8	142
虯	8	142
虰	8	142
虱	8	142
虲	8	142
虳	9	142
虴	9	142
虵	9	142
虶	9	142
虷	9	142
虸	9	142
虹	9	142
虺	9	142
虻	9	142
虼	9	142
虽	9	142
虾	9	142
虿	9	142
蚀	9	142
蚁	9	142
蚂	9	142
蚃	9	142
蚄	10	142
蚅	10	142
蚆	10	142
蚇	10	142
蚈	10	142
蚉	10	142
蚊	10	142
蚋	10	142
蚌	10	142
蚍	10	142
蚎	10	142
蚏	10	142
蚐	10	142
蚑	10	142
蚒	10	142
蚓	10	142
蚔	10	142
蚕	10	142
蚖	10	142
蚗	10	142
蚘	10	142
蚙	10	142
蚚	10	142
蚛	10	142
蚜	10	142
蚝	10	142
蚞	10	142
蚟	10	142
蚠	10	142
蚡	10	142
蚢	10	142
蚣	10	142
蚤	9	142
蚥	10	142
蚦	10	142
蚧	10	142
蚨	10	142
蚩	10	142
蚪	10	142
蚫	11	142
蚬	10	142
蚭	11	142
蚮	11	142
蚯	11	142
蚰	11	142
蚱	11	142
蚲	11	142
蚳	11	142
蚴	11	142
蚵	11	142
蚶	11	142
蚷	10	142
蚸	11	142
蚹	11	142
蚺	11	142
蚻	11	142
蚼	11	142
蚽	11	142
蚾	11	142
蚿	11	142
蛀	11	142
蛁	11	142
蛂	11	142
蛃	11	142
蛄	11	142
蛅	11	142
蛆	11	142
蛇	11	142
蛈	11	142
蛉	11	142
蛊	11	142
蛋	11	142
蛌	11	142
蛍	11	142
蛎	11	142
蛏	11	142
蛐	12	142
蛑	12	142
蛒	12	142
蛓	12	142
蛔	12	142
蛕	12	142
蛖	13	142
蛗	12	142
蛘	12	142
蛙	12	142
蛚	12	142
蛛	12	142
蛜	12	142
蛝	12	142
蛞	12	142
蛟	12	142
蛠	12	142
蛡	12	142
蛢	12	142
蛣	12	142
蛤	12	142
蛥	12	142
蛦	12	142
蛧	12	142
蛨	12	142
蛩	12	142
蛪	12	142
蛫	12	142
蛬	12	142
蛭	12	142
蛮	12	142
蛯	12	142
蛰	12	142
蛱	12	142
蛲	12	142
蛳	12	142
蛴	12	142
蛵	13	142
蛶	13	142
蛷	13	142
蛸	13	142
蛹	13	142
蛺	13	142
蛻	13	142
蛼	13	142
蛽	13	142
蛾	13	142
蛿	13	142
蜀	13	142
蜁	13	142
蜂	13	142
蜃	13	142
蜄	13	142
蜅	13	142
蜆	13	142
蜇	13	142
蜈	13	142
蜉	13	142
蜊	13	142
蜋	13	142
蜌	13	142
蜍	13	142
蜎	13	142
蜏	13	142
蜐	13	142
蜑	12	142
蜒	12	142
蜓	12	142
蜔	13	142
蜕	13	142
蜖	13	142
蜗	13	142
蜘	14	142
蜙	14	142
蜚	14	142
蜛	14	142
蜜	14	142
蜝	14	142
蜞	14	142
蜟	14	142
蜠	14	142
蜡	14	142
蜢	14	142
蜣	13	142
蜤	14	142
蜥	14	142
蜦	14	142
蜧	14	142
蜨	14	142
蜩	14	142
蜪	14	142
蜫	14	142
蜬	14	142
蜭	14	142
蜮	14	142
蜯	14	142
蜰	14	142
蜱	14	142
蜲	14	142
蜳	14	142
蜴	14	142
蜵	15	142
蜶	14	142
蜷	14	142
蜸	14	142
蜹	13	142
蜺	14	142
蜻	14	142
蜼	14	142
蜽	14	142
蜾	14	142
蜿	14	142
蝀	14	142
蝁	14	142
蝂	14	142
蝃	14	142
蝄	14	142
蝅	14	142
蝆	13	142
蝇	14	142
蝈	14	142
蝉	14	142
蝊	14	142
蝋	14	142
蝌	15	142
蝍	13	142
蝎	15	142
蝏	15	142
蝐	15	142
蝑	15	142
蝒	15	142
蝓	15	142
蝔	15	142
蝕	14	142
蝖	15	142
蝗	15	142
蝘	15	142
蝙	15	142
蝚	15	142
蝛	15	142
蝜	15	142
蝝	15	142
蝞	15	142
蝟	15	142
蝠	15	142
蝡	15	142
蝢	15	142
蝣	15	142
蝤	15	142
蝥	15	142
蝦	15	142
蝧	14	142
蝨	15	142
蝩	15	142
蝪	15	142
蝫	14	142
蝬	15	142
蝭	15	142
蝮	15	142
蝯	15	142
蝰	15	142
蝱	15	142
蝲	15	142
蝳	15	142
蝴	15	142
蝵	15	142
蝶	15	142
蝷	15	142
蝸	14	142
蝹	15	142
蝺	15	142
蝻	15	142
蝼	15	142
蝽	15	142
蝾	15	142
蝿	15	142
螀	15	142
螁	15	142
螂	14	142
螃	16	142
螄	16	142
螅	16	142
螆	15	142
螇	16	142
螈	16	142
螉	16	142
螊	16	142
螋	15	142
螌	16	142
融	16	142
螎	16	142
螏	16	142
螐	16	142
螑	16	142
螒	16	142
螓	16	142
螔	16	142
螕	16	142
螖	15	142
螗	16	142
螘	16	142
螙	16	142
螚	16	142
螛	16	142
螜	16	142
螝	15	142
螞	16	142
螟	16	142
螠	16	142
螡	16	142
螢	16	142
螣	16	142
螤	16	142
螥	16	142
螦	16	142
螧	16	142
螨	16	142
螩	16	142
螪	17	142
螫	17	142
螬	17	142
螭	16	142
螮	17	142
螯	16	142
螰	17	142
螱	17	142
螲	17	142
螳	17	142
螴	16	142
螵	17	142
螶	16	142
螷	17	142
螸	17	142
螹	17	142
螺	17	142
螻	17	142
螼	17	142
螽	17	142
螾	17	142
螿	17	142
蟀	17	142
蟁	17	142
蟂	17	142
蟃	17	142
蟄	17	142
蟅	17	142
蟆	16	142
蟇	16	142
蟈	17	142
蟉	17	142
蟊	17	142
蟋	17	142
蟌	17	142
蟍	17	142
蟎	17	142
蟏	17	142
蟐	17	142
蟑	17	142
蟒	16	142
蟓	17	142
蟔	18	142
蟕	19	142
蟖	18	142
蟗	18	142
蟘	18	142
蟙	18	142
蟚	18	142
蟛	18	142
蟜	18	142
蟝	17	142
蟞	17	142
蟟	18	142
蟠	18	142
蟡	18	142
蟢	18	142
蟣	18	142
蟤	18	142
蟥	17	142
蟦	18	142
蟧	18	142
蟨	18	142
蟩	18	142
蟪	18	142
蟫	18	142
蟬	18	142
蟭	18	142
蟮	18	142
蟯	18	142
蟰	19	142
蟱	18	142
蟲	18	142
蟳	18	142
蟴	18	142
蟵	18	142
蟶	19	142
蟷	19	142
蟸	19	142
蟹	19	142
蟺	19	142
蟻	19	142
蟼	18	142
蟽	18	142
蟾	19	142
蟿	19	142
蠀	19	142
蠁	17	142
蠂	18	142
蠃	19	142
蠄	18	142
蠅	19	142
蠆	18	142
蠇	18	142
蠈	19	142
蠉	19	142
蠊	19	142
蠋	19	142
蠌	19	142
蠍	19	142
蠎	17	142
蠏	19	142
蠐	20	142
蠑	20	142
蠒	20	142
蠓	19	142
蠔	20	142
蠕	20	142
蠖	19	142
蠗	20	142
蠘	20	142
蠙	20	142
蠚	20	142
蠛	20	142
蠜	21	142
蠝	21	142
蠞	19	142
蠟	21	142
蠠	21	142
蠡	21	142
蠢	21	142
蠣	20	142
蠤	21	142
蠥	22	142
蠦	22	142
蠧	22	142
蠨	22	142
蠩	21	142
蠪	22	142
蠫	21	142
蠬	22	142
蠭	22	142
蠮	23	142
蠯	23	142
蠰	23	142
蠱	23	142
蠲	23	142
蠳	23	142
蠴	22	142
蠵	24	142
蠶	24	142
蠷	24	142
蠸	23	142
蠹	24	142
蠺	24	142
蠻	25	142
蠼	26	142
蠽	27	142
蠾	27	142
蠿	27	142
血	6	143
衁	9	143
衂	9	143
衃	10	143
衄	10	143
衅	11	143
衆	12	143
衇	12	143
衈	12	143
衉	12	143
衊	20	143
衋	24	143
行	6	144
衍	9	144
衎	9	144
衏	10	144
衐	10	144
衑	11	144
衒	11	144
術	11	144
衔	11	144
衕	12	144
衖	12	144
街	12	144
衘	13	144
衙	13	144
衚	15	144
衛	15	144
衜	15	144
衝	15	144
衞	16	144
衟	16	144
衠	16	144
衡	16	144
衢	24	144
衣	6	145
衤	5	145
补	7	145
衦	8	145
衧	8	145
表	8	145
衩	8	145
衪	8	145
衫	8	145
衬	8	145
衭	9	145
衮	10	145
衯	9	145
衰	10	145
衱	8	145
衲	9	145
衳	9	145
衴	9	145
衵	9	145
衶	9	145
衷	10	145
衸	9	145
衹	9	145
衺	10	145
衻	9	145
衼	9	145
衽	9	145
衾	10	145
衿	9	145
袀	9	145
袁	10	145
袂	9	145
袃	10	145
袄	9	145
袅	10	145
袆	9	145
袇	9	145
袈	11	145
袉	10	145
袊	10	145
袋	11	145
袌	11	145
袍	10	145
袎	10	145
袏	10	145
袐	10	145
袑	10	145
袒	10	145
袓	10	145
袔	10	145
袕	10	145
袖	10	145
袗	10	145
袘	10	145
袙	10	145
袚	10	145
袛	10	145
袜	10	145
袝	10	145
袞	11	145
袟	10	145
袠	11	145
袡	10	145
袢	10	145
袣	10	145
袤	11	145
袥	10	145
袦	10	145
袧	10	145
袨	10	145
袩	10	145
袪	10	145
被	10	145
袬	11	145
袭	11	145
袮	10	145
袯	10	145
袰	11	145
袱	11	145
袲	12	145
袳	11	145
袴	11	145
袵	11	145
袶	11	145
袷	11	145
袸	11	145
袹	11	145
袺	11	145
袻	11	145
袼	11	145
袽	11	145
袾	11	145
袿	11	145
裀	11	145
裁	12	145
裂	12	145
裃	11	145
裄	11	145
装	12	145
裆	11	145
裇	12	145
裈	11	145
裉	11	145
裊	13	145
裋	12	145
裌	12	145
裍	12	145
裎	12	145
裏	13	145
裐	12	145
裑	12	145
裒	12	145
裓	12	145
裔	13	145
裕	12	145
裖	12	145
裗	12	145
裘	13	145
裙	12	145
裚	13	145
裛	13	145
補	12	145
裝	13	145
裞	12	145
裟	13	145
裠	13	145
裡	12	145
裢	12	145
裣	12	145
裤	12	145
裥	12	145
裦	14	145
裧	13	145
裨	13	145
裩	13	145
裪	13	145
裫	14	145
裬	13	145
裭	13	145
裮	13	145
裯	13	145
裰	13	145
裱	13	145
裲	13	145
裳	14	145
裴	14	145
裵	14	145
裶	13	145
裷	13	145
裸	13	145
裹	14	145
裺	13	145
裻	14	145
裼	13	145
製	14	145
裾	13	145
裿	13	145
褀	13	145
褁	12	145
褂	13	145
褃	13	145
褄	13	145
褅	14	145
褆	14	145
複	14	145
褈	14	145
褉	14	145
褊	14	145
褋	14	145
褌	14	145
褍	14	145
褎	14	145
褏	14	145
褐	14	145
褑	14	145
褒	15	145
褓	14	145
褔	14	145
褕	14	145
褖	14	145
褗	14	145
褘	14	145
褙	14	145
褚	13	145
褛	14	145
褜	15	145
褝	14	145
褞	14	145
褟	15	145
褠	15	145
褡	14	145
褢	15	145
褣	15	145
褤	15	145
褥	15	145
褦	15	145
褧	16	145
褨	14	145
褩	16	145
褪	14	145
褫	15	145
褬	15	145
褭	16	145
褮	16	145
褯	15	145
褰	16	145
褱	16	145
褲	15	145
褳	15	145
褴	15	145
褵	15	145
褶	16	145
褷	16	145
褸	16	145
褹	16	145
褺	17	145
褻	17	145
褼	17	145
褽	17	145
褾	16	145
褿	16	145
襀	16	145
襁	17	145
襂	16	145
襃	16	145
襄	17	145
襅	15	145
襆	17	145
襇	17	145
襈	17	145
襉	17	145
襊	17	145
襋	17	145
襌	17	145
襍	17	145
襎	17	145
襏	17	145
襐	16	145
襑	17	145
襒	16	145
襓	17	145
襔	16	145
襕	17	145
襖	17	145
襗	18	145
襘	18	145
襙	18	145
襚	17	145
襛	18	145
襜	18	145
襝	18	145
襞	19	145
襟	18	145
襠	18	145
襡	18	145
襢	18	145
襣	19	145
襤	19	145
襥	19	145
襦	19	145
襧	19	145
襨	20	145
襩	20	145
襪	19	145
襫	20	145
襬	20	145
襭	20	145
襮	20	145
襯	21	145
襰	21	145
襱	21	145
襲	22	145
襳	22	145
襴	22	145
襵	23	145
襶	22	145
襷	22	145
襸	24	145
襹	24	145
襺	23	145
襻	24	145
襼	23	145
襽	25	145
襾	6	146
西	6	146
覀	6	146
要	9	146
覂	10	146
覃	12	146
覄	12	146
覅	13	146
覆	18	146
覇	19	146
覈	19	146
覉	23	146
覊	25	146
見	7	147
覌	9	147
覍	10	147
覎	10	147
規	11	147
覐	11	147
覑	11	147
覒	11	147
覓	11	147
覔	11	147
覕	12	147
視	11	113
覗	12	147
覘	12	147
覙	12	147
覚	12	147
覛	13	147
覜	13	147
覝	14	147
覞	14	147
覟	14	147
覠	14	147
覡	14	147
覢	15	147
覣	15	147
覤	15	147
覥	15	147
覦	16	147
覧	16	147
覨	16	147
覩	15	147
親	16	147
覫	17	147
覬	17	147
覭	17	147
覮	17	147
覯	17	147
覰	18	147
覱	18	147
覲	18	147
観	18	147
覴	19	147
覵	19	147
覶	19	147
覷	18	147
覸	19	147
覹	20	147
覺	20	147
覻	20	147
覼	21	147
覽	21	147
覾	22	147
覿	22	147
觀	24	147
见	4	147
观	6	147
觃	7	147
规	8	147
觅	8	147
视	8	113
觇	9	147
览	9	147
觉	9	147
觊	10	147
觋	11	147
觌	12	147
觍	12	147
觎	13	147
觏	14	147
觐	15	147
觑	15	147
角	7	148
觓	9	148
觔	9	148
觕	11	148
觖	11	148
觗	11	148
觘	11	148
觙	10	148
觚	12	148
觛	12	148
觜	13	148
觝	12	148
觞	12	148
觟	13	148
觠	13	148
觡	13	148
觢	13	148
解	13	148
觤	13	148
觥	13	148
触	13	148
觧	13	148
觨	14	148
觩	14	148
觪	14	148
觫	14	148
觬	15	148
觭	15	148
觮	15	148
觯	15	148
觰	15	148
觱	16	148
觲	17	148
觳	17	148
觴	18	148
觵	18	148
觶	19	148
觷	20	148
觸	20	148
觹	19	148
觺	21	148
觻	22	148
觼	21	148
觽	22	148
觾	23	148
觿	25	148
言	7	149
訁	7	149
訂	9	149
訃	9	149
訄	9	149
訅	9	149
訆	9	149
訇	9	149
計	9	149
訉	10	149
訊	10	149
訋	10	149
訌	10	149
訍	10	149
討	10	149
訏	10	149
訐	10	149
訑	10	149
訒	10	149
訓	10	149
訔	10	149
訕	10	149
訖	10	149
託	10	149
記	10	149
訙	10	149
訚	10	149
訛	11	149
訜	11	149
訝	11	149
訞	11	149
訟	11	149
訠	11	149
訡	11	149
訢	11	149
訣	11	149
訤	11	149
訥	11	149
訦	11	149
訧	11	149
訨	11	149
訩	11	149
訪	11	149
訫	11	149
訬	11	149
設	11	149
訮	11	149
訯	10	149
訰	11	149
許	11	149
訲	11	149
訳	11	149
訴	12	149
訵	12	149
訶	12	149
訷	12	149
訸	12	149
訹	12	149
診	12	149
註	12	149
証	12	149
訽	12	149
訾	13	149
訿	13	149
詀	12	149
詁	12	149
詂	12	149
詃	12	149
詄	12	149
詅	12	149
詆	12	149
詇	12	149
詈	12	149
詉	12	149
詊	12	149
詋	12	149
詌	12	149
詍	12	149
詎	11	149
詏	12	149
詐	12	149
詑	12	149
詒	12	149
詓	12	149
詔	12	149
評	12	149
詖	12	149
詗	12	149
詘	12	149
詙	12	149
詚	12	149
詛	12	149
詜	12	149
詝	12	149
詞	12	149
詟	12	149
詠	12	149
詡	13	149
詢	13	149
詣	13	149
詤	13	149
詥	13	149
試	13	149
詧	13	149
詨	13	149
詩	13	149
詪	13	149
詫	13	149
詬	13	149
詭	13	149
詮	13	149
詯	13	149
詰	13	149
話	13	149
該	13	149
詳	13	149
詴	13	149
詵	13	149
詶	13	149
詷	13	149
詸	13	149
詹	13	149
詺	13	149
詻	13	149
詼	13	149
詽	13	149
詾	13	149
詿	13	149
誀	13	149
誁	13	149
誂	13	149
誃	13	149
誄	13	149
誅	13	149
誆	13	149
誇	13	149
誈	13	149
誉	13	149
誊	13	149
誋	14	149
誌	14	149
認	14	149
誎	14	149
誏	14	149
誐	14	149
誑	14	149
誒	14	149
誓	14	149
誔	13	149
誕	13	149
誖	14	149
誗	14	149
誘	14	149
誙	14	149
誚	14	149
誛	14	149
誜	14	149
誝	14	149
語	14	149
誟	14	149
誠	13	149
誡	14	149
誢	14	149
誣	14	149
誤	14	149
誥	14	149
誦	14	149
誧	14	149
誨	14	149
誩	14	149
說	14	149
誫	14	149
説	14	149
読	14	149
誮	14	149
誯	15	149
誰	15	149
誱	15	149
課	15	149
誳	15	149
誴	15	149
誵	15	149
誶	15	149
誷	15	149
誸	15	149
誹	15	149
誺	15	149
誻	15	149
誼	15	149
誽	15	149
誾	15	149
調	15	149
諀	15	149
諁	15	149
諂	15	149
諃	15	149
諄	15	149
諅	15	149
諆	15	149
談	15	149
諈	15	149
諉	15	149
諊	15	149
請	15	149
諌	15	149
諍	13	149
諎	15	149
諏	15	149
諐	15	149
諑	15	149
諒	15	149
諓	15	149
諔	15	149
諕	15	149
論	15	149
諗	15	149
諘	15	149
諙	15	149
諚	15	149
諛	15	149
諜	16	149
諝	16	149
諞	16	149
諟	16	149
諠	16	149
諡	16	149
諢	16	149
諣	15	149
諤	16	149
諥	16	149
諦	16	149
諧	16	149
諨	16	149
諩	15	149
諪	16	149
諫	16	149
諬	16	149
諭	16	149
諮	16	149
諯	16	149
諰	16	149
諱	16	149
諲	16	149
諳	16	149
諴	16	149
諵	16	149
諶	16	149
諷	16	149
諸	15	149
諹	16	149
諺	16	149
諻	16	149
諼	16	149
諽	16	149
諾	15	149
諿	16	149
謀	16	149
謁	16	149
謂	16	149
謃	16	149
謄	17	149
謅	17	149
謆	17	149
謇	17	149
謈	17	149
謉	16	149
謊	16	149
謋	17	149
謌	17	149
謍	17	149
謎	16	149
謏	16	149
謐	17	149
謑	17	149
謒	17	149
謓	17	149
謔	16	149
謕	17	149
謖	17	149
謗	17	149
謘	17	149
謙	17	149
謚	17	149
講	17	149
謜	17	149
謝	17	149
謞	17	149
謟	17	149
謠	17	149
謡	17	149
謢	17	149
謣	18	149
謤	18	149
謥	18	149
謦	18	149
謧	17	149
謨	17	149
謩	17	149
謪	18	149
謫	18	149
謬	18	149
謭	18	149
謮	18	149
謯	18	149
謰	17	149
謱	18	149
謲	18	149
謳	18	149
謴	18	149
謵	18	149
謶	18	149
謷	17	149
謸	17	149
謹	18	149
謺	18	149
謻	18	149
謼	18	149
謽	19	149
謾	18	149
謿	19	149
譀	18	149
譁	17	149
譂	19	149
譃	18	149
譄	19	149
譅	21	149
譆	19	149
譇	18	149
譈	19	149
證	19	149
譊	19	149
譋	19	149
譌	19	149
譍	20	149
譎	19	149
譏	19	149
譐	19	149
譑	19	149
譒	19	149
譓	19	149
譔	19	149
譕	19	149
譖	19	149
譗	19	149
識	19	149
譙	19	149
譚	19	149
譛	19	149
譜	19	149
譝	20	149
譞	20	149
譟	20	149
譠	20	149
譡	20	149
譢	19	149
譣	20	149
譤	20	149
譥	20	149
警	19	149
譧	20	149
譨	20	149
譩	20	149
譪	19	149
譫	20	149
譬	20	149
譭	20	149
譮	20	149
譯	20	149
議	20	149
譱	20	149
譲	20	149
譳	21	149
譴	20	149
譵	21	149
譶	21	149
護	20	149
譸	21	149
譹	21	149
譺	21	149
譻	21	149
譼	21	149
譽	20	149
譾	22	149
譿	22	149
讀	22	149
讁	21	149
讂	21	149
讃	22	149
讄	22	149
讅	22	149
讆	22	149
讇	23	149
讈	23	149
讉	22	149
變	23	149
讋	23	149
讌	23	149
讍	23	149
讎	23	149
讏	23	149
讐	23	149
讑	24	149
讒	24	149
讓	24	149
讔	23	149
讕	24	149
讖	24	149
讗	25	149
讘	25	149
讙	24	149
讚	26	149
讛	25	149
讜	27	149
讝	26	149
讞	27	149
讟	29	149
讠	2	149
计	4	149
订	4	149
讣	4	149
认	4	149
讥	4	149
讦	5	149
讧	5	149
讨	5	149
让	5	149
讪	5	149
讫	5	149
讬	5	149
训	5	149
议	5	149
讯	5	149
记	5	149
讱	5	149
讲	6	149
讳	6	149
讴	6	149
讵	6	149
讶	6	149
讷	6	149
许	6	149
讹	6	149
论	6	149
讻	6	149
讼	6	149
讽	6	149
设	6	149
访	6	149
诀	6	149
证	7	149
诂	7	149
诃	7	149
评	7	149
诅	7	149
识	7	149
诇	7	149
诈	7	149
诉	7	149
诊	7	149
诋	7	149
诌	7	149
词	7	149
诎	7	149
诏	7	149
诐	7	149
译	7	149
诒	7	149
诓	8	149
诔	8	149
试	8	149
诖	8	149
诗	8	149
诘	8	149
诙	8	149
诚	8	149
诛	8	149
诜	8	149
话	8	149
诞	8	149
诟	8	149
诠	8	149
诡	8	149
询	8	149
诣	8	149
诤	8	149
该	8	149
详	8	149
诧	8	149
诨	8	149
诩	8	149
诪	9	149
诫	9	149
诬	9	149
语	9	149
诮	9	149
误	9	149
诰	9	149
诱	9	149
诲	9	149
诳	9	149
说	9	149
诵	9	149
诶	9	149
请	10	149
诸	10	149
诹	10	149
诺	10	149
读	10	149
诼	10	149
诽	10	149
课	10	149
诿	10	149
谀	10	149
谁	10	149
谂	10	149
调	10	149
谄	10	149
谅	10	149
谆	10	149
谇	10	149
谈	10	149
谉	10	149
谊	10	149
谋	11	149
谌	11	149
谍	11	149
谎	11	149
谏	11	149
谐	11	149
谑	11	149
谒	11	149
谓	11	149
谔	11	149
谕	11	149
谖	11	149
谗	11	149
谘	11	149
谙	11	149
谚	11	149
谛	11	149
谜	11	149
谝	11	149
谞	11	149
谟	12	149
谠	12	149
谡	12	149
谢	12	149
谣	12	149
谤	12	149
谥	12	149
谦	12	149
谧	12	149
谨	13	149
谩	13	149
谪	13	149
谫	13	149
谬	13	149
谭	14	149
谮	14	149
谯	14	149
谰	14	149
谱	14	149
谲	14	149
谳	15	149
谴	15	149
谵	15	149
谶	19	149
谷	7	150
谸	10	150
谹	11	150
谺	11	150
谻	11	150
谼	13	150
谽	14	150
谾	15	150
谿	17	150
豀	17	150
豁	17	150
豂	18	150
豃	18	150
豄	22	150
豅	23	150
豆	7	151
豇	10	151
豈	10	151
豉	11	151
豊	13	151
豋	13	151
豌	15	151
豍	15	151
豎	15	151
豏	17	151
豐	18	151
豑	20	151
豒	25	151
豓	27	151
豔	28	151
豕	7	152
豖	8	152
豗	10	152
豘	11	152
豙	11	152
豚	11	152
豛	11	152
豜	11	152
豝	11	152
豞	12	152
豟	12	152
豠	12	152
象	11	152
豢	13	152
豣	13	152
豤	13	152
豥	13	152
豦	13	152
豧	14	152
豨	14	152
豩	14	152
豪	14	152
豫	15	152
豬	15	152
豭	16	152
豮	16	152
豯	17	152
豰	17	152
豱	16	152
豲	17	152
豳	17	152
豴	18	152
豵	18	152
豶	19	152
豷	19	152
豸	7	153
豹	10	153
豺	10	153
豻	10	153
豼	11	153
豽	11	153
豾	12	153
豿	12	153
貀	12	153
貁	12	153
貂	12	153
貃	12	153
貄	13	153
貅	13	153
貆	13	153
貇	13	153
貈	13	153
貉	13	153
貊	13	153
貋	14	153
貌	14	153
貍	14	153
貎	15	153
貏	15	153
貐	16	153
貑	16	153
貒	16	153
貓	15	153
貔	17	153
貕	17	153
貖	17	153
貗	18	153
貘	17	153
貙	18	153
貚	19	153
貛	24	153
貜	27	153
貝	7	154
貞	9	154
貟	9	154
負	9	154
財	10	154
貢	10	154
貣	10	154
貤	10	154
貥	11	154
貦	11	154
貧	11	154
貨	11	154
販	11	154
貪	11	154
貫	11	154
責	11	154
貭	11	154
貮	11	154
貯	12	154
貰	12	154
貱	12	154
貲	13	154
貳	12	154
貴	12	154
貵	12	154
貶	11	154
買	12	154
貸	12	154
貹	12	154
貺	12	154
費	12	154
貼	12	154
貽	12	154
貾	12	154
貿	12	154
賀	12	154
賁	12	154
賂	13	154
賃	13	154
賄	13	154
賅	13	154
賆	13	154
資	13	154
賈	13	154
賉	13	154
賊	13	154
賋	13	154
賌	13	154
賍	13	154
賎	13	154
賏	14	154
賐	14	154
賑	14	154
賒	14	154
賓	14	154
賔	14	154
賕	14	154
賖	14	154
賗	14	154
賘	14	154
賙	15	154
賚	15	154
賛	15	154
賜	15	154
賝	15	154
賞	15	154
賟	15	154
賠	15	154
賡	15	154
賢	15	154
賣	15	154
賤	15	154
賥	15	154
賦	15	154
賧	15	154
賨	15	154
賩	15	154
質	15	154
賫	15	154
賬	15	154
賭	15	154
賮	16	154
賯	16	154
賰	16	154
賱	16	154
賲	16	154
賳	16	154
賴	16	154
賵	16	154
賶	17	154
賷	17	154
賸	17	154
賹	17	154
賺	17	154
賻	17	154
購	17	154
賽	17	154
賾	18	154
賿	18	154
贀	18	154
贁	18	66
贂	18	154
贃	18	154
贄	18	154
贅	17	154
贆	19	154
贇	19	154
贈	19	154
贉	19	154
贊	19	154
贋	19	154
贌	19	154
贍	20	154
贎	19	154
贏	20	154
贐	21	154
贑	21	154
贒	21	154
贓	21	154
贔	21	154
贕	22	154
贖	22	154
贗	22	154
贘	22	154
贙	23	154
贚	23	154
贛	24	154
贜	24	154
贝	4	154
贞	6	154
负	6	154
贠	6	154
贡	7	154
财	7	154
责	8	154
贤	8	154
败	8	154
账	8	154
货	8	154
质	8	154
贩	8	154
贪	8	154
贫	8	154
贬	8	154
购	8	154
贮	8	154
贯	8	154
贰	9	154
贱	9	154
贲	9	154
贳	9	154
贴	9	154
贵	9	154
贶	9	154
贷	9	154
贸	9	154
费	9	154
贺	9	154
贻	9	154
贼	10	154
贽	10	154
贾	10	154
贿	10	154
赀	10	154
赁	10	154
赂	10	154
赃	10	154
资	10	154
赅	10	154
赆	10	154
赇	11	154
赈	11	154
赉	11	154
赊	11	154
赋	12	154
赌	12	154
赍	12	154
赎	12	154
赏	12	154
赐	12	154
赑	12	154
赒	12	154
赓	12	154
赔	12	154
赕	12	154
赖	13	154
赗	13	154
赘	14	154
赙	14	154
赚	14	154
赛	14	154
赜	15	154
赝	16	154
赞	16	154
赟	16	154
赠	16	154
赡	17	154
赢	17	154
赣	21	154
赤	7	155
赥	11	155
赦	11	155
赧	11	155
赨	13	155
赩	13	155
赪	13	155
赫	14	155
赬	16	155
赭	15	155
赮	16	155
赯	17	155
走	7	156
赱	6	156
赲	9	156
赳	9	156
赴	9	156
赵	9	156
赶	10	156
起	10	156
赸	10	156
赹	11	156
赺	11	156
赻	11	156
赼	11	156
赽	11	156
赾	11	156
赿	11	156
趀	11	156
趁	12	156
趂	12	156
趃	12	156
趄	12	156
超	12	156
趆	12	156
趇	12	156
趈	12	156
趉	12	156
越	12	156
趋	12	156
趌	13	156
趍	13	156
趎	13	156
趏	13	156
趐	13	156
趑	13	156
趒	13	156
趓	13	156
趔	13	156
趕	14	156
趖	14	156
趗	14	156
趘	14	156
趙	14	156
趚	14	156
趛	15	156
趜	15	156
趝	15	156
趞	15	156
趟	15	156
趠	15	156
趡	15	156
趢	15	156
趣	15	156
趤	15	156
趥	16	156
趦	16	156
趧	16	156
趨	17	156
趩	18	156
趪	18	156
趫	19	156
趬	19	156
趭	19	156
趮	20	156
趯	21	156
趰	21	156
趱	23	156
趲	26	156
足	7	157
趴	9	157
趵	10	157
趶	10	157
趷	10	157
趸	10	157
趹	11	157
趺	11	157
趻	11	157
趼	11	157
趽	11	157
趾	11	157
趿	10	157
跀	11	157
跁	11	157
跂	11	157
跃	11	157
跄	11	157
跅	12	157
跆	12	157
跇	12	157
跈	12	157
跉	12	157
跊	12	157
跋	12	157
跌	12	157
跍	12	157
跎	12	157
跏	12	157
跐	13	157
跑	12	157
跒	12	157
跓	12	157
跔	12	157
跕	12	157
跖	12	157
跗	12	157
跘	12	157
跙	12	157
跚	12	157
跛	12	157
跜	12	157
距	11	157
跞	12	157
跟	13	157
跠	13	157
跡	13	157
跢	13	157
跣	13	157
跤	13	157
跥	13	157
跦	13	157
跧	13	157
跨	13	157
跩	13	157
跪	13	157
跫	13	157
跬	13	157
跭	13	157
跮	13	157
路	13	157
跰	13	157
跱	13	157
跲	13	157
跳	13	157
跴	13	157
践	12	157
跶	13	157
跷	13	157
跸	13	157
跹	13	157
跺	13	157
跻	13	157
跼	14	157
跽	14	157
跾	14	157
跿	14	157
踀	14	157
踁	14	157
踂	14	157
踃	14	157
踄	14	157
踅	14	157
踆	14	157
踇	14	157
踈	14	157
踉	14	157
踊	14	157
踋	14	157
踌	14	157
踍	14	157
踎	14	157
踏	15	157
踐	15	157
踑	15	157
踒	15	157
踓	15	157
踔	15	157
踕	15	157
踖	15	157
踗	15	157
踘	15	157
踙	15	157
踚	15	157
踛	15	157
踜	15	157
踝	15	157
踞	15	157
踟	15	157
踠	15	157
踡	15	157
踢	15	157
踣	15	157
踤	15	157
踥	15	157
踦	15	157
踧	15	157
踨	15	157
踩	15	157
踪	15	157
踫	15	157
踬	15	157
踭	13	157
踮	15	157
踯	15	157
踰	16	157
踱	16	157
踲	16	157
踳	16	157
踴	16	157
踵	16	157
踶	16	157
踷	15	157
踸	16	157
踹	16	157
踺	15	157
踻	15	157
踼	16	157
踽	16	157
踾	16	157
踿	16	157
蹀	16	157
蹁	16	157
蹂	16	157
蹃	15	157
蹄	16	157
蹅	16	157
蹆	16	157
蹇	17	157
蹈	17	157
蹉	16	157
蹊	17	157
蹋	17	157
蹌	17	157
蹍	17	157
蹎	17	157
蹏	17	157
蹐	17	157
蹑	17	157
蹒	17	157
蹓	17	157
蹔	18	157
蹕	17	157
蹖	18	157
蹗	18	157
蹘	18	157
蹙	18	157
蹚	18	157
蹛	18	157
蹜	18	157
蹝	18	157
蹞	18	157
蹟	18	157
蹠	18	157
蹡	18	157
蹢	18	157
蹣	18	157
蹤	18	157
蹥	17	157
蹦	18	157
蹧	18	157
蹨	19	157
蹩	18	157
蹪	19	157
蹫	19	157
蹬	19	157
蹭	19	157
蹮	19	157
蹯	19	157
蹰	19	157
蹱	19	157
蹲	19	157
蹳	19	157
蹴	19	157
蹵	19	157
蹶	19	157
蹷	19	157
蹸	19	157
蹹	19	157
蹺	19	157
蹻	19	157
蹼	19	157
蹽	19	157
蹾	19	157
蹿	19	157
躀	18	157
躁	20	157
躂	19	157
躃	20	157
躄	20	157
躅	20	157
躆	20	157
躇	18	157
躈	20	157
躉	19	157
躊	21	157
躋	21	157
躌	21	157
躍	21	157
躎	21	157
躏	21	157
躐	22	157
躑	21	157
躒	22	157
躓	22	157
躔	22	157
躕	22	157
躖	22	157
躗	22	157
躘	23	157
躙	23	157
躚	22	157
躛	23	157
躜	23	157
躝	24	157
躞	24	157
躟	24	157
躠	23	157
躡	25	157
躢	25	157
躣	25	157
躤	24	157
躥	25	157
躦	26	157
躧	26	157
躨	28	157
躩	27	157
躪	26	157
身	7	158
躬	10	158
躭	11	158
躮	11	158
躯	11	158
躰	12	158
躱	13	158
躲	13	158
躳	13	158
躴	14	158
躵	14	158
躶	15	158
躷	15	158
躸	15	158
躹	15	158
躺	15	158
躻	15	158
躼	15	158
躽	16	158
躾	16	158
躿	18	158
軀	18	158
軁	18	158
軂	19	158
軃	19	158
軄	19	158
軅	19	158
軆	20	158
軇	21	158
軈	24	158
軉	27	158
車	7	159
軋	8	159
軌	9	159
軍	9	159
軎	10	159
軏	10	159
軐	10	159
軑	10	159
軒	10	159
軓	10	159
軔	10	159
軕	10	159
軖	11	159
軗	11	159
軘	11	159
軙	11	159
軚	11	159
軛	11	159
軜	11	159
軝	11	159
軞	11	159
軟	11	159
軠	11	159
軡	11	159
転	11	159
軣	11	159
軤	12	159
軥	12	159
軦	12	159
軧	12	159
軨	12	159
軩	12	159
軪	12	159
軫	12	159
軬	12	159
軭	13	159
軮	12	159
軯	12	159
軰	12	159
軱	12	159
軲	12	159
軳	12	159
軴	12	159
軵	12	159
軶	12	159
軷	12	159
軸	12	159
軹	12	159
軺	12	159
軻	12	159
軼	12	159
軽	12	159
軾	13	159
軿	13	159
輀	13	159
輁	13	159
輂	13	159
較	13	159
輄	13	159
輅	13	159
輆	13	159
輇	13	159
輈	13	159
載	13	159
輊	13	159
輋	13	159
輌	13	159
輍	14	159
輎	14	159
輏	14	159
輐	14	159
輑	14	159
輒	14	159
輓	14	159
輔	14	159
輕	14	159
輖	15	159
輗	15	159
輘	15	159
輙	15	159
輚	15	159
輛	15	159
輜	15	159
輝	15	159
輞	15	159
輟	15	159
輠	15	159
輡	15	159
輢	15	159
輣	15	159
輤	15	159
輥	15	159
輦	15	159
輧	15	159
輨	15	159
輩	15	159
輪	15	159
輫	15	159
輬	15	159
輭	16	159
輮	16	159
輯	16	159
輰	16	159
輱	16	159
輲	16	159
輳	16	159
輴	16	159
輵	16	159
輶	16	159
輷	16	159
輸	16	159
輹	16	159
輺	16	159
輻	16	159
輼	16	159
輽	17	159
輾	17	159
輿	17	159
轀	17	159
轁	17	159
轂	17	159
轃	17	159
轄	17	159
轅	17	159
轆	18	159
轇	18	159
轈	18	159
轉	18	159
轊	18	159
轋	17	159
轌	18	159
轍	19	159
轎	19	159
轏	19	159
轐	19	159
轑	19	159
轒	19	159
轓	19	159
轔	19	159
轕	19	159
轖	20	159
轗	20	159
轘	20	159
轙	20	159
轚	20	159
轛	21	159
轜	21	159
轝	20	159
轞	21	159
轟	21	159
轠	22	159
轡	22	159
轢	22	159
轣	23	159
轤	23	159
轥	26	159
车	4	159
轧	5	159
轨	6	159
轩	7	159
轪	7	159
轫	7	159
转	8	159
轭	8	159
轮	8	159
软	8	159
轰	8	159
轱	9	159
轲	9	159
轳	9	159
轴	9	159
轵	9	159
轶	9	159
轷	9	159
轸	9	159
轹	9	159
轺	9	159
轻	9	159
轼	10	159
载	10	159
轾	10	159
轿	10	159
辀	10	159
辁	10	159
辂	10	159
较	10	159
辄	11	159
辅	11	159
辆	11	159
辇	12	159
辈	12	159
辉	12	159
辊	12	159
辋	12	159
辌	12	159
辍	12	159
辎	12	159
辏	13	159
辐	13	159
辑	13	159
辒	13	159
输	13	159
辔	13	159
辕	14	159
辖	14	159
辗	14	159
辘	15	159
辙	16	159
辚	16	159
辛	7	160
辜	12	160
辝	12	160
辞	13	160
辟	13	160
辠	13	160
辡	14	160
辢	14	160
辣	14	160
辤	15	160
辥	16	160
辦	16	160
辧	16	160
辨	16	160
辩	16	160
辪	16	160
辫	17	160
辬	18	160
辭	19	160
辮	20	160
辯	21	160
辰	7	161
辱	10	161
農	13	161
辳	15	161
辴	19	161
辵	7	162
辶	3	162
辷	4	162
辸	5	162
边	5	162
辺	5	162
辻	5	162
込	5	162
辽	5	162
达	6	162
辿	6	162
迀	6	162
迁	6	162
迂	6	162
迃	6	162
迄	6	162
迅	6	162
迆	6	162
过	6	162
迈	6	162
迉	6	162
迊	7	162
迋	7	162
迌	7	162
迍	7	162
迎	7	162
迏	7	162
运	7	162
近	7	162
迒	7	162
迓	7	162
返	7	162
迕	7	162
迖	7	162
迗	7	162
还	7	162
这	7	162
迚	7	162
进	7	162
远	7	162
违	7	162
连	7	162
迟	7	162
迠	8	162
迡	8	162
迢	8	162
迣	8	162
迤	8	162
迥	8	162
迦	8	162
迧	8	162
迨	8	162
迩	8	162
迪	8	162
迫	8	162
迬	8	162
迭	8	162
迮	8	162
迯	8	162
述	8	162
迱	8	162
迲	8	162
迳	8	162
迴	9	162
迵	9	162
迶	9	162
迷	9	162
迸	9	162
迹	9	162
迺	9	162
迻	9	162
迼	9	162
追	9	162
迾	9	162
迿	9	162
退	9	162
送	9	162
适	9	162
逃	9	162
逄	9	162
逅	9	162
逆	9	162
逇	9	162
逈	9	162
选	9	162
逊	9	162
逋	10	162
逌	10	162
逍	10	162
逎	10	162
透	10	162
逐	10	162
逑	10	162
递	10	162
逓	10	162
途	10	162
逕	10	162
逖	10	162
逗	10	162
逘	10	162
這	10	162
通	10	162
逛	10	162
逜	10	162
逝	10	162
逞	10	162
速	10	162
造	10	162
逡	10	162
逢	10	162
連	10	162
逤	10	162
逥	10	162
逦	10	162
逧	10	162
逨	11	162
逩	11	162
逪	11	162
逫	11	162
逬	11	162
逭	11	162
逮	11	162
逯	11	162
逰	11	162
週	11	162
進	11	162
逳	11	162
逴	11	162
逵	11	162
逶	11	162
逷	11	162
逸	11	162
逹	11	162
逺	11	162
逻	11	162
逼	12	162
逽	11	162
逾	12	162
逿	12	162
遀	12	162
遁	12	162
遂	12	162
遃	12	162
遄	12	162
遅	12	162
遆	12	162
遇	12	162
遈	12	162
遉	12	162
遊	12	162
運	12	162
遌	12	162
遍	12	162
過	11	162
遏	12	162
遐	12	162
遑	12	162
遒	12	162
道	12	162
達	12	162
違	12	162
遖	12	162
遗	12	162
遘	13	162
遙	13	162
遚	12	162
遛	13	162
遜	13	162
遝	13	162
遞	13	162
遟	13	162
遠	13	162
遡	13	162
遢	13	162
遣	13	162
遤	13	162
遥	13	162
遦	14	162
遧	14	162
遨	13	162
適	14	162
遪	14	162
遫	14	162
遬	14	162
遭	14	162
遮	14	162
遯	14	162
遰	14	162
遱	14	162
遲	15	162
遳	13	162
遴	15	162
遵	15	162
遶	15	162
遷	15	162
選	15	162
遹	15	162
遺	15	162
遻	15	162
遼	15	162
遽	16	162
遾	16	162
避	16	162
邀	16	162
邁	15	162
邂	16	162
邃	17	162
還	16	162
邅	16	162
邆	15	162
邇	17	162
邈	17	162
邉	17	162
邊	18	162
邋	18	162
邌	18	162
邍	19	162
邎	21	162
邏	22	162
邐	22	162
邑	7	163
邒	4	163
邓	4	163
邔	5	163
邕	10	163
邖	5	163
邗	5	163
邘	5	163
邙	5	163
邚	5	163
邛	5	163
邜	5	163
邝	5	163
邞	6	163
邟	6	163
邠	6	163
邡	6	163
邢	6	163
那	6	163
邤	6	163
邥	6	163
邦	6	163
邧	6	163
邨	6	163
邩	6	163
邪	6	163
邫	11	163
邬	6	163
邭	7	163
邮	7	163
邯	7	163
邰	7	163
邱	7	163
邲	7	163
邳	7	163
邴	7	163
邵	7	163
邶	7	163
邷	6	163
邸	7	163
邹	7	163
邺	7	163
邻	7	163
邼	8	163
邽	8	163
邾	8	163
邿	8	163
郀	8	163
郁	8	163
郂	8	163
郃	8	163
郄	8	163
郅	8	163
郆	8	163
郇	8	163
郈	8	163
郉	8	163
郊	8	163
郋	8	163
郌	13	163
郍	8	163
郎	8	163
郏	8	163
郐	8	163
郑	8	163
郒	13	163
郓	8	163
郔	8	163
郕	8	163
郖	9	163
郗	9	163
郘	8	163
郙	9	163
郚	9	163
郛	9	163
郜	9	163
郝	9	163
郞	9	163
郟	9	163
郠	9	163
郡	9	163
郢	9	163
郣	9	163
郤	9	163
郥	9	163
郦	9	163
郧	9	163
部	10	163
郩	10	163
郪	10	163
郫	10	163
郬	10	163
郭	10	163
郮	10	163
郯	10	163
郰	10	163
郱	8	163
郲	10	163
郳	10	163
郴	10	163
郵	10	163
郶	15	163
郷	10	163
郸	10	163
郹	11	163
郺	16	163
郻	11	163
郼	11	163
都	10	163
郾	11	163
郿	11	163
鄀	10	163
鄁	11	163
鄂	11	163
鄃	11	163
鄄	11	163
鄅	11	163
鄆	11	163
鄇	11	163
鄈	11	163
鄉	11	163
鄊	11	163
鄋	11	163
鄌	12	163
鄍	12	163
鄎	12	163
鄏	12	163
鄐	12	163
鄑	12	163
鄒	12	163
鄓	12	163
鄔	12	163
鄕	12	163
鄖	12	163
鄗	12	163
鄘	13	163
鄙	13	163
鄚	12	163
鄛	13	163
鄜	13	163
鄝	13	163
鄞	13	163
鄟	13	163
鄠	13	163
鄡	13	163
鄢	13	163
鄣	13	163
鄤	13	163
鄥	13	163
鄦	14	163
鄧	14	163
鄨	18	163
鄩	14	163
鄪	14	163
鄫	14	163
鄬	14	163
鄭	14	163
鄮	14	163
鄯	14	163
鄰	14	163
鄱	14	163
鄲	14	163
鄳	15	163
鄴	15	163
鄵	15	163
鄶	15	163
鄷	15	163
鄸	15	163
鄹	16	163
鄺	16	163
鄻	17	163
鄼	17	163
鄽	17	163
鄾	17	163
鄿	17	163
酀	18	163
酁	19	163
酂	18	163
酃	19	163
酄	19	163
酅	20	163
酆	20	163
酇	21	163
酈	21	163
酉	7	164
酊	9	164
酋	9	164
酌	10	164
配	10	164
酎	10	164
酏	10	164
酐	10	164
酑	10	164
酒	10	164
酓	11	164
酔	11	164
酕	11	164
酖	11	164
酗	11	164
酘	11	164
酙	11	164
酚	11	164
酛	11	164
酜	11	164
酝	11	164
酞	11	164
酟	12	164
酠	12	164
酡	12	164
酢	12	164
酣	12	164
酤	12	164
酥	12	164
酦	12	164
酧	13	164
酨	13	164
酩	13	164
酪	13	164
酫	13	164
酬	13	164
酭	13	164
酮	13	164
酯	13	164
酰	13	164
酱	13	164
酲	14	164
酳	14	164
酴	14	164
酵	14	164
酶	14	164
酷	14	164
酸	14	164
酹	14	164
酺	14	164
酻	14	164
酼	14	164
酽	14	164
酾	14	164
酿	14	164
醀	15	164
醁	15	164
醂	15	164
醃	15	164
醄	15	164
醅	15	164
醆	15	164
醇	15	164
醈	15	164
醉	15	164
醊	15	164
醋	15	164
醌	15	164
醍	16	164
醎	16	164
醏	15	164
醐	16	164
醑	16	164
醒	16	164
醓	16	164
醔	16	164
醕	16	164
醖	16	164
醗	16	164
醘	17	164
醙	16	164
醚	16	164
醛	16	164
醜	16	164
醝	16	164
醞	17	164
醟	17	164
醠	17	164
醡	17	164
醢	17	164
醣	17	164
醤	17	164
醥	18	164
醦	18	164
醧	18	164
醨	17	164
醩	18	164
醪	18	164
醫	18	164
醬	18	164
醭	19	164
醮	19	164
醯	19	164
醰	19	164
醱	19	164
醲	20	164
醳	20	164
醴	20	164
醵	20	164
醶	20	164
醷	20	164
醸	20	164
醹	21	164
醺	21	164
醻	21	164
醼	23	164
醽	24	164
醾	24	164
醿	24	164
釀	24	164
釁	26	164
釂	24	164
釃	26	164
釄	26	164
釅	26	164
釆	7	165
采	8	165
釈	11	165
釉	12	165
释	12	165
釋	20	165
里	7	166
重	9	166
野	11	166
量	12	166
釐	18	166
金	8	167
釒	8	167
釓	9	167
釔	9	167
釕	10	167
釖	10	167
釗	10	167
釘	10	167
釙	10	167
釚	10	167
釛	10	167
釜	10	167
針	10	167
釞	10	167
釟	10	167
釠	10	167
釡	10	167
釢	10	167
釣	11	167
釤	11	167
釥	11	167
釦	11	167
釧	11	167
釨	11	167
釩	11	167
釪	11	167
釫	11	167
釬	11	167
釭	11	167
釮	11	167
釯	11	167
釰	11	167
釱	11	167
釲	11	167
釳	11	167
釴	11	167
釵	11	167
釶	11	167
釷	11	167
釸	11	167
釹	11	167
釺	11	167
釻	11	167
釼	11	167
釽	12	167
釾	12	167
釿	12	167
鈀	12	167
鈁	12	167
鈂	12	167
鈃	12	167
鈄	12	167
鈅	12	167
鈆	12	167
鈇	12	167
鈈	12	167
鈉	12	167
鈊	12	167
鈋	12	167
鈌	12	167
鈍	12	167
鈎	12	167
鈏	12	167
鈐	12	167
鈑	12	167
鈒	11	167
鈓	12	167
鈔	12	167
鈕	12	167
鈖	12	167
鈗	12	167
鈘	12	167
鈙	12	167
鈚	12	167
鈛	12	167
鈜	12	167
鈝	12	167
鈞	12	167
鈟	12	167
鈠	12	167
鈡	12	167
鈢	12	167
鈣	12	167
鈤	12	167
鈥	12	167
鈦	12	167
鈧	12	167
鈨	12	167
鈩	12	167
鈪	12	167
鈫	12	167
鈬	12	167
鈭	14	167
鈮	13	167
鈯	13	167
鈰	13	167
鈱	13	167
鈲	13	167
鈳	13	167
鈴	13	167
鈵	13	167
鈶	13	167
鈷	13	167
鈸	13	167
鈹	13	167
鈺	13	167
鈻	13	167
鈼	13	167
鈽	13	167
鈾	13	167
鈿	13	167
鉀	13	167
鉁	13	167
鉂	13	167
鉃	13	167
鉄	13	167
鉅	12	167
鉆	13	167
鉇	13	167
鉈	13	167
鉉	13	167
鉊	13	167
鉋	13	167
鉌	13	167
鉍	13	167
鉎	13	167
鉏	13	167
鉐	13	167
鉑	13	167
鉒	13	167
鉓	13	167
鉔	13	167
鉕	13	167
鉖	13	167
鉗	13	167
鉘	13	167
鉙	13	167
鉚	13	167
鉛	13	167
鉜	13	167
鉝	13	167
鉞	13	167
鉟	13	167
鉠	13	167
鉡	13	167
鉢	13	167
鉣	13	167
鉤	13	167
鉥	13	167
鉦	13	167
鉧	13	167
鉨	13	167
鉩	13	167
鉪	13	167
鉫	13	167
鉬	13	167
鉭	13	167
鉮	13	167
鉯	12	167
鉰	13	167
鉱	13	167
鉲	13	167
鉳	13	167
鉴	13	167
鉵	14	167
鉶	14	167
鉷	14	167
鉸	14	167
鉹	14	167
鉺	14	167
鉻	14	167
鉼	14	167
鉽	14	167
鉾	14	167
鉿	14	167
銀	14	167
銁	14	167
銂	14	167
銃	14	167
銄	14	167
銅	14	167
銆	14	167
銇	14	167
銈	14	167
銉	14	167
銊	14	167
銋	14	167
銌	14	167
銍	14	167
銎	14	167
銏	13	167
銐	14	167
銑	14	167
銒	14	167
銓	14	167
銔	14	167
銕	14	167
銖	14	167
銗	14	167
銘	14	167
銙	14	167
銚	14	167
銛	14	167
銜	14	167
銝	14	167
銞	14	167
銟	14	167
銠	14	167
銡	14	167
銢	14	167
銣	14	167
銤	14	167
銥	14	167
銦	14	167
銧	14	167
銨	14	167
銩	14	167
銪	14	167
銫	14	167
銬	14	167
銭	14	167
銮	14	167
銯	14	167
銰	14	167
銱	14	167
銲	15	167
銳	15	167
銴	15	167
銵	15	167
銶	15	167
銷	15	167
銸	15	167
銹	15	167
銺	15	167
銻	15	167
銼	15	167
銽	15	167
銾	15	167
銿	15	167
鋀	15	167
鋁	14	167
鋂	15	167
鋃	15	167
鋄	15	167
鋅	15	167
鋆	15	167
鋇	15	167
鋈	15	167
鋉	15	167
鋊	15	167
鋋	14	167
鋌	14	167
鋍	15	167
鋎	15	167
鋏	15	167
鋐	15	167
鋑	15	167
鋒	15	167
鋓	15	167
鋔	15	167
鋕	15	167
鋖	15	167
鋗	15	167
鋘	15	167
鋙	15	167
鋚	15	167
鋛	15	167
鋜	15	167
鋝	15	167
鋞	15	167
鋟	15	167
鋠	15	167
鋡	15	167
鋢	15	167
鋣	14	167
鋤	15	167
鋥	15	167
鋦	15	167
鋧	15	167
鋨	15	167
鋩	14	167
鋪	15	167
鋫	15	167
鋬	15	167
鋭	15	167
鋮	14	167
鋯	15	167
鋰	15	167
鋱	15	167
鋲	15	167
鋳	15	167
鋴	15	167
鋵	15	167
鋶	15	167
鋷	16	167
鋸	16	167
鋹	16	167
鋺	16	167
鋻	16	167
鋼	16	167
鋽	16	167
鋾	16	167
鋿	16	167
錀	16	167
錁	16	167
錂	16	167
錃	16	167
錄	16	167
錅	16	167
錆	16	167
錇	16	167
錈	16	167
錉	16	167
錊	16	167
錋	16	167
錌	16	167
錍	16	167
錎	16	167
錏	16	167
錐	16	167
錑	16	167
錒	15	167
錓	15	167
錔	16	167
錕	16	167
錖	16	167
錗	16	167
錘	16	167
錙	16	167
錚	14	167
錛	16	167
錜	16	167
錝	16	167
錞	16	167
錟	16	167
錠	16	167
錡	16	167
錢	16	167
錣	16	167
錤	16	167
錥	16	167
錦	16	167
錧	16	167
錨	16	167
錩	16	167
錪	16	167
錫	16	167
錬	16	167
錭	16	167
錮	16	167
錯	16	167
錰	16	167
錱	16	167
録	16	167
錳	16	167
錴	16	167
錵	15	167
錶	16	167
錷	16	167
錸	16	167
錹	16	167
錺	15	167
錻	16	167
錼	16	167
錽	16	167
錾	16	167
錿	16	167
鍀	16	167
鍁	16	167
鍂	16	167
鍃	16	167
鍄	16	167
鍅	16	167
鍆	16	167
鍇	17	167
鍈	16	167
鍉	17	167
鍊	17	167
鍋	16	167
鍌	17	167
鍍	17	167
鍎	17	167
鍏	17	167
鍐	17	167
鍑	17	167
鍒	17	167
鍓	17	167
鍔	17	167
鍕	17	167
鍖	17	167
鍗	17	167
鍘	17	167
鍙	17	167
鍚	17	167
鍛	17	167
鍜	17	167
鍝	17	167
鍞	17	167
鍟	17	167
鍠	17	167
鍡	17	167
鍢	17	167
鍣	16	167
鍤	17	167
鍥	17	167
鍦	17	167
鍧	17	167
鍨	17	167
鍩	16	167
鍪	17	167
鍫	17	167
鍬	17	167
鍭	17	167
鍮	17	167
鍯	17	167
鍰	17	167
鍱	17	167
鍲	17	167
鍳	17	167
鍴	17	167
鍵	16	167
鍶	17	167
鍷	17	167
鍸	17	167
鍹	17	167
鍺	16	167
鍻	17	167
鍼	17	167
鍽	17	167
鍾	17	167
鍿	17	167
鎀	17	167
鎁	16	167
鎂	17	167
鎃	17	167
鎄	17	167
鎅	17	167
鎆	17	167
鎇	17	167
鎈	17	167
鎉	18	167
鎊	18	167
鎋	18	167
鎌	18	167
鎍	18	167
鎎	18	167
鎏	18	167
鎐	18	167
鎑	18	167
鎒	18	167
鎓	18	167
鎔	18	167
鎕	18	167
鎖	18	167
鎗	18	167
鎘	18	167
鎙	18	167
鎚	17	167
鎛	18	167
鎜	18	167
鎝	17	167
鎞	18	167
鎟	18	167
鎠	18	167
鎡	17	167
鎢	18	167
鎣	18	167
鎤	18	167
鎥	18	167
鎦	18	167
鎧	18	167
鎨	18	167
鎩	18	167
鎪	17	167
鎫	18	167
鎬	18	167
鎭	18	167
鎮	18	167
鎯	16	167
鎰	18	167
鎱	18	167
鎲	18	167
鎳	18	167
鎴	18	167
鎵	18	167
鎶	18	167
鎷	18	167
鎸	18	167
鎹	17	167
鎺	17	167
鎻	18	167
鎼	18	167
鎽	18	167
鎾	17	167
鎿	18	167
鏀	19	167
鏁	19	167
鏂	19	167
鏃	19	167
鏄	19	167
鏅	18	167
鏆	19	167
鏇	19	167
鏈	18	167
鏉	19	167
鏊	18	167
鏋	19	167
鏌	18	167
鏍	19	167
鏎	18	167
鏏	19	167
鏐	19	167
鏑	19	167
鏒	19	167
鏓	19	167
鏔	19	167
鏕	19	167
鏖	19	167
鏗	19	167
鏘	19	167
鏙	19	167
鏚	19	167
鏛	19	167
鏜	19	167
鏝	19	167
鏞	19	167
鏟	19	167
鏠	18	167
鏡	19	167
鏢	19	167
鏣	19	167
鏤	19	167
鏥	19	167
鏦	19	167
鏧	19	167
鏨	19	167
鏩	19	167
鏪	19	167
鏫	19	167
鏬	19	167
鏭	19	167
鏮	19	167
鏯	19	167
鏰	19	167
鏱	19	167
鏲	19	167
鏳	20	167
鏴	21	167
鏵	18	167
鏶	20	167
鏷	20	167
鏸	20	167
鏹	20	167
鏺	20	167
鏻	20	167
鏼	20	167
鏽	21	167
鏾	20	167
鏿	20	167
鐀	20	167
鐁	20	167
鐂	20	167
鐃	20	167
鐄	19	167
鐅	19	167
鐆	19	167
鐇	20	167
鐈	20	167
鐉	20	167
鐊	19	167
鐋	20	167
鐌	19	167
鐍	20	167
鐎	20	167
鐏	20	167
鐐	20	167
鐑	20	167
鐒	20	167
鐓	20	167
鐔	20	167
鐕	20	167
鐖	20	167
鐗	20	167
鐘	20	167
鐙	20	167
鐚	20	167
鐛	20	167
鐜	20	167
鐝	20	167
鐞	20	167
鐟	20	167
鐠	20	167
鐡	20	167
鐢	20	167
鐣	20	167
鐤	20	167
鐥	20	167
鐦	20	167
鐧	20	167
鐨	20	167
鐩	20	167
鐪	21	167
鐫	20	167
鐬	21	167
鐭	20	167
鐮	21	167
鐯	19	167
鐰	21	167
鐱	21	167
鐲	21	167
鐳	21	167
鐴	21	167
鐵	21	167
鐶	21	167
鐷	20	167
鐸	21	167
鐹	19	167
鐺	21	167
鐻	21	167
鐼	20	167
鐽	20	167
鐾	21	167
鐿	21	167
鑀	21	167
鑁	21	167
鑂	22	167
鑃	22	167
鑄	22	167
鑅	22	167
鑆	22	167
鑇	22	167
鑈	22	167
鑉	21	167
鑊	21	167
鑋	22	167
鑌	22	167
鑍	22	167
鑎	22	167
鑏	22	167
鑐	22	167
鑑	22	167
鑒	22	167
鑓	21	167
鑔	22	167
鑕	23	167
鑖	22	167
鑗	23	167
鑘	23	167
鑙	23	167
鑚	23	167
鑛	22	167
鑜	23	167
鑝	21	167
鑞	23	167
鑟	23	167
鑠	23	167
鑡	23	167
鑢	23	167
鑣	23	167
鑤	23	167
鑥	23	167
鑦	23	167
鑧	22	167
鑨	24	167
鑩	24	167
鑪	24	167
鑫	24	167
鑬	24	167
鑭	25	167
鑮	24	167
鑯	25	167
鑰	25	167
鑱	25	167
鑲	25	167
鑳	25	167
鑴	26	167
鑵	25	167
鑶	25	167
鑷	26	167
鑸	26	167
鑹	26	167
鑺	26	167
鑻	27	167
鑼	27	167
鑽	27	167
鑾	27	167
鑿	28	167
钀	28	167
钁	28	167
钂	28	167
钃	29	167
钄	28	167
钅	5	167
钆	6	167
钇	6	167
针	7	167
钉	7	167
钊	7	167
钋	7	167
钌	7	167
钍	8	167
钎	8	167
钏	8	167
钐	8	167
钑	8	167
钒	8	167
钓	8	167
钔	8	167
钕	8	167
钖	8	167
钗	8	167
钘	9	167
钙	9	167
钚	9	167
钛	9	167
钜	9	167
钝	9	167
钞	9	167
钟	9	167
钠	9	167
钡	9	167
钢	9	167
钣	9	167
钤	9	167
钥	9	167
钦	9	167
钧	9	167
钨	9	167
钩	9	167
钪	9	167
钫	9	167
钬	9	167
钭	9	167
钮	9	167
钯	9	167
钰	10	167
钱	10	167
钲	10	167
钳	10	167
钴	10	167
钵	10	167
钶	10	167
钷	10	167
钸	10	167
钹	10	167
钺	10	167
钻	10	167
钼	10	167
钽	10	167
钾	10	167
钿	10	167
铀	10	167
铁	10	167
铂	10	167
铃	10	167
铄	10	167
铅	10	167
铆	10	167
铇	10	167
铈	10	167
铉	10	167
铊	10	167
铋	10	167
铌	10	167
铍	10	167
铎	10	167
铏	11	167
铐	11	167
铑	11	167
铒	11	167
铓	11	167
铔	11	167
铕	11	167
铖	11	167
铗	11	167
铘	11	167
铙	11	167
铚	11	167
铛	11	167
铜	11	167
铝	11	167
铞	11	167
铟	11	167
铠	11	167
铡	11	167
铢	11	167
铣	11	167
铤	11	167
铥	11	167
铦	11	167
铧	11	167
铨	11	167
铩	11	167
铪	11	167
铫	11	167
铬	11	167
铭	11	167
铮	11	167
铯	11	167
铰	11	167
铱	11	167
铲	11	167
铳	11	167
铴	11	167
铵	11	167
银	11	167
铷	11	167
铸	12	167
铹	12	167
铺	12	167
铻	12	167
铼	12	167
铽	12	167
链	12	167
铿	12	167
销	12	167
锁	12	167
锂	12	167
锃	12	167
锄	12	167
锅	12	167
锆	12	167
锇	12	167
锈	12	167
锉	12	167
锊	12	167
锋	12	167
锌	12	167
锍	12	167
锎	12	167
锏	12	167
锐	12	167
锑	12	167
锒	12	167
锓	12	167
锔	12	167
锕	12	167
锖	13	167
锗	13	167
锘	13	167
错	13	167
锚	13	167
锛	13	167
锜	13	167
锝	13	167
锞	13	167
锟	13	167
锠	13	167
锡	13	167
锢	13	167
锣	13	167
锤	13	167
锥	13	167
锦	13	167
锧	13	167
锨	13	167
锩	13	167
锪	13	167
锫	13	167
锬	13	167
锭	13	167
键	13	167
锯	13	167
锰	13	167
锱	13	167
锲	14	167
锳	13	167
锴	14	167
锵	14	167
锶	14	167
锷	14	167
锸	14	167
锹	14	167
锺	14	167
锻	14	167
锼	14	167
锽	14	167
锾	14	167
锿	14	167
镀	14	167
镁	14	167
镂	14	167
镃	14	167
镄	14	167
镅	14	167
镆	15	167
镇	15	167
镈	15	167
镉	15	167
镊	15	167
镋	15	167
镌	15	167
镍	15	167
镎	15	167
镏	15	167
镐	15	167
镑	15	167
镒	15	167
镓	15	167
镔	15	167
镕	15	167
镖	16	167
镗	16	167
镘	16	167
镙	16	167
镚	16	167
镛	16	167
镜	16	167
镝	16	167
镞	16	167
镟	16	167
镠	16	167
镡	17	167
镢	17	167
镣	17	167
镤	17	167
镥	17	167
镦	17	167
镧	17	167
镨	17	167
镩	17	167
镪	17	167
镫	17	167
镬	18	167
镭	18	167
镮	18	167
镯	18	167
镰	18	167
镱	18	167
镲	19	167
镳	20	167
镴	20	167
镵	22	167
镶	22	167
長	8	168
镸	7	168
镹	10	168
镺	11	168
镻	12	168
镼	15	168
镽	19	168
镾	21	168
长	4	168
門	8	169
閁	9	169
閂	9	169
閃	10	169
閄	10	169
閅	10	169
閆	11	169
閇	11	169
閈	11	169
閉	11	169
閊	11	169
開	12	169
閌	12	169
閍	12	169
閎	12	169
閏	12	169
閐	12	169
閑	12	169
閒	12	169
間	12	169
閔	12	169
閕	12	169
閖	12	169
閗	12	169
閘	13	169
閙	13	169
閚	13	169
閛	13	169
閜	13	169
閝	13	169
閞	13	169
閟	13	169
閠	13	169
閡	14	169
関	14	169
閣	14	169
閤	14	169
閥	14	169
閦	14	169
閧	14	169
閨	14	169
閩	14	169
閪	14	169
閫	15	169
閬	15	169
閭	14	169
閮	14	169
閯	15	169
閰	14	169
閱	15	169
閲	15	169
閳	15	169
閴	15	169
閵	16	169
閶	16	169
閷	16	169
閸	16	169
閹	16	169
閺	16	169
閻	16	169
閼	16	169
閽	16	169
閾	16	169
閿	16	169
闀	17	169
闁	16	169
闂	16	169
闃	17	169
闄	17	169
闅	17	169
闆	17	169
闇	17	169
闈	17	169
闉	17	169
闊	17	169
闋	17	169
闌	17	169
闍	16	169
闎	17	169
闏	17	169
闐	18	169
闑	18	169
闒	18	169
闓	18	169
闔	18	169
闕	18	169
闖	18	169
闗	18	169
闘	18	169
闙	19	169
闚	19	169
闛	19	169
關	19	169
闝	19	169
闞	19	169
闟	20	169
闠	20	169
闡	20	169
闢	21	169
闣	21	169
闤	21	169
闥	20	169
闦	21	169
闧	22	169
门	3	169
闩	4	169
闪	5	169
闫	6	169
闬	6	169
闭	6	169
问	6	169
闯	6	169
闰	7	169
闱	7	169
闲	7	169
闳	7	169
间	7	169
闵	7	169
闶	7	169
闷	7	169
闸	8	169
闹	8	169
闺	9	169
闻	9	169
闼	9	169
闽	9	169
闾	9	169
闿	9	169
阀	9	169
阁	9	169
阂	9	169
阃	10	169
阄	10	169
阅	10	169
阆	10	169
阇	11	169
阈	11	169
阉	11	169
阊	11	169
阋	11	169
阌	11	169
阍	11	169
阎	11	169
阏	11	169
阐	11	169
阑	12	169
阒	12	169
阓	12	169
阔	12	169
阕	12	169
阖	13	169
阗	13	169
阘	13	169
阙	13	169
阚	14	169
阛	16	169
阜	8	170
阝	2	170
阞	4	170
队	4	170
阠	5	170
阡	5	170
阢	5	170
阣	5	170
阤	5	170
阥	6	170
阦	6	170
阧	6	170
阨	6	170
阩	6	170
阪	6	170
阫	6	170
阬	6	170
阭	6	170
阮	6	170
阯	6	170
阰	6	170
阱	6	170
防	6	170
阳	6	170
阴	6	170
阵	6	170
阶	6	170
阷	7	170
阸	7	170
阹	7	170
阺	7	170
阻	7	170
阼	7	170
阽	7	170
阾	7	170
阿	7	170
陀	7	170
陁	7	170
陂	7	170
陃	7	170
附	7	170
际	7	170
陆	7	170
陇	7	170
陈	7	170
陉	7	170
陊	8	170
陋	8	170
陌	8	170
降	8	170
陎	8	170
陏	8	170
限	8	170
陑	8	170
陒	8	170
陓	8	170
陔	8	170
陕	8	170
陖	9	170
陗	9	170
陘	9	170
陙	9	170
陚	10	170
陛	9	170
陜	9	170
陝	9	170
陞	9	170
陟	9	170
陠	9	170
陡	9	170
院	9	170
陣	9	170
除	9	170
陥	9	170
陦	9	170
陧	9	170
陨	9	170
险	9	170
陪	10	170
陫	10	170
陬	10	170
陭	10	170
陮	10	170
陯	10	170
陰	10	170
陱	10	170
陲	10	170
陳	10	170
陴	10	170
陵	10	170
陶	10	170
陷	10	170
陸	10	170
陹	10	170
険	10	170
陻	11	170
陼	10	170
陽	11	170
陾	11	170
陿	11	170
隀	11	170
隁	11	170
隂	11	170
隃	11	170
隄	11	170
隅	11	170
隆	11	170
隇	11	170
隈	11	170
隉	11	170
隊	11	170
隋	11	170
隌	11	170
隍	11	170
階	11	170
随	11	170
隐	11	170
隑	12	170
隒	12	170
隓	12	170
隔	12	170
隕	12	170
隖	12	170
隗	11	170
隘	12	170
隙	12	170
隚	13	170
際	13	170
障	13	170
隝	13	170
隞	12	170
隟	13	170
隠	13	170
隡	13	170
隢	14	170
隣	14	170
隤	14	170
隥	14	170
隦	15	170
隧	14	170
隨	14	170
隩	14	170
險	15	170
隫	14	170
隬	16	170
隭	16	170
隮	16	170
隯	16	170
隰	16	170
隱	16	170
隲	16	170
隳	17	170
隴	18	170
隵	19	170
隶	8	171
隷	16	171
隸	17	171
隹	8	172
隺	10	172
隻	10	172
隼	10	172
隽	10	172
难	10	172
隿	11	172
雀	11	172
雁	12	172
雂	12	172
雃	12	172
雄	12	172
雅	12	172
集	12	172
雇	12	172
雈	12	172
雉	13	172
雊	13	172
雋	12	172
雌	14	172
雍	13	172
雎	13	172
雏	13	172
雐	14	172
雑	14	172
雒	14	172
雓	15	172
雔	16	172
雕	16	172
雖	17	172
雗	18	172
雘	17	172
雙	18	172
雚	17	172
雛	18	172
雜	18	172
雝	18	172
雞	18	172
雟	18	172
雠	18	172
雡	19	172
離	18	172
難	19	172
雤	21	172
雥	24	172
雦	24	172
雧	28	172
雨	8	173
雩	11	173
雪	11	173
雫	11	173
雬	12	173
雭	11	173
雮	12	173
雯	12	173
雰	12	173
雱	12	173
雲	12	173
雳	12	173
雴	13	173
雵	13	173
零	13	173
雷	13	173
雸	13	173
雹	13	173
雺	13	173
電	13	173
雼	13	173
雽	13	173
雾	13	173
雿	14	173
需	14	173
霁	14	173
霂	15	173
霃	15	173
霄	15	173
霅	15	173
霆	14	173
震	15	173
霈	15	173
霉	15	173
霊	15	173
霋	16	173
霌	16	173
霍	16	173
霎	16	173
霏	16	173
霐	16	173
霑	16	173
霒	16	173
霓	16	173
霔	16	173
霕	16	173
霖	16	173
霗	16	173
霘	17	173
霙	16	173
霚	17	173
霛	17	173
霜	17	173
霝	17	173
霞	17	173
霟	17	173
霠	17	173
霡	17	173
霢	18	173
霣	18	173
霤	18	173
霥	18	173
霦	19	173
霧	18	173
霨	19	173
霩	18	173
霪	19	173
霫	19	173
霬	19	173
霭	19	173
霮	20	173
霯	20	173
霰	20	173
霱	20	173
露	21	173
霳	19	173
霴	20	173
霵	20	173
霶	21	173
霷	21	173
霸	21	173
霹	21	173
霺	21	173
霻	21	173
霼	22	173
霽	22	173
霾	22	173
霿	21	173
靀	21	173
靁	23	173
靂	24	173
靃	24	173
靄	24	173
靅	24	173
靆	23	173
靇	24	173
靈	24	173
靉	25	173
靊	26	173
靋	27	173
靌	27	173
靍	27	173
靎	27	173
靏	29	173
靐	39	173
靑	8	174
青	8	174
靓	12	174
靔	12	174
靕	13	174
靖	13	174
靗	14	174
靘	14	174
静	14	174
靚	15	174
靛	16	174
靜	16	174
靝	18	174
非	8	175
靟	12	175
靠	15	175
靡	19	175
面	9	176
靣	8	176
靤	14	176
靥	15	176
靦	16	176
靧	21	176
靨	23	176
革	9	177
靪	11	177
靫	12	177
靬	12	177
靭	12	177
靮	12	177
靯	12	177
靰	12	177
靱	12	177
靲	13	177
靳	13	177
靴	13	177
靵	13	177
靶	13	177
靷	13	177
靸	12	177
靹	13	177
靺	14	177
靻	14	177
靼	14	177
靽	14	177
靾	14	177
靿	14	177
鞀	14	177
鞁	14	177
鞂	14	177
鞃	14	177
鞄	14	177
鞅	14	177
鞆	14	177
鞇	15	177
鞈	15	177
鞉	15	177
鞊	15	177
鞋	15	177
鞌	15	177
鞍	15	177
鞎	15	177
鞏	15	177
鞐	15	177
鞑	15	177
鞒	15	177
鞓	16	177
鞔	16	177
鞕	16	177
鞖	16	177
鞗	15	177
鞘	16	177
鞙	16	177
鞚	17	177
鞛	17	177
鞜	17	177
鞝	17	177
鞞	17	177
鞟	17	177
鞠	17	177
鞡	17	177
鞢	18	177
鞣	18	177
鞤	18	177
鞥	18	177
鞦	18	177
鞧	18	177
鞨	18	177
鞩	18	177
鞪	18	177
鞫	18	177
鞬	17	177
鞭	18	177
鞮	18	177
鞯	18	177
鞰	18	177
鞱	19	177
鞲	19	177
鞳	18	177
鞴	19	177
鞵	19	177
鞶	19	177
鞷	19	177
鞸	19	177
鞹	19	177
鞺	20	177
鞻	20	177
鞼	21	177
鞽	21	177
鞾	19	177
鞿	21	177
韀	22	177
韁	22	177
韂	22	177
韃	21	177
韄	22	177
韅	23	177
韆	24	177
韇	24	177
韈	23	177
韉	25	177
韊	29	177
韋	9	178
韌	12	178
韍	14	178
韎	14	178
韏	15	178
韐	15	178
韑	15	178
韒	16	178
韓	17	178
韔	17	178
韕	17	178
韖	18	178
韗	18	178
韘	18	178
韙	18	178
韚	18	178
韛	19	178
韜	19	178
韝	19	178
韞	18	178
韟	19	178
韠	19	178
韡	19	178
韢	21	178
韣	22	178
韤	23	178
韥	24	178
韦	4	178
韧	7	178
韨	9	178
韩	12	178
韪	13	178
韫	13	178
韬	14	178
韭	9	179
韮	12	179
韯	15	179
韰	16	179
韱	17	179
韲	19	179
音	9	180
韴	13	180
韵	13	180
韶	14	180
韷	14	180
韸	16	180
韹	18	180
韺	17	180
韻	19	180
韼	19	180
韽	20	180
韾	20	180
響	20	180
頀	22	180
頁	9	181
頂	11	181
頃	11	181
頄	11	181
項	12	181
順	12	181
頇	12	181
須	12	181
頉	13	181
頊	13	181
頋	13	181
頌	13	181
頍	13	181
頎	13	181
頏	13	181
預	13	181
頑	13	181
頒	13	181
頓	13	181
頔	14	181
頕	14	181
頖	14	181
頗	14	181
領	14	181
頙	14	181
頚	14	181
頛	15	181
頜	15	181
頝	15	181
頞	15	181
頟	15	181
頠	15	181
頡	15	181
頢	15	181
頣	15	181
頤	16	181
頥	16	181
頦	15	181
頧	15	181
頨	15	181
頩	15	181
頪	15	181
頫	15	181
頬	15	181
頭	16	181
頮	16	181
頯	16	181
頰	16	181
頱	16	181
頲	15	181
頳	16	181
頴	16	181
頵	16	181
頶	16	181
頷	16	181
頸	16	181
頹	16	181
頺	16	181
頻	16	181
頼	16	181
頽	16	181
頾	18	181
頿	18	181
顀	17	181
顁	17	181
顂	17	181
顃	17	181
顄	17	181
顅	17	181
顆	17	181
顇	17	181
顈	17	181
顉	17	181
顊	17	181
顋	18	181
題	18	181
額	18	181
顎	18	181
顏	18	181
顐	18	181
顑	18	181
顒	18	181
顓	18	181
顔	18	181
顕	18	181
顖	19	181
顗	19	181
願	19	181
顙	19	181
顚	19	181
顛	19	181
顜	19	181
顝	18	181
類	19	181
顟	20	181
顠	20	181
顡	20	181
顢	20	181
顣	20	181
顤	21	181
顥	21	181
顦	21	181
顧	21	181
顨	21	181
顩	22	181
顪	22	181
顫	22	181
顬	23	181
顭	22	181
顮	23	181
顯	23	181
顰	24	181
顱	25	181
顲	25	181
顳	27	181
顴	26	181
页	6	181
顶	8	181
顷	8	181
顸	9	181
项	9	181
顺	9	181
须	9	181
顼	10	181
顽	10	181
顾	10	181
顿	10	181
颀	10	181
颁	10	181
颂	10	181
颃	10	181
预	10	181
颅	11	181
领	11	181
颇	11	181
颈	11	181
颉	12	181
颊	12	181
颋	12	181
颌	12	181
颍	12	181
颎	12	181
颏	12	181
颐	13	181
频	13	181
颒	13	181
颓	13	181
颔	13	181
颕	13	181
颖	13	181
颗	14	181
题	15	181
颙	15	181
颚	15	181
颛	15	181
颜	15	181
额	15	181
颞	16	181
颟	16	181
颠	16	181
颡	16	181
颢	18	181
颣	18	181
颤	19	181
颥	20	181
颦	21	181
颧	23	181
風	9	182
颩	12	182
颪	12	182
颫	13	182
颬	13	182
颭	14	182
颮	14	182
颯	14	182
颰	14	182
颱	14	182
颲	15	182
颳	15	182
颴	16	182
颵	16	182
颶	17	182
颷	17	182
颸	18	182
颹	18	182
颺	18	182
颻	19	182
颼	18	182
颽	19	182
颾	18	182
颿	19	182
飀	19	182
飁	20	182
飂	20	182
飃	20	182
飄	20	182
飅	21	182
飆	21	182
飇	21	182
飈	21	182
飉	21	182
飊	21	182
飋	22	182
飌	26	182
飍	27	182
风	4	182
飏	7	182
飐	9	182
飑	9	182
飒	9	182
飓	12	182
飔	13	182
飕	13	182
飖	14	182
飗	14	182
飘	15	182
飙	16	182
飚	16	182
飛	9	183
飜	21	183
飝	27	183
飞	3	183
食	9	184
飠	8	184
飡	11	184
飢	10	184
飣	10	184
飤	10	184
飥	11	184
飦	11	184
飧	12	184
飨	12	184
飩	12	184
飪	12	184
飫	12	184
飬	13	184
飭	12	184
飮	13	184
飯	12	184
飰	12	184
飱	13	184
飲	12	184
飳	13	184
飴	13	184
飵	13	184
飶	13	184
飷	13	184
飸	14	184
飹	13	184
飺	15	184
飻	13	184
飼	13	184
飽	13	184
飾	13	184
飿	13	184
餀	13	184
餁	14	184
餂	14	184
餃	14	184
餄	14	184
餅	14	184
餆	14	184
餇	14	184
餈	15	184
餉	14	184
養	14	184
餋	15	184
餌	14	184
餍	15	184
餎	14	184
餏	14	184
餐	16	184
餑	15	184
餒	15	184
餓	15	184
餔	15	184
餕	15	184
餖	15	184
餗	15	184
餘	15	184
餙	15	184
餚	16	184
餛	16	184
餜	16	184
餝	15	184
餞	16	184
餟	16	184
餠	16	184
餡	16	184
餢	16	184
餣	16	184
餤	16	184
餥	17	184
餦	16	184
餧	16	184
館	16	184
餩	16	184
餪	17	184
餫	17	184
餬	17	184
餭	17	184
餮	18	184
餯	17	184
餰	17	184
餱	17	184
餲	17	184
餳	17	184
餴	16	184
餵	17	184
餶	17	184
餷	17	184
餸	17	184
餹	18	184
餺	18	184
餻	18	184
餼	18	184
餽	17	184
餾	18	184
餿	17	184
饀	18	184
饁	18	184
饂	17	184
饃	18	184
饄	19	184
饅	19	184
饆	18	184
饇	19	184
饈	18	184
饉	19	184
饊	20	184
饋	20	184
饌	20	184
饍	20	184
饎	20	184
饏	20	184
饐	20	184
饑	20	184
饒	20	184
饓	20	184
饔	22	184
饕	22	184
饖	21	184
饗	20	184
饘	21	184
饙	20	184
饚	21	184
饛	21	184
饜	23	184
饝	24	184
饞	25	184
饟	25	184
饠	27	184
饡	27	184
饢	30	184
饣	3	184
饤	5	184
饥	5	184
饦	6	184
饧	6	184
饨	7	184
饩	7	184
饪	7	184
饫	7	184
饬	7	184
饭	7	184
饮	7	184
饯	8	184
饰	8	184
饱	8	184
饲	8	184
饳	8	184
饴	8	184
饵	9	184
饶	9	184
饷	9	184
饸	9	184
饹	9	184
饺	9	184
饻	9	184
饼	9	184
饽	10	184
饾	10	184
饿	10	184
馀	10	184
馁	10	184
馂	10	184
馃	11	184
馄	11	184
馅	11	184
馆	11	184
馇	12	184
馈	12	184
馉	12	184
馊	12	184
馋	12	184
馌	13	184
馍	13	184
馎	13	184
馏	13	184
馐	13	184
馑	14	184
馒	14	184
馓	15	184
馔	15	184
馕	25	184
首	9	185
馗	11	185
馘	17	185
香	9	186
馚	13	186
馛	14	186
馜	14	186
馝	14	186
馞	16	186
馟	16	186
馠	16	186
馡	17	186
馢	17	186
馣	17	186
馤	18	186
馥	18	186
馦	19	186
馧	18	186
馨	20	186
馩	21	186
馪	23	186
馫	27	186
馬	10	187
馭	12	187
馮	12	187
馯	13	187
馰	13	187
馱	13	187
馲	13	187
馳	13	187
馴	13	187
馵	13	187
馶	14	187
馷	14	187
馸	14	187
馹	14	187
馺	13	187
馻	14	187
馼	14	187
馽	14	187
馾	14	187
馿	14	187
駀	14	187
駁	14	187
駂	14	187
駃	14	187
駄	14	187
駅	14	187
駆	14	187
駇	14	187
駈	15	187
駉	15	187
駊	15	187
駋	15	187
駌	15	187
駍	15	187
駎	15	187
駏	14	187
駐	15	187
駑	15	187
駒	15	187
駓	15	187
駔	15	187
駕	15	187
駖	15	187
駗	15	187
駘	15	187
駙	15	187
駚	15	187
駛	15	187
駜	15	187
駝	15	187
駞	15	187
駟	15	187
駠	15	187
駡	16	187
駢	16	187
駣	16	187
駤	16	187
駥	16	187
駦	16	187
駧	16	187
駨	16	187
駩	16	187
駪	16	187
駫	16	187
駬	16	187
駭	16	187
駮	16	187
駯	16	187
駰	16	187
駱	16	187
駲	16	187
駳	16	187
駴	17	187
駵	17	187
駶	17	187
駷	17	187
駸	17	187
駹	17	187
駺	17	187
駻	17	187
駼	17	187
駽	17	187
駾	17	187
駿	17	187
騀	17	187
騁	17	187
騂	17	187
騃	17	187
騄	18	187
騅	18	187
騆	18	187
騇	18	187
騈	18	187
騉	18	187
騊	18	187
騋	18	187
騌	18	187
騍	18	187
騎	18	187
騏	18	187
騐	18	187
騑	18	187
騒	18	187
験	18	187
騔	19	187
騕	19	187
騖	19	187
騗	19	187
騘	19	187
騙	19	187
騚	19	187
騛	19	187
騜	19	187
騝	18	187
騞	19	187
騟	19	187
騠	19	187
騡	19	187
騢	19	187
騣	19	187
騤	19	187
騥	19	187
騦	19	187
騧	18	187
騨	19	187
騩	19	187
騪	19	187
騫	20	187
騬	20	187
騭	19	187
騮	20	187
騯	20	187
騰	20	187
騱	20	187
騲	19	187
騳	20	187
騴	20	187
騵	20	187
騶	20	187
騷	19	187
騸	20	187
騹	21	187
騺	21	187
騻	21	187
騼	21	187
騽	21	187
騾	21	187
騿	21	187
驀	20	187
驁	20	187
驂	21	187
驃	21	187
驄	21	187
驅	21	187
驆	20	187
驇	21	187
驈	22	187
驉	21	187
驊	20	187
驋	22	187
驌	23	187
驍	22	187
驎	22	187
驏	22	187
驐	22	187
驑	22	187
驒	22	187
驓	22	187
驔	22	187
驕	22	187
驖	23	187
驗	23	187
驘	23	187
驙	23	187
驚	22	187
驛	23	187
驜	23	187
驝	24	187
驞	24	187
驟	24	187
驠	26	187
驡	26	187
驢	26	187
驣	26	187
驤	27	187
驥	26	187
驦	27	187
驧	27	187
驨	28	187
驩	27	187
驪	29	187
驫	30	187
马	3	187
驭	5	187
驮	6	187
驯	6	187
驰	6	187
驱	7	187
驲	7	187
驳	7	187
驴	7	187
驵	8	187
驶	8	187
驷	8	187
驸	8	187
驹	8	187
驺	8	187
驻	8	187
驼	8	187
驽	8	187
驾	8	187
驿	8	187
骀	8	187
骁	9	187
骂	9	187
骃	9	187
骄	9	187
骅	9	187
骆	9	187
骇	9	187
骈	9	187
骉	9	187
骊	10	187
骋	10	187
验	10	187
骍	10	187
骎	10	187
骏	10	187
骐	11	187
骑	11	187
骒	11	187
骓	11	187
骔	11	187
骕	11	187
骖	11	187
骗	12	187
骘	12	187
骙	12	187
骚	12	187
骛	12	187
骜	13	187
骝	13	187
骞	13	187
骟	13	187
骠	14	187
骡	14	187
骢	14	187
骣	15	187
骤	17	187
骥	19	187
骦	20	187
骧	20	187
骨	9	188
骩	11	188
骪	12	188
骫	12	188
骬	12	188
骭	12	188
骮	12	188
骯	13	188
骰	13	188
骱	13	188
骲	14	188
骳	14	188
骴	15	188
骵	14	188
骶	14	188
骷	14	188
骸	15	188
骹	15	188
骺	15	188
骻	15	188
骼	15	188
骽	16	188
骾	16	188
骿	15	188
髀	17	188
髁	17	188
髂	18	188
髃	18	188
髄	18	188
髅	18	188
髆	19	188
髇	19	188
髈	19	188
髉	19	188
髊	18	188
髋	19	188
髌	19	188
髍	20	188
髎	20	188
髏	20	188
髐	21	188
髑	22	188
髒	21	188
髓	21	188
體	22	188
髕	23	188
髖	23	188
髗	25	188
高	10	189
髙	11	189
髚	14	189
髛	15	189
髜	18	189
髝	22	189
髞	23	189
髟	10	190
髠	12	190
髡	13	190
髢	13	190
髣	14	190
髤	14	190
髥	14	190
髦	14	190
髧	14	190
髨	14	190
髩	14	190
髪	14	190
髫	15	190
髬	15	190
髭	16	190
髮	15	190
髯	15	190
髰	15	190
髱	15	190
髲	15	190
髳	15	190
髴	15	190
髵	16	190
髶	16	190
髷	16	190
髸	16	190
髹	16	190
髺	16	190
髻	16	190
髼	17	190
髽	17	190
髾	17	190
髿	17	190
鬀	17	190
鬁	17	190
鬂	17	190
鬃	18	190
鬄	18	190
鬅	18	190
鬆	18	190
鬇	16	190
鬈	18	190
鬉	19	190
鬊	19	190
鬋	19	190
鬌	19	190
鬍	19	190
鬎	19	190
鬏	19	190
鬐	20	190
鬑	20	190
鬒	20	190
鬓	20	190
鬔	20	190
鬕	20	190
鬖	21	190
鬗	21	190
鬘	21	190
鬙	22	190
鬚	22	190
鬛	22	190
鬜	22	190
鬝	22	190
鬞	23	190
鬟	23	190
鬠	23	190
鬡	24	190
鬢	24	190
鬣	25	190
鬤	27	190
鬥	10	191
鬦	14	191
鬧	15	191
鬨	16	191
鬩	18	191
鬪	20	191
鬫	21	191
鬬	25	191
鬭	24	191
鬮	27	191
鬯	10	192
鬰	27	192
鬱	29	192
鬲	10	193
鬳	16	193
鬴	17	193
鬵	18	193
鬶	18	193
鬷	19	193
鬸	20	193
鬹	21	193
鬺	21	193
鬻	22	193
鬼	9	194
鬽	12	194
鬾	13	194
鬿	13	194
魀	13	194
魁	13	194
魂	13	194
魃	14	194
魄	14	194
魅	14	194
魆	14	194
魇	15	194
魈	16	194
魉	16	194
魊	17	194
魋	17	194
魌	17	194
魍	17	194
魎	17	194
魏	17	194
魐	19	194
魑	19	194
魒	20	194
魓	19	194
魔	20	194
魕	21	194
魖	20	194
魗	23	194
魘	23	194
魙	23	194
魚	11	195
魛	13	195
魜	13	195
魝	13	195
魞	13	195
魟	14	195
魠	14	195
魡	14	195
魢	14	195
魣	15	195
魤	15	195
魥	14	195
魦	15	195
魧	15	195
魨	15	195
魩	15	195
魪	15	195
魫	15	195
魬	15	195
魭	15	195
魮	15	195
魯	15	195
魰	15	195
魱	15	195
魲	15	195
魳	15	195
魴	15	195
魵	15	195
魶	15	195
魷	15	195
魸	15	195
魹	15	195
魺	16	195
魻	16	195
魼	16	195
魽	16	195
魾	16	195
魿	16	195
鮀	16	195
鮁	16	195
鮂	16	195
鮃	16	195
鮄	16	195
鮅	16	195
鮆	17	195
鮇	16	195
鮈	16	195
鮉	16	195
鮊	16	195
鮋	16	195
鮌	16	195
鮍	16	195
鮎	16	195
鮏	16	195
鮐	16	195
鮑	16	195
鮒	16	195
鮓	16	195
鮔	15	195
鮕	16	195
鮖	16	195
鮗	16	195
鮘	16	195
鮙	17	195
鮚	17	195
鮛	17	195
鮜	17	195
鮝	17	195
鮞	17	195
鮟	17	195
鮠	17	195
鮡	17	195
鮢	17	195
鮣	16	195
鮤	17	195
鮥	17	195
鮦	17	195
鮧	17	195
鮨	17	195
鮩	17	195
鮪	17	195
鮫	17	195
鮬	17	195
鮭	17	195
鮮	17	195
鮯	17	195
鮰	17	195
鮱	17	195
鮲	17	195
鮳	17	195
鮴	17	195
鮵	18	195
鮶	18	195
鮷	18	195
鮸	18	195
鮹	18	195
鮺	17	195
鮻	18	195
鮼	18	195
鮽	18	195
鮾	18	195
鮿	18	195
鯀	18	195
鯁	18	195
鯂	18	195
鯃	18	195
鯄	18	195
鯅	17	195
鯆	18	195
鯇	18	195
鯈	17	195
鯉	18	195
鯊	18	195
鯋	18	195
鯌	18	195
鯍	18	195
鯎	17	195
鯏	18	195
鯐	18	195
鯑	18	195
鯒	18	195
鯓	18	195
鯔	19	195
鯕	19	195
鯖	19	195
鯗	18	195
鯘	19	195
鯙	19	195
鯚	19	195
鯛	19	195
鯜	19	195
鯝	19	195
鯞	19	195
鯟	19	195
鯠	19	195
鯡	19	195
鯢	19	195
鯣	19	195
鯤	19	195
鯥	19	195
鯦	19	195
鯧	19	195
鯨	19	195
鯩	19	195
鯪	19	195
鯫	19	195
鯬	19	195
鯭	19	195
鯮	19	195
鯯	19	195
鯰	19	195
鯱	19	195
鯲	19	195
鯳	19	195
鯴	19	195
鯵	19	195
鯶	20	195
鯷	20	195
鯸	20	195
鯹	20	195
鯺	19	195
鯻	20	195
鯼	20	195
鯽	18	195
鯾	20	195
鯿	20	195
鰀	20	195
鰁	20	195
鰂	20	195
鰃	20	195
鰄	20	195
鰅	20	195
鰆	20	195
鰇	20	195
鰈	20	195
鰉	20	195
鰊	20	195
鰋	20	195
鰌	20	195
鰍	20	195
鰎	19	195
鰏	20	195
鰐	20	195
鰑	20	195
鰒	20	195
鰓	20	195
鰔	20	195
鰕	20	195
鰖	20	195
鰗	20	195
鰘	20	195
鰙	19	195
鰚	20	195
鰛	20	195
鰜	21	195
鰝	21	195
鰞	21	195
鰟	21	195
鰠	20	195
鰡	21	195
鰢	21	195
鰣	21	195
鰤	21	195
鰥	21	195
鰦	20	195
鰧	21	195
鰨	21	195
鰩	21	195
鰪	21	195
鰫	21	195
鰬	21	195
鰭	21	195
鰮	21	195
鰯	21	195
鰰	20	195
鰱	21	195
鰲	21	195
鰳	22	195
鰴	22	195
鰵	22	195
鰶	22	195
鰷	21	195
鰸	22	195
鰹	22	195
鰺	22	195
鰻	22	195
鰼	22	195
鰽	22	195
鰾	22	195
鰿	22	195
鱀	20	195
鱁	21	195
鱂	22	195
鱃	21	195
鱄	22	195
鱅	22	195
鱆	22	195
鱇	22	195
鱈	22	195
鱉	22	195
鱊	23	195
鱋	22	195
鱌	22	195
鱍	23	195
鱎	23	195
鱏	23	195
鱐	24	195
鱑	22	195
鱒	23	195
鱓	23	195
鱔	23	195
鱕	23	195
鱖	23	195
鱗	23	195
鱘	23	195
鱙	23	195
鱚	23	195
鱛	23	195
鱜	22	195
鱝	23	195
鱞	24	195
鱟	24	195
鱠	24	195
鱡	24	195
鱢	24	195
鱣	24	195
鱤	24	195
鱥	24	195
鱦	24	195
鱧	24	195
鱨	25	195
鱩	24	195
鱪	23	195
鱫	24	195
鱬	25	195
鱭	25	195
鱮	24	195
鱯	24	195
鱰	24	195
鱱	25	195
鱲	26	195
鱳	26	195
鱴	25	195
鱵	26	195
鱶	25	195
鱷	27	195
鱸	27	195
鱹	28	195
鱺	30	195
鱻	33	195
鱼	8	195
鱽	10	195
鱾	11	195
鱿	12	195
鲀	12	195
鲁	12	195
鲂	12	195
鲃	12	195
鲄	13	195
鲅	13	195
鲆	13	195
鲇	13	195
鲈	13	195
鲉	13	195
鲊	13	195
鲋	13	195
鲌	13	195
鲍	13	195
鲎	13	195
鲏	13	195
鲐	13	195
鲑	14	195
鲒	14	195
鲓	14	195
鲔	14	195
鲕	14	195
鲖	14	195
鲗	14	195
鲘	14	195
鲙	14	195
鲚	14	195
鲛	14	195
鲜	14	195
鲝	14	195
鲞	14	195
鲟	14	195
鲠	15	195
鲡	15	195
鲢	15	195
鲣	15	195
鲤	15	195
鲥	15	195
鲦	15	195
鲧	15	195
鲨	15	195
鲩	15	195
鲪	15	195
鲫	15	195
鲬	15	195
鲭	16	195
鲮	16	195
鲯	16	195
鲰	16	195
鲱	16	195
鲲	16	195
鲳	16	195
鲴	16	195
鲵	16	195
鲶	16	195
鲷	16	195
鲸	16	195
鲹	16	195
鲺	16	195
鲻	16	195
鲼	17	195
鲽	17	195
鲾	17	195
鲿	17	195
鳀	17	195
鳁	17	195
鳂	17	195
鳃	17	195
鳄	17	195
鳅	17	195
鳆	17	195
鳇	17	195
鳈	17	195
鳉	17	195
鳊	17	195
鳋	17	195
鳌	18	195
鳍	18	195
鳎	18	195
鳏	18	195
鳐	18	195
鳑	18	195
鳒	18	195
鳓	19	195
鳔	19	195
鳕	19	195
鳖	19	195
鳗	19	195
鳘	19	195
鳙	19	195
鳚	19	195
鳛	19	195
鳜	20	195
鳝	20	195
鳞	20	195
鳟	20	195
鳠	21	195
鳡	21	195
鳢	21	195
鳣	21	195
鳤	22	195
鳥	11	196
鳦	12	196
鳧	13	196
鳨	13	196
鳩	13	196
鳪	13	196
鳫	13	196
鳬	9	196
鳭	13	196
鳮	13	196
鳯	13	196
鳰	13	196
鳱	14	196
鳲	14	196
鳳	14	196
鳴	14	196
鳵	14	196
鳶	14	196
鳷	15	196
鳸	15	196
鳹	15	196
鳺	15	196
鳻	15	196
鳼	15	196
鳽	15	196
鳾	15	196
鳿	15	196
鴀	15	196
鴁	15	196
鴂	15	196
鴃	15	196
鴄	15	196
鴅	15	196
鴆	15	196
鴇	15	196
鴈	15	196
鴉	15	196
鴊	16	196
鴋	15	196
鴌	15	196
鴍	15	196
鴎	15	196
鴏	16	196
鴐	16	196
鴑	16	196
鴒	16	196
鴓	16	196
鴔	15	196
鴕	16	196
鴖	16	196
鴗	16	196
鴘	16	196
鴙	16	196
鴚	16	196
鴛	16	196
鴜	17	196
鴝	16	196
鴞	16	196
鴟	16	196
鴠	16	196
鴡	16	196
鴢	16	196
鴣	16	196
鴤	16	196
鴥	16	196
鴦	16	196
鴧	16	196
鴨	16	196
鴩	16	196
鴪	16	196
鴫	16	196
鴬	16	196
鴭	17	196
鴮	17	196
鴯	17	196
鴰	17	196
鴱	16	196
鴲	17	196
鴳	17	196
鴴	17	196
鴵	17	196
鴶	17	196
鴷	17	196
鴸	17	196
鴹	17	196
鴺	17	196
鴻	17	196
鴼	17	196
鴽	17	196
鴾	17	196
鴿	17	196
鵀	17	196
鵁	17	196
鵂	17	196
鵃	17	196
鵄	17	196
鵅	17	196
鵆	17	196
鵇	17	196
鵈	17	196
鵉	17	196
鵊	18	196
鵋	18	196
鵌	18	196
鵍	18	196
鵎	18	196
鵏	18	196
鵐	18	196
鵑	18	196
鵒	18	196
鵓	18	196
鵔	18	196
鵕	18	196
鵖	16	196
鵗	18	196
鵘	18	196
鵙	18	196
鵚	18	196
鵛	18	196
鵜	18	196
鵝	18	196
鵞	18	196
鵟	18	196
鵠	18	196
鵡	19	196
鵢	18	196
鵣	18	196
鵤	18	148
鵥	18	196
鵦	19	196
鵧	17	196
鵨	19	196
鵩	19	196
鵪	19	196
鵫	19	196
鵬	19	196
鵭	19	196
鵮	19	196
鵯	19	196
鵰	19	196
鵱	19	196
鵲	19	196
鵳	19	196
鵴	19	196
鵵	19	196
鵶	19	196
鵷	19	196
鵸	19	196
鵹	19	196
鵺	19	196
鵻	19	196
鵼	19	196
鵽	19	196
鵾	19	196
鵿	19	196
鶀	19	196
鶁	19	196
鶂	19	196
鶃	19	196
鶄	19	196
鶅	19	196
鶆	19	196
鶇	19	196
鶈	19	196
鶉	19	196
鶊	19	196
鶋	19	196
鶌	19	196
鶍	19	196
鶎	19	196
鶏	19	196
鶐	19	196
鶑	19	196
鶒	20	196
鶓	19	196
鶔	20	196
鶕	20	196
鶖	20	196
鶗	20	196
鶘	20	196
鶙	20	196
鶚	20	196
鶛	20	196
鶜	19	196
鶝	20	196
鶞	20	196
鶟	20	196
鶠	20	196
鶡	20	196
鶢	20	196
鶣	20	196
鶤	20	196
鶥	20	196
鶦	20	196
鶧	19	196
鶨	20	196
鶩	20	196
鶪	20	196
鶫	20	196
鶬	21	196
鶭	21	196
鶮	21	196
鶯	21	196
鶰	21	196
鶱	21	196
鶲	21	196
鶳	21	196
鶴	21	196
鶵	21	196
鶶	21	196
鶷	21	196
鶸	21	196
鶹	21	196
鶺	21	196
鶻	20	196
鶼	21	196
鶽	21	196
鶾	21	196
鶿	20	196
鷀	20	196
鷁	21	196
鷂	21	196
鷃	21	196
鷄	21	196
鷅	21	196
鷆	21	196
鷇	21	196
鷈	21	196
鷉	21	196
鷊	21	196
鷋	21	196
鷌	21	196
鷍	21	196
鷎	21	196
鷏	21	196
鷐	22	196
鷑	22	196
鷒	22	196
鷓	22	196
鷔	21	196
鷕	22	196
鷖	22	196
鷗	22	196
鷘	22	196
鷙	22	196
鷚	22	196
鷛	22	196
鷜	22	196
鷝	21	196
鷞	22	196
鷟	22	196
鷠	22	195
鷡	23	196
鷢	23	196
鷣	23	196
鷤	23	196
鷥	23	196
鷦	23	196
鷧	23	196
鷨	21	196
鷩	22	196
鷪	23	196
鷫	24	196
鷬	22	196
鷭	23	196
鷮	23	196
鷯	23	196
鷰	23	196
鷱	23	196
鷲	23	196
鷳	23	196
鷴	23	196
鷵	22	196
鷶	23	196
鷷	23	196
鷸	23	196
鷹	24	196
鷺	24	196
鷻	23	196
鷼	23	196
鷽	24	196
鷾	24	196
鷿	24	196
鸀	24	196
鸁	24	196
鸂	24	196
鸃	24	196
鸄	24	196
鸅	24	196
鸆	24	196
鸇	24	196
鸈	24	196
鸉	24	196
鸊	24	196
鸋	25	196
鸌	24	196
鸍	25	196
鸎	25	196
鸏	24	196
鸐	25	196
鸑	25	196
鸒	24	196
鸓	26	196
鸔	26	196
鸕	27	196
鸖	27	196
鸗	27	196
鸘	28	196
鸙	28	196
鸚	28	196
鸛	28	196
鸜	29	196
鸝	30	196
鸞	30	196
鸟	5	196
鸠	7	196
鸡	7	196
鸢	8	196
鸣	8	196
鸤	8	196
鸥	9	196
鸦	9	196
鸧	9	196
鸨	9	196
鸩	9	196
鸪	10	196
鸫	10	196
鸬	10	196
鸭	10	196
鸮	10	196
鸯	10	196
鸰	10	196
鸱	10	196
鸲	10	196
鸳	10	196
鸴	10	196
鸵	10	196
鸶	10	196
鸷	11	196
鸸	11	196
鸹	11	196
鸺	11	196
鸻	11	196
鸼	11	196
鸽	11	196
鸾	11	196
鸿	11	196
鹀	12	196
鹁	12	196
鹂	12	196
鹃	12	196
鹄	12	196
鹅	12	196
鹆	12	196
鹇	12	196
鹈	12	196
鹉	13	196
鹊	13	196
鹋	13	196
鹌	13	196
鹍	13	196
鹎	13	196
鹏	13	196
鹐	13	196
鹑	13	196
鹒	13	196
鹓	13	196
鹔	13	196
鹕	14	196
鹖	14	196
鹗	14	196
鹘	14	196
鹙	14	196
鹚	14	196
鹛	14	196
鹜	14	196
鹝	15	196
鹞	15	196
鹟	15	196
鹠	15	196
鹡	15	196
鹢	15	196
鹣	15	196
鹤	15	196
鹥	16	196
鹦	16	196
鹧	16	196
鹨	16	196
鹩	17	196
鹪	17	196
鹫	17	196
鹬	17	196
鹭	18	196
鹮	18	196
鹯	18	196
鹰	18	196
鹱	18	196
鹲	18	196
鹳	22	196
鹴	22	196
鹵	11	197
鹶	15	197
鹷	16	197
鹸	19	197
鹹	20	197
鹺	20	197
鹻	21	197
鹼	24	197
鹽	24	197
鹾	16	197
鹿	11	198
麀	13	198
麁	13	198
麂	13	198
麃	15	198
麄	15	198
麅	16	198
麆	16	198
麇	16	198
麈	16	198
麉	17	198
麊	17	198
麋	17	198
麌	18	198
麍	18	198
麎	18	198
麏	18	198
麐	18	198
麑	19	198
麒	19	198
麓	19	198
麔	19	198
麕	19	198
麖	19	198
麗	19	198
麘	20	198
麙	20	198
麚	20	198
麛	20	198
麜	21	198
麝	21	198
麞	22	198
麟	23	198
麠	24	198
麡	25	198
麢	28	198
麣	30	198
麤	33	198
麥	11	199
麦	7	199
麧	14	199
麨	15	199
麩	15	199
麪	15	199
麫	15	199
麬	16	199
麭	16	199
麮	16	199
麯	17	199
麰	17	199
麱	18	199
麲	18	199
麳	19	199
麴	19	199
麵	20	199
麶	21	199
麷	29	199
麸	11	199
麹	15	199
麺	16	199
麻	11	200
麼	14	200
麽	14	200
麾	15	200
麿	17	200
黀	19	200
黁	20	200
黂	23	200
黃	12	201
黄	11	201
黅	15	201
黆	15	201
黇	16	201
黈	16	201
黉	16	201
黊	17	201
黋	17	201
黌	24	201
黍	12	202
黎	15	202
黏	17	202
黐	22	202
黑	12	203
黒	11	203
黓	15	203
黔	16	203
黕	16	203
黖	16	203
黗	16	203
默	16	203
黙	15	86
黚	17	203
黛	17	203
黜	17	203
黝	17	203
點	17	203
黟	18	203
黠	18	203
黡	18	203
黢	19	203
黣	19	203
黤	20	203
黥	20	203
黦	20	203
黧	20	203
黨	20	203
黩	20	203
黪	20	203
黫	21	203
黬	21	203
黭	21	203
黮	21	203
黯	21	203
黰	22	203
黱	22	203
黲	23	203
黳	23	203
黴	23	203
黵	25	203
黶	26	203
黷	27	203
黸	28	203
黹	12	204
黺	16	204
黻	17	204
黼	19	204
黽	13	205
黾	8	205
黿	17	205
鼀	18	205
鼁	18	205
鼂	18	205
鼃	19	205
鼄	19	205
鼅	21	205
鼆	23	205
鼇	23	205
鼈	24	205
鼉	25	205
鼊	26	205
鼋	12	205
鼌	13	205
鼍	20	205
鼎	12	206
鼏	14	206
鼐	14	206
鼑	14	206
鼒	15	206
鼓	13	207
鼔	13	207
鼕	18	207
鼖	18	207
鼗	19	207
鼘	22	207
鼙	21	207
鼚	21	207
鼛	21	207
鼜	22	207
鼝	25	207
鼞	24	207
鼟	25	207
鼠	13	208
鼡	8	208
鼢	17	208
鼣	17	208
鼤	17	208
鼥	18	208
鼦	18	208
鼧	18	208
鼨	18	208
鼩	18	208
鼪	18	208
鼫	18	208
鼬	18	208
鼭	19	208
鼮	19	208
鼯	20	208
鼰	20	208
鼱	21	208
鼲	22	208
鼳	22	208
鼴	22	208
鼵	22	208
鼶	23	208
鼷	23	208
鼸	23	208
鼹	23	208
鼺	28	208
鼻	14	209
鼼	16	209
鼽	16	209
鼾	17	209
鼿	17	209
齀	18	209
齁	19	209
齂	22	209
齃	23	209
齄	23	209
齅	24	209
齆	24	209
齇	25	209
齈	27	209
齉	36	209
齊	14	210
齋	17	210
齌	18	210
齍	19	210
齎	21	210
齏	23	210
齐	6	210
齑	15	210
齒	15	211
齓	16	211
齔	17	211
齕	18	211
齖	19	211
齗	19	211
齘	19	211
齙	20	211
齚	20	211
齛	20	211
齜	21	211
齝	20	211
齞	20	211
齟	20	211
齠	20	211
齡	20	211
齢	17	211
齣	20	211
齤	21	211
齥	21	211
齦	21	211
齧	21	211
齨	21	211
齩	21	211
齪	22	211
齫	22	211
齬	22	211
齭	23	211
齮	23	211
齯	23	211
齰	23	211
齱	23	211
齲	24	211
齳	24	211
齴	24	211
齵	24	211
齶	24	211
齷	24	211
齸	25	211
齹	24	211
齺	25	211
齻	25	211
齼	28	211
齽	28	211
齾	35	211
齿	8	211
龀	10	211
龁	11	211
龂	12	211
龃	13	211
龄	13	211
龅	13	211
龆	13	211
龇	14	211
龈	14	211
龉	15	211
龊	15	211
龋	17	211
龌	17	211
龍	16	212
龎	18	212
龏	19	212
龐	19	53
龑	20	212
龒	21	212
龓	22	212
龔	22	212
龕	22	212
龖	32	212
龗	33	212
龘	48	212
龙	5	212
龚	11	212
龛	11	212
龜	17	213
龝	22	213
龞	28	213
龟	7	213
龠	17	214
龡	21	214
龢	22	214
龣	25	214
龤	26	214
龥	26	214
龦	15	86
龧	16	72
龨	10	22
龩	17	140
龪	9	156
龫	12	159
龬	16	167
龭	21	187
龮	27	187
龯	13	167
龰	4	77
龱	5	31
龲	18	167
龳	16	32
龴	2	5
龵	3	64
龶	4	32
龷	5	140
龸	5	42
龹	6	12
龺	8	24
龻	19	149
龼	17	32
龽	15	86
龾	13	107
龿	11	140
鿀	21	140
鿁	13	149
鿂	18	159
鿃	12	109
鿄	10	75
鿅	17	113
鿆	8	113
鿇	8	9
鿈	7	60
鿉	7	60
鿊	11	140
鿋	17	145
鿌	12	85
鿍	9	32
鿎	11	112
鿏	12	167
鿐	21	195
鿑	7	15
鿒	9	140
鿓	12	140
鿔	15	167
鿕	12	195
鿖	7	1
鿗	9	1
鿘	12	9
鿙	13	9
鿚	16	9
鿛	24	15
鿜	22	64
鿝	27	75
鿞	20	78
鿟	12	115
鿠	21	115
鿡	33	122
鿢	14	128
鿣	15	128
鿤	18	128
鿥	22	138
鿦	23	140
鿧	25	170
鿨	27	173
鿩	29	195
鿪	17	86
鿫	16	84
鿬	10	112
鿭	10	167
鿮	13	53
鿯	16	119
鿰	15	85
鿱	8	96
鿲	14	151
鿳	22	195
鿴	13	195
鿵	15	195
鿶	15	195
鿷	17	195
鿸	19	195
鿹	19	195
鿺	12	196
鿻	18	208
鿼	18	208
鿽	13	30
鿾	12	32
鿿	14	85
